campaign_id,bank_name,campaign_name,category,campaign_type,linked_product_type,main_benefit,target_audience,installment,maturity,pricing,financing_amount,discount_cashback,reward,points,min_spend,max_benefit,min_transaction,max_transaction,start_date,end_date,expense_status,conditions_summary,source_url,source_checked_at,verification_status
42,Albaraka Türk,Taksitlio.com Alışveriş Finansmanı,Alışveriş Finansmanı,finance_campaign,Alışveriş Finansmanı,6 ay vade,,,6 ay,"%2,99",,,,,,,,,2026-01-01,2026-12-31,Masraf bilgisi mevcut,"Albaraka Mobil Mobil Bankacılık Aç Taksitlio.com Alışveriş Finansmanı Kampanya Başlangıç ve Bitiş 01.01.2026 - 31.12.2026 Müşteri Ol Müşteri Ol Albaraka Türk ve Taksitlio.com İş Birliği ile İhtiyaçlarınızı Ertelemeden Avantajlı Alışveriş Finansmanı Fırsatı! Türkiye’de katılım bankacılığının öncüsü Albaraka Türk olarak, finansal çözümlerimizi hayatınızın her alanına ulaştırma misyonumuz çerçevesinde çalışmalarımızı sürdürüyoruz. Bu kapsamda, Türkiye'nin önde gelen fiziksel perakende noktalarını bir araya getiren Taksitlio.com ile gerçekleştirdiğimiz güçlü iş birliği sayesinde, alışverişlerinizi kolaylıkla finanse etme imkânı sunuyoruz. Kredi kartı limitlerine takılma endişesi yaşamadan, nakit paranızı kullanma z",https://albaraka.com.tr/tr/kampanyalar/detay/taksitliocom-alisveris-finansmani,2026-08-10T11:17:32+00:00,official_source_date_gated
7,Albaraka Türk,Albaraka\u0027da Masraflara Son!,Diğer Kampanya,other_campaign,,Albaraka Mobil Mobil Bankacılık Aç Albaraka'da Masraflara Son! Kampanya Başlangıç ve Bitiş 01.01.2020 - 31.12.2026 Albaraka Türk olarak dijitalleşen dünyada müşterilerimizin finans,,,,,,,,,,,,,2020-01-01,2026-12-31,,"Albaraka Mobil Mobil Bankacılık Aç Albaraka'da Masraflara Son! Kampanya Başlangıç ve Bitiş 01.01.2020 - 31.12.2026 Albaraka Türk olarak dijitalleşen dünyada müşterilerimizin finansal ihtiyaçlarına çözüm üretmenin tutkusuyla masrafsız bir bankacılık sunuyoruz. Siz de görüntülü görüşme ile hemen Albarakalı olabilir, mobil şube ve internet şube üzerinden işlemlerinizi gerçekleştirebilir, masrafsız bankacılığın keyfini çıkarabilirsiniz. Müşteri Ol Masrafsız Hesap Albaraka Türk’te açılacak TL, Döviz veya Altın tüm cari ve katılma hesaplarından hiçbir koşul gerektirmeksizin hesap işletim ücreti tahsil edilmeyecektir. Masrafsız Para Transferi Albaraka Mobil, İnternet Şube ve Albaraka ATM’lerinde yurt içi bankalar aras",https://albaraka.com.tr/tr/kampanyalar/detay/albarakada-masraflara-son,2026-08-10T11:17:32+00:00,official_source_date_gated
19,Albaraka Türk,Emekli Promosyon 2026,Diğer Kampanya,other_campaign,,30.000 TL ödül,Maaş Müşterileri,,,,,,30.000 TL ödül,,,8.600 TL,10.000 TL,14.999 TL,2026-08-01,2026-08-31,,"Albaraka Mobil Mobil Bankacılık Aç Emekli Promosyon 2026 | 30.000 TL'ye Varan Ödül! Kampanya Başlangıç ve Bitiş 01.08.2026 - 31.08.2026 Müşteri Ol Müşteri Ol 01 Temmuz - 31 Temmuz 2026 tarihleri arasında emekli maaşını Albaraka’ya taşıyan müşterilerimize 20.000 TL 'ye varan promosyon ve 10.000 TL ’ ye varan ödül kazanma fırsatı! Emekli maaşını bankamızdan alan müşterilerimiz, 2 otomatik fatura ödeme talimatı vermesi durumunda promosyona ek 1.400 TL ödül kazanacaktır. Müşterilerimizin bankamıza referans olarak yönlendirdikleri her bir yeni emekli maaş müşterisi için 1.075 TL , toplamda 8.600 TL ödül verilecektir. Emekliye Promosyon Kampanyasına Özel Diğer Avantajlar Emekli müşterilerimiz Yapı Kredi ATM’lerinden",https://albaraka.com.tr/tr/kampanyalar/detay/emekli-promosyon-kampanyasi,2026-08-10T11:17:32+00:00,official_source_date_gated
24,Albaraka Türk,Hızlı Döviz İşlemleri Yanınızda!,Diğer Kampanya,other_campaign,,Albaraka Mobil Mobil Bankacılık Aç Hızlı Döviz İşlemleri Yanınızda!,,,,,,,,,,,,,2026-07-01,2026-12-31,,"Albaraka Mobil Mobil Bankacılık Aç Hızlı Döviz İşlemleri Yanınızda! Kampanya Başlangıç ve Bitiş 01.07.2026 - 31.12.2026 Albaraka Mobil Albaraka Mobil Piyasa hareketliliğini anlık takip edin, döviz işlemlerinizi saniyeler içinde, şubeye gitmenize gerek kalmadan güvenle gerçekleştirin. Albaraka Mobil ile döviz dünyası artık parmaklarınızın ucunda! Detaylar Anlık Döviz Kurları: Güncel döviz kurlarını anlık olarak takip edin. Avantajlı Kurlar: Altın, gümüş ve döviz işlemlerinde dar makas avantajı hafta içi 24 saat Albaraka Mobil Hızlı Döviz İşlemleri'nde! Hemen avantajlı kurlarla hızlı ve kolay işlem yapın. Hızlı Alım-Satım: Döviz alış ve satış işlemlerinizi tek tıkla, hızlıca tamamlayın. 5/24 Erişim: Döviz işlemle",https://albaraka.com.tr/tr/kampanyalar/detay/hizli-doviz-islemleri-yaninizda,2026-08-10T11:17:32+00:00,official_source_date_gated
399,Albaraka Türk,Kahve Keyfiniz Albaraka’dan!,Diğer Kampanya,other_campaign,,Albaraka Mobil Mobil Bankacılık Aç Kahve Keyfiniz Albaraka’dan! Kampanya Başlangıç ve Bitiş 01.08.2026 - 31.08.2026 Müşteri Ol Müşteri Ol Espressolab’de Elmas ve Platin müşterileri,,,,,,,,,,,,,2026-08-01,2026-08-31,,"Albaraka Mobil Mobil Bankacılık Aç Kahve Keyfiniz Albaraka’dan! Kampanya Başlangıç ve Bitiş 01.08.2026 - 31.08.2026 Müşteri Ol Müşteri Ol Espressolab’de Elmas ve Platin müşterilerimize özel haftada 1 kahve hediyesi! Kampanyaya Katılım Adımları: Albaraka Mobil’e giriş yapın, Kampanyalar> ”Kahve Keyfiniz Albaraka’dan!” kampanyası ‘Kod Al’ butonuna tıklayın, Espressolab mobil uygulaması indirin, ana sayfada yer alan ""QR Okut"" butonuna tıklayın, “Promosyon Kodu” alanına Albaraka Mobil’den aldığınız kodu girin, “Tebrikler” notu ile birlikte oluşturduğunuz QR kodu kasadaki görevliye göstererek hediye kahvenizi alın. Kampanya Başlangıç ve Bitiş Tarihi: Kampanya 1-31 Ağustos 2026 tarihlerinde geçerlidir. Kampanya Detay",https://albaraka.com.tr/tr/kampanyalar/detay/kahve-keyfiniz-albarakadan-1,2026-08-10T11:17:32+00:00,official_source_date_gated
45,Albaraka Türk,Trend 4 GB İnternet Kampanyası,Diğer Kampanya,other_campaign,,Albaraka Mobil Mobil Bankacılık Aç Trend 4 GB İnternet Kampanyası Kampanya Başlangıç ve Bitiş 01.11.2025 - 31.10.2026 Neye ihtiyacın olduğunu en iyi Albaraka Türk bilir!,Kart Sahipleri,,,,,,,,750 TL,750 TL,,,2025-11-01,2026-10-31,,"Albaraka Mobil Mobil Bankacılık Aç Trend 4 GB İnternet Kampanyası Kampanya Başlangıç ve Bitiş 01.11.2025 - 31.10.2026 Neye ihtiyacın olduğunu en iyi Albaraka Türk bilir! Alışverişlerinde Trend Kredi Kartı’nı kullan, internet paketi hediyeni kap! Hem de bir kere değil, her ay kazanabilirsin! Trend Kredi Kartın ile ayda 750 TL ve üzeri harcama yap, bir hafta geçerli 4 GB internet senin olsun. Fırsattan yararlanmak için aşağıdaki adımları izlemen yeterli: Aylık dönem içerisinde, toplamda 750 TL ve üzerinde harcama yap. Bir sonraki ay, ayın 5’inden sonra Albaraka Mobil > Kampanyalar kısmından 4 GB internet kodunu oluştur. Oluşturduğun kodu 6610’a gönder, 1 hafta geçerli 4 GB internet hattına tanımlansın. Bu adımlar",https://albaraka.com.tr/tr/kampanyalar/detay/trend-4-gb-internet-kampanyasi,2026-08-10T11:17:32+00:00,official_source_date_gated
3,Albaraka Türk,albaFX’te Karma Düzey 1 Ücretsiz!,Diğer Kampanya,other_campaign,,Albaraka Mobil Mobil Bankacılık Aç albaFX’te Karma Düzey 1 Ücretsiz!,,,,,,,,,,,,,2026-02-18,2026-12-31,,"Albaraka Mobil Mobil Bankacılık Aç albaFX’te Karma Düzey 1 Ücretsiz! Kampanya Başlangıç ve Bitiş 18.02.2026 - 31.12.2026 Müşteri Ol Müşteri Ol Piyasa hareketli ise, siz bir adım önde olun! Profesyonel yatırım araçları artık cebinizde. Detaylar Siz de hemen albaFX indirin, Canlı fiyat izleme, Teknik analiz araçları, Ekonomik takvim, Yapay zekâ destekli araştırma raporlarına hiçbir ücret ödemeden erişin! Masraf ve Ücretler Hakkında Hatırlatma Sermaye Piyasası Kanunu gereği, sermaye piyasası araçlarının fiziken ihraç ve saklamasının yapıldığı ve bunlara ilişkin hakların senede bağlı olduğu sistem terk edilerek kaydi saklama sistemine geçilmiştir. Bu çerçevede, Sermaye Piyasası Kurulu (SPK) kararı gereği kaydileşme",https://albaraka.com.tr/tr/kampanyalar/detay/albafx-karma-duzey-1,2026-08-10T11:17:32+00:00,official_source_date_gated
8,Albaraka Türk,Ücretsiz İSPARK Otopark Kampanyası,Diğer Kampanya,other_campaign,,Albaraka Mobil Mobil Bankacılık Aç Ücretsiz İSPARK Otopark Kampanyası | Albarakalılara Özel Kampanya Başlangıç ve Bitiş 01.01.2026 - 31.12.2026 Albaraka Mobil Albaraka Mobil Ücrets,Bireysel Müşteriler,,,,,,,,,,,,2026-01-01,2026-12-31,,"Albaraka Mobil Mobil Bankacılık Aç Ücretsiz İSPARK Otopark Kampanyası | Albarakalılara Özel Kampanya Başlangıç ve Bitiş 01.01.2026 - 31.12.2026 Albaraka Mobil Albaraka Mobil Ücretsiz İSPARK Otopark kampanyası ile Albaraka Türk, hayatınızı kolaylaştırmaya devam ediyor. Albaraka Türk müşterisi olup, kampanya şartlarını sağlayan müşterilerimize İSPARK’ta aylık 2 defa ücretsiz park kullanım fırsatı sunuyoruz! Albaraka müşterisi değilseniz, siz de Albaraka Mobil’de yer alan “Müşteri Olmak İstiyorum” butonuna tıklayarak görüntülü görüşme ile hemen müşterimiz olun, kampanyalarımızdan ve daha birçok ayrıcalıktan yararlanın. İSPARK Kampanyasına Katılım Adımları Kampanya şartlarını sağlayan Müşterilerimiz, Albaraka Mobil",https://albaraka.com.tr/tr/kampanyalar/detay/albarakalilara-ozel-ucretsiz-ispark-kampanyasi-1,2026-08-10T11:17:32+00:00,official_source_date_gated
36,Albaraka Türk,Payını Sen Seç Finansmanı,Esnek Ödeme Finansmanı,finance_campaign,Esnek Ödeme Finansmanı,Albaraka Mobil Mobil Bankacılık Aç Payını Sen Seç Finansmanı Kampanya Başlangıç ve Bitiş 31.07.2026 - 31.12.2026 “Payını Sen Seç” Finansman Modeli ile Ödemelerini Kendi İsteğine Gö,,,,,,,,,,,,,2026-07-31,2026-12-31,,"Albaraka Mobil Mobil Bankacılık Aç Payını Sen Seç Finansmanı Kampanya Başlangıç ve Bitiş 31.07.2026 - 31.12.2026 “Payını Sen Seç” Finansman Modeli ile Ödemelerini Kendi İsteğine Göre Şekillendir! Size En Yakın Şube Yeni “Payını Sen Seç” finansman modeliyle, konut, taşıt ve bireysel ihtiyaçlarınız için kullanacağınız finansmanda size en uygun ödeme planını kendiniz belirleyebilirsiniz. Bu modelde; taksit tutarınıza ek olarak seçeceğiniz peşinat sayesinde, • Daha düşük kâr oranı , • Daha avantajlı toplam geri ödeme , • Daha esnek bir finansman süreci elde edersiniz. Kısacası; ne kadar peşinat ödemek isterseniz, kâr oranınız o kadar düşer ve finansman süreciniz daha avantajlı hale gelir. Konut ve taşıt finansmanla",https://albaraka.com.tr/tr/kampanyalar/detay/payini-sen-sec-finansmani,2026-08-10T11:17:32+00:00,official_source_date_gated
1,Albaraka Türk,8 Taksit Fırsatıyla KASKO Zamanı!,Kart / Taksit Kampanyası,card_campaign,,8 taksit,Bireysel Müşteriler,8 taksit,,,,,,,,,,,2026-03-01,2026-12-31,,"Albaraka Mobil Mobil Bankacılık Aç 8 Taksit Fırsatıyla KASKO Zamanı! Kampanya Başlangıç ve Bitiş 01.03.2026 - 31.12.2026 Albaraka Mobil Albaraka Mobil Albaraka Mobil üzerinden gerçekleştireceğiniz Kasko sigortası işlemlerinize özel 8 taksit fırsatı! Kampanyaya Katılmak İçin: Albaraka Mobil’e giriş yapın, İşlem > Sigorta İşlemleri alanından Kasko için başvuru yapın, 8 Taksite varan fırsatla Kasko'nuzu yaptırın. Kampanya Başlangıç ve Bitiş Tarihi: Kampanya 1 Mart 2026 – 31 Aralık 2026 tarihlerinde geçerlidir. Kampanyadan Kimler Faydalanabilir? Kampanyadan 1 Mart 2026 – 31 Aralık 2026 tarihleri arasında Albaraka Mobil’den “Sigorta İşlemleri” alanından Kasko sigorta alımı gerçekleştiren müşteriler faydalanabilir. K",https://albaraka.com.tr/tr/kampanyalar/detay/8-taksit-firsatiyla-kasko-zamani-3,2026-08-10T11:17:32+00:00,official_source_date_gated
53,Albaraka Türk,Amazon.com.tr Harcamalarınızda World’e Özel 6 Taksit Fırsatı!,Kart / Taksit Kampanyası,card_campaign,,6 taksit,Kart Sahipleri,6 taksit,,,,,,,6.000 TL,,,,2026-07-01,2026-08-31,,"Albaraka Mobil Mobil Bankacılık Aç Amazon.com.tr Harcamalarınızda World’e Özel 6 Taksit Fırsatı! Müşteri Ol Müşteri Ol Amazon.com.tr harcamalarınızda 31 Ağustos 2026 tarihine kadar World'e özel 6 taksit fırsatını kaçırmayın. Sepet tutarına göre taksit sayısı değişiklik göstermekte olup, 6.000 TL üzeri alışverişlerinizde World’e özel 6 taksit fırsatından yararlanabilirsiniz. Seçili ürünlerde taksitlendirme tutarı değişiklik gösterebilir. Kampanya Başlangıç ve Bitiş Tarihi: Kampanya 1 Temmuz 2026 – 31 Ağustos 2026 tarihlerinde geçerlidir. Kampanyadan Kimler Faydalanabilir? Albaraka World özellikli kredi kartını kullanarak ilgili koşullarda harcama yapan müşteriler yararlanabilir. Kampanyaya Albaraka Bireysel Worl",https://albaraka.com.tr/tr/world-dunyasi/detay/amazoncomtr-harcamalarinizda-worlde-ozel-6-taksit-firsati,2026-08-10T11:17:32+00:00,official_source_date_gated
55,Albaraka Türk,BAUHAUS Harcamalarınızda World’e Özel 3 Taksit Fırsatı!,Kart / Taksit Kampanyası,card_campaign,,3 taksit,Kart Sahipleri,3 taksit,,,,,,,2.500 TL,,,,2026-07-01,2026-08-31,,Albaraka Mobil Mobil Bankacılık Aç BAUHAUS Harcamalarınızda World’e Özel 3 Taksit Fırsatı! Müşteri Ol Müşteri Ol BAUHAUS'ta 2.500 TL ve üzeri alışverişlerinizde 31 Ağustos 2026 tarihine kadar World’e özel 3 taksit fırsatını kaçırmayın. Kampanya Başlangıç ve Bitiş Tarihi: Kampanya 1 Temmuz 2026 – 31 Ağustos 2026 tarihlerinde geçerlidir. Kampanyadan Kimler Faydalanabilir? Albaraka World özellikli kredi kartını kullanarak ilgili koşullarda harcama yapan müşteriler yararlanabilir. Kampanyaya Albaraka Bireysel Worldcard'lar dahildir. Kampanyaya Mastercard Gold Standart ve Business kartlar dahil değildir. Kampanyadan yalnızca bireysel bankacılık hizmeti verdiğimiz müşterilerimiz faydalanabilir. Ek Kampanya Detayları,https://albaraka.com.tr/tr/world-dunyasi/detay/bauhaus-harcamalarinizda-worlde-ozel-3-taksit-firsati,2026-08-10T11:17:32+00:00,official_source_date_gated
56,Albaraka Türk,Beymen Club Harcamalarınızda World’e Özel 6 Taksit Fırsatı!,Kart / Taksit Kampanyası,card_campaign,,6 taksit,Kart Sahipleri,6 taksit,,,,,,,,,,,2026-06-01,2026-12-31,,Albaraka Mobil Mobil Bankacılık Aç Beymen Club Harcamalarınızda World’e Özel 6 Taksit Fırsatı! Müşteri Ol Müşteri Ol Beymen Club harcamalarınızda 31 Aralık 2026 tarihine kadar World'e özel 6 taksit fırsatını kaçırmayın. Kampanya Başlangıç ve Bitiş Tarihi: Kampanya 1 Haziran 2026 – 31 Aralık 2026 tarihlerinde geçerlidir. Kampanyadan Kimler Faydalanabilir? Albaraka World özellikli kredi kartını kullanarak ilgili koşullarda harcama yapan müşteriler yararlanabilir. Kampanyaya Albaraka Bireysel Worldcard'lar dahildir. Kampanyaya Mastercard Gold Standart ve Business kartlar dahil değildir. Kampanyadan yalnızca bireysel bankacılık hizmeti verdiğimiz müşterilerimiz faydalanabilir. Ek Kampanya Detayları: Birden fazla ür,https://albaraka.com.tr/tr/world-dunyasi/detay/beymen-club-harcamalarinizda-worlde-ozel-6-taksit-firsati,2026-08-10T11:17:32+00:00,official_source_date_gated
58,Albaraka Türk,Civil Harcamalarınızda World’e Özel 6 Taksit Fırsatı!,Kart / Taksit Kampanyası,card_campaign,,6 taksit,Kart Sahipleri,6 taksit,,,,,,,,,,,2026-05-01,2026-12-31,,Albaraka Mobil Mobil Bankacılık Aç Civil Harcamalarınızda World’e Özel 6 Taksit Fırsatı! Müşteri Ol Müşteri Ol Civil Harcamalarınızda 31 Aralık 2026 tarihine kadar World'e özel 6 taksit fırsatını kaçırmayın. Kampanya Başlangıç ve Bitiş Tarihi: Kampanya 1 Mayıs 2026 – 31 Aralık 2026 tarihlerinde geçerlidir. Kampanyadan Kimler Faydalanabilir? Albaraka World özellikli kredi kartını kullanarak ilgili koşullarda harcama yapan müşteriler yararlanabilir. Kampanyaya Albaraka Bireysel Worldcard'lar dahildir. Kampanyaya Mastercard Gold Standart ve Business kartlar dahil değildir. Kampanyadan yalnızca bireysel bankacılık hizmeti verdiğimiz müşterilerimiz faydalanabilir. Ek Kampanya Detayları: Birden fazla üründen oluşan s,https://albaraka.com.tr/tr/world-dunyasi/detay/civil-harcamalarinizda-worlde-ozel-6-taksit-firsati,2026-08-10T11:17:32+00:00,official_source_date_gated
59,Albaraka Türk,Continental Harcamalarınızda World’e Özel 6 Taksit Fırsatı!,Kart / Taksit Kampanyası,card_campaign,,6 taksit,Kart Sahipleri,6 taksit,,,,,,,,,,,2026-07-01,2026-08-31,,Albaraka Mobil Mobil Bankacılık Aç Continental Harcamalarınızda World’e Özel 6 Taksit Fırsatı! Müşteri Ol Müşteri Ol Continental harcamalarınızda 31 Ağustos 2026 tarihine kadar World'e özel 6 taksit fırsatını kaçırmayın. Kampanya Başlangıç ve Bitiş Tarihi: Kampanya 1 Temmuz 2026 – 31 Ağustos 2026 tarihlerinde geçerlidir. Kampanyadan Kimler Faydalanabilir? Albaraka World özellikli kredi kartını kullanarak ilgili koşullarda harcama yapan müşteriler yararlanabilir. Kampanyaya Albaraka Bireysel Worldcard'lar dahildir. Kampanyaya Mastercard Gold Standart ve Business kartlar dahil değildir. Kampanyadan yalnızca bireysel bankacılık hizmeti verdiğimiz müşterilerimiz faydalanabilir. Ek Kampanya Detayları: Birden fazla ü,https://albaraka.com.tr/tr/world-dunyasi/detay/continental-harcamalarinizda-worlde-ozel-6-taksit-firsati,2026-08-10T11:17:32+00:00,official_source_date_gated
61,Albaraka Türk,Deichmann Harcamalarınızda World’e Özel 5 Taksit Fırsatı!,Kart / Taksit Kampanyası,card_campaign,,5 taksit,Kart Sahipleri,5 taksit,,,,,,,,,,,2026-05-01,2026-12-31,,Albaraka Mobil Mobil Bankacılık Aç Deichmann Harcamalarınızda World’e Özel 5 Taksit Fırsatı! Müşteri Ol Müşteri Ol Deichmann Mağazalarından yapacağınız harcamalarda 31 Aralık 2026 tarihine kadar World'e özel 5 taksit fırsatını kaçırmayın. Kampanya Başlangıç ve Bitiş Tarihi: Kampanya 1 Mayıs 2026 – 31 Aralık 2026 tarihlerinde geçerlidir. Kampanyadan Kimler Faydalanabilir? Albaraka World özellikli kredi kartını kullanarak ilgili koşullarda harcama yapan müşteriler yararlanabilir. Kampanyaya Albaraka Bireysel Worldcard'lar dahildir. Kampanyaya Mastercard Gold Standart ve Business kartlar dahil değildir. Kampanyadan yalnızca bireysel bankacılık hizmeti verdiğimiz müşterilerimiz faydalanabilir. Ek Kampanya Detayları,https://albaraka.com.tr/tr/world-dunyasi/detay/deichmann-harcamalarinizda-worlde-ozel-5-taksit-firsati,2026-08-10T11:17:32+00:00,official_source_date_gated
18,Albaraka Türk,Eğitim Harcamalarınıza Vade Farksız 6 Taksit Kampanyası,Kart / Taksit Kampanyası,card_campaign,,6 taksit,"Kart Sahipleri,Bireysel Müşteriler",6 taksit,,Vade farksız (%0),,,,,,,,,2026-07-01,2026-09-30,,"Albaraka Mobil Mobil Bankacılık Aç Eğitim Harcamalarınıza Vade Farksız 6 Taksit Kampanyası Kampanya Başlangıç ve Bitiş 01.07.2026 - 30.09.2026 Müşteri Ol Müşteri Ol Albaraka Mobil'de Kampanyalar sayfasından kampanyaya katılım sağlayarak, World kartlarınız ile kampanyaya katıldıktan sonra yapacağınız 30.000 TL- 500.000 TL arası okul ödemelerinize vade farksız 6 taksit fırsatını kaçırmayın! Kampanyaya Katılım Adımları Albaraka Mobil üzerinden ""Eğitim Kampanyası” kampanyası için ""Hemen Katıl"" butonuna tıklayın, 30.000 TL- 500.000 TL arası okul ödemelerinizi Albaraka World özellikli kredi kartınız ile tek çekim olarak gerçekleştirin, Vade farksız 6 taksit fırsatından yararlanın. Kampanya Başlangıç ve Bitiş Tarihi K",https://albaraka.com.tr/tr/kampanyalar/detay/egitim-kampanyasi-1,2026-08-10T11:17:32+00:00,official_source_date_gated
67,Albaraka Türk,Hepsiburada Harcamalarınızda World’e Özel 6 Taksit Fırsatı!,Kart / Taksit Kampanyası,card_campaign,,6 taksit,Kart Sahipleri,6 taksit,,,,,,,6.000 TL,,1.000 TL,6.000 TL,2026-07-01,2026-08-31,,"Albaraka Mobil Mobil Bankacılık Aç Hepsiburada Harcamalarınızda World’e Özel 6 Taksit Fırsatı! Müşteri Ol Müşteri Ol Hepsiburada harcamalarınızda 31 Ağustos 2026 tarihine kadar World'e özel 6 taksit fırsatını kaçırmayın. 1.000 TL – 6.000 TL arası alışverişlerde 3 taksit, 6.000 TL ve üzeri alışverişlerde 6 taksit uygulanmaktadır. Seçili ürünlerde taksitlendirme tutarı değişiklik gösterebilir. Kampanya Başlangıç ve Bitiş Tarihi: Kampanya 1 Temmuz 2026 – 31 Ağustos 2026 tarihlerinde geçerlidir. Kampanyadan Kimler Faydalanabilir? Albaraka World özellikli kredi kartını kullanarak ilgili koşullarda harcama yapan müşteriler yararlanabilir. Kampanyaya Albaraka Bireysel Worldcard'lar dahildir. Kampanyaya Mastercard Gold",https://albaraka.com.tr/tr/world-dunyasi/detay/hepsiburada-harcamalarinizda-worlde-ozel-6-taksit-firsati,2026-08-10T11:17:32+00:00,official_source_date_gated
26,Albaraka Türk,Kampanyaya Katılım Adımları,Kart / Taksit Kampanyası,card_campaign,,4 taksit,"Kart Sahipleri,Bireysel Müşteriler",4 taksit,,Vade farksız (%0),,,,,,,,,2026-06-01,2026-09-30,,"Albaraka Mobil Mobil Bankacılık Aç Kırtasiye Kampanyası Kampanya Başlangıç ve Bitiş 01.06.2026 - 30.09.2026 Albaraka Mobil Albaraka Mobil 1.000 TL- 20.000 TL arası kırtasiye harcamalarınızda vade farksız 4 taksit fırsatını kaçırmayın! Kampanyaya Katılım Adımları: Albaraka Mobil üzerinden ""Kırtasiye Kampanyası” kampanyası için ""Hemen Katıl"" butonuna tıklayın, 1.000 TL- 20.000 TL arası kırtasiye harcamalarınızı Albaraka World özellikli kredi kartınız ile tek çekim olarak gerçekleştirin, Vade farksız 4 taksit fırsatından yararlanın. Kampanya Başlangıç ve Bitiş Tarihi: Kampanya 1 Haziran - 30 Eylül 2026 tarihlerinde geçerlidir. Kampanyadan Kimler Faydalanabilir: Kampanya boyunca Albaraka Mobil’den kampanyaya katılı",https://albaraka.com.tr/tr/kampanyalar/detay/kirtasiye-kampanyasi,2026-08-10T11:17:32+00:00,official_source_date_gated
70,Albaraka Türk,Kiğılı ve Abdullah Kiğılı Harcamalarınızda World’e Özel 6 Taksit Fırsatı!,Kart / Taksit Kampanyası,card_campaign,,6 taksit,Kart Sahipleri,6 taksit,,,,,,,,,,,2026-07-01,2026-12-31,,Albaraka Mobil Mobil Bankacılık Aç Kiğılı ve Abdullah Kiğılı Harcamalarınızda World’e Özel 6 Taksit Fırsatı! Müşteri Ol Müşteri Ol Kiğılı ve Abdullah Kiğılı harcamalarınızda 31 Aralık 2026 tarihine kadar World'e özel 6 taksit fırsatını kaçırmayın. Kampanya Başlangıç ve Bitiş Tarihi: Kampanya 1 Temmuz 2026 – 31 Aralık 2026 tarihlerinde geçerlidir. Kampanyadan Kimler Faydalanabilir? Albaraka World özellikli kredi kartını kullanarak ilgili koşullarda harcama yapan müşteriler yararlanabilir. Kampanyaya Albaraka Bireysel Worldcard'lar dahildir. Kampanyaya Mastercard Gold Standart ve Business kartlar dahil değildir. Kampanyadan yalnızca bireysel bankacılık hizmeti verdiğimiz müşterilerimiz faydalanabilir. Ek Kampanya,https://albaraka.com.tr/tr/world-dunyasi/detay/kigili-ve-abdullah-kigili-harcamalarinizda-worlde-ozel-6-taksit-firsati,2026-08-10T11:17:32+00:00,official_source_date_gated
71,Albaraka Türk,LC Waikiki Harcamalarınızda World’e Özel 6 Taksit Fırsatı!,Kart / Taksit Kampanyası,card_campaign,,6 taksit,Kart Sahipleri,6 taksit,,,,,,,,,,,2026-07-01,2026-12-31,,Albaraka Mobil Mobil Bankacılık Aç LC Waikiki Harcamalarınızda World’e Özel 6 Taksit Fırsatı! Müşteri Ol Müşteri Ol LC Waikiki Harcamalarınızda 31 Aralık 2026 tarihine kadar World'e özel 6 taksit fırsatını kaçırmayın. Kampanya Başlangıç ve Bitiş Tarihi: Kampanya 1 Temmuz 2026 – 31 Aralık 2026 tarihlerinde geçerlidir. Kampanyadan Kimler Faydalanabilir? Albaraka World özellikli kredi kartını kullanarak ilgili koşullarda harcama yapan müşteriler yararlanabilir. Kampanyaya Albaraka Bireysel Worldcard'lar dahildir. Kampanyaya Mastercard Gold Standart ve Business kartlar dahil değildir. Kampanyadan yalnızca bireysel bankacılık hizmeti verdiğimiz müşterilerimiz faydalanabilir. Ek Kampanya Detayları: Birden fazla üründ,https://albaraka.com.tr/tr/world-dunyasi/detay/lc-waikiki-harcamalarinizda-worlde-ozel-6-taksit-firsati,2026-08-10T11:17:32+00:00,official_source_date_gated
28,Albaraka Türk,Limitsiz İMM Sigortasında Vade Farksız 3 Taksit!,Kart / Taksit Kampanyası,card_campaign,,3 taksit,Bireysel Müşteriler,3 taksit,,Vade farksız (%0),,,,,,,,,2026-03-01,2026-12-31,,"Albaraka Mobil Mobil Bankacılık Aç Limitsiz İMM Sigortasında Vade Farksız 3 Taksit! Kampanya Başlangıç ve Bitiş 01.03.2026 - 31.12.2026 Albaraka Mobil Albaraka Mobil Limitsiz İMM Sigortası işlemlerinizde taksit Albaraka’dan! Şimdi siz de Albaraka mobilden yaptıracağınız Limitsiz İMM Sigortası işlemleriniz için vade farksız 3 taksit fırsatını kaçırmayın! Kampanyaya Katılmak İçin: Albaraka Mobil’e giriş yapın, İşlem > Sigorta İşlemleri alanından Limitsiz İMM Sigortası için başvuru yapın, Vade farksız 3 taksit fırsatı ile Limitsiz İMM Sigortanızı yaptırın. Kampanya Başlangıç ve Bitiş Tarihi: Kampanya 1 Mart 2026 – 31 Aralık 2026 tarihlerinde geçerlidir. Kampanyadan Kimler Faydalanabilir? Kampanyadan 1 Mart – 31 Ar",https://albaraka.com.tr/tr/kampanyalar/detay/limitsiz-imm-sigortasinda-vade-farksiz-3-taksit-2,2026-08-10T11:17:32+00:00,official_source_date_gated
76,Albaraka Türk,Opel Yetkili Servislerde World’e Özel 6 Taksit Fırsatı!,Kart / Taksit Kampanyası,card_campaign,,6 taksit,Kart Sahipleri,6 taksit,,,,,,,,,,,2026-06-01,2026-12-31,,Albaraka Mobil Mobil Bankacılık Aç Opel Yetkili Servislerde World’e Özel 6 Taksit Fırsatı! Müşteri Ol Müşteri Ol Opel üye iş yerlerinden yapılacak servis harcamalarında 31 Aralık 2026 tarihine kadar World'e özel 6 taksit fırsatını kaçırmayın. Kampanya Başlangıç ve Bitiş Tarihi: Kampanya 1 Haziran 2026 – 31 Aralık 2026 tarihlerinde geçerlidir. Kampanyadan Kimler Faydalanabilir? Kampanya sadece servis harcamalarında geçerlidir. Albaraka World özellikli kredi kartını kullanarak ilgili koşullarda harcama yapan müşteriler yararlanabilir. Kampanyaya Albaraka Bireysel Worldcard'lar dahildir. Kampanyaya Mastercard Gold Standart ve Business kartlar dahil değildir. Kampanyadan yalnızca bireysel bankacılık hizmeti verdiği,https://albaraka.com.tr/tr/world-dunyasi/detay/opel-yetkili-servislerde-worlde-ozel-6-taksit-firsati,2026-08-10T11:17:32+00:00,official_source_date_gated
407,Albaraka Türk,Sağlık Harcamalarına Vade Farksız 6 Taksit Kampanyası,Kart / Taksit Kampanyası,card_campaign,,6 taksit,Kart Sahipleri,6 taksit,,Vade farksız (%0),,,,,,,,,2026-08-01,2026-08-31,,"Albaraka Mobil Mobil Bankacılık Aç Sağlık Harcamalarına Vade Farksız 6 Taksit Kampanyası Kampanya Başlangıç ve Bitiş 01.08.2026 - 31.08.2026 Albaraka Mobil Albaraka Mobil TROY kredi kartlarınız ile yapacağınız 1.000 TL- 100.000 TL arası sağlık harcamalarınıza vade farksız 6 taksit fırsatı! Kampanya Katılım Adımları Albaraka Mobil üzerinden ""Sağlık Kampanyası” kampanyası için ""Hemen Katıl"" butonuna tıklayın, TROY kredi kartınız ile 1.000 TL- 100.000 TL tutarları arasında kampanyaya dahil MCC kodlarından tek çekim harcamanızı yapın, Kampanyaya katıldıktan sonra, koşullara uygun olan ilk 5 işlem otomatik taksitlendirilsin. Kampanya Başlangıç ve Bitiş Tarihi: Kampanya 1 – 31 Ağustos 2026 tarihlerinde geçerlidir. Ka",https://albaraka.com.tr/tr/kampanyalar/detay/saglik-harcamalarina-vade-farksiz-6-taksit-kampanyasi1-2,2026-08-10T11:17:32+00:00,official_source_date_gated
86,Albaraka Türk,Trendyol Harcamalarınızda World’e Özel 3 Taksit Fırsatı!,Kart / Taksit Kampanyası,card_campaign,,3 taksit,Kart Sahipleri,3 taksit,,,,,,,,,,,2026-07-01,2026-08-31,,Albaraka Mobil Mobil Bankacılık Aç Trendyol Harcamalarınızda World’e Özel 3 Taksit Fırsatı! Müşteri Ol Müşteri Ol Trendyol harcamalarınızda 31 Ağustos 2026 tarihine kadar World'e özel 3 taksit fırsatını kaçırmayın. Seçili ürünlerde taksitlendirme tutarı değişiklik gösterebilir. Kampanya Başlangıç ve Bitiş Tarihi: Kampanya 1 Temmuz 2026 – 31 Ağustos 2026 tarihlerinde geçerlidir. Kampanyadan Kimler Faydalanabilir? Albaraka World özellikli kredi kartını kullanarak ilgili koşullarda harcama yapan müşteriler yararlanabilir. Kampanyaya Albaraka Bireysel Worldcard'lar dahildir. Kampanyaya Mastercard Gold Standart ve Business kartlar dahil değildir. Kampanyadan yalnızca bireysel bankacılık hizmeti verdiğimiz müşteriler,https://albaraka.com.tr/tr/world-dunyasi/detay/trendyol-harcamalarinizda-worlde-ozel-3-taksit-firsati,2026-08-10T11:17:32+00:00,official_source_date_gated
68,Albaraka Türk,İdefix Harcamalarınızda World’e Özel 6 Taksit Fırsatı!,Kart / Taksit Kampanyası,card_campaign,,6 taksit,Kart Sahipleri,6 taksit,,,,,,,,,,,2026-07-01,2026-08-31,,Albaraka Mobil Mobil Bankacılık Aç İdefix Harcamalarınızda World’e Özel 6 Taksit Fırsatı! Müşteri Ol Müşteri Ol İdefix harcamalarınızda 31 Ağustos 2026 tarihine kadar World'e özel 6 taksit fırsatını kaçırmayın. Seçili ürünlerde taksitlendirme tutarı değişiklik gösterebilir. Kampanya Başlangıç ve Bitiş Tarihi: Kampanya 1 Temmuz 2026 – 31 Ağustos 2026 tarihlerinde geçerlidir. Kampanyadan Kimler Faydalanabilir? Albaraka World özellikli kredi kartını kullanarak ilgili koşullarda harcama yapan müşteriler yararlanabilir. Kampanyaya Albaraka Bireysel Worldcard'lar dahildir. Kampanyaya Mastercard Gold Standart ve Business kartlar dahil değildir. Kampanyadan yalnızca bireysel bankacılık hizmeti verdiğimiz müşterilerimiz,https://albaraka.com.tr/tr/world-dunyasi/detay/idefix-harcamalarinizda-worlde-ozel-6-taksit-firsati,2026-08-10T11:17:32+00:00,official_source_date_gated
27,Albaraka Türk,Dijitale Özel Konut ve Taşıt Finansmanı Kampanyası,Konut ve Taşıt Finansmanı,finance_campaign,Konut ve Taşıt Finansmanı,"Albaraka Mobil Mobil Bankacılık Aç Dijitale Özel Konut ve Taşıt Finansmanı Kampanyası Kampanya Başlangıç ve Bitiş 31.07.2026 - 31.08.2026 Müşteri Ol Müşteri Ol Hayalinizdeki Eve, İ",,,,,,,,,,,,,2026-07-31,2026-08-31,,"Albaraka Mobil Mobil Bankacılık Aç Dijitale Özel Konut ve Taşıt Finansmanı Kampanyası Kampanya Başlangıç ve Bitiş 31.07.2026 - 31.08.2026 Müşteri Ol Müşteri Ol Hayalinizdeki Eve, İstediğiniz Araca Şimdi Daha Kolay Ulaşın Yeni bir ev mi alıyorsunuz? Aracınızı yenilemeyi mi düşünüyorsunuz? Size özel avantajlı oranlarla konut ve taşıt finansmanında fırsat zamanı! Konut Finansmanı Ev sahibi olmanın tam zamanı! %2,87 'den başlayan kâr oranları ile bütçenize uygun ödeme planı oluşturun. Hayalinizdeki eve bir adım daha yaklaşın. Detaylı bilgi ve başvurmak için; Jet Finansman Başvuru | Albaraka Türk Katılım Bankası Taşıt Finansmanı Yeni ya da ikinci el araç alımlarında, %3,19 'dan başlayan kâr oranı fırsatı! Aracınızı",https://albaraka.com.tr/tr/kampanyalar/detay/konut-ve-tasit-finansmani-kampanyasi,2026-08-10T11:17:32+00:00,official_source_date_gated
393,Albaraka Türk,Akaryakıt Kampanyası,Puan Kampanyası,points_campaign,,200 puan,Kart Sahipleri,,,,,,,200 puan,1.500 TL,200 TL,,,2026-08-01,2026-08-31,,"Albaraka Mobil Mobil Bankacılık Aç Akaryakıt Kampanyası Kampanya Başlangıç ve Bitiş 01.08.2026 - 31.08.2026 Albaraka Mobil Albaraka Mobil Troy kredi kartı ile yapacağınız akaryakıt harcamalarına özel her 1.500 TL ve üzeri harcamaya 50 TL, toplamda 200 TL Worldpuan kazanın! Kampanyaya Katılım Adımları Albaraka Mobil üzerinden ""Akaryakıt Kampanyası"" için ""Hemen Katıl"" butonuna tıklayın, TROY kredi kartınız ile akaryakıt sektöründe tek seferde yapacağınız her 1.500 TL ve üzeri akaryakıt harcamanıza 50 TL, toplamda 200 TL'ye varan Worldpuan kazanın. Kampanya Başlangıç ve Bitiş Tarihi: Kampanya 1 – 31 Ağustos 2026 tarihlerinde geçerlidir. Kampanyadan Kimler Faydalanabilir: Kampanya boyunca Albaraka Mobil’den kampany",https://albaraka.com.tr/tr/kampanyalar/detay/akaryakit-kampanyasi-troy,2026-08-10T11:17:32+00:00,official_source_date_gated
394,Albaraka Türk,Albaraka ile Geleceğim Güvende!,Puan Kampanyası,points_campaign,,2.000 puan · 2.000 TL ödül,Bireysel Müşteriler,,,,,,2.000 TL,2.000 puan,,2.000 TL,,,2026-08-01,2026-08-31,,"Albaraka Mobil Mobil Bankacılık Aç Albaraka ile Geleceğim Güvende! Kampanya Başlangıç ve Bitiş 01.08.2026 - 31.08.2026 Müşteri Ol Müşteri Ol Şimdi kendiniz ve çocuğunuz için Albaraka Mobil’den yaptıracağınız BES’lerden toplamda 2.000 TL Worldpuan kazanma fırsatı sizlerle. Kampanyaya Katılmak İçin: Albaraka Mobil’e giriş yapın, Kampanyalar bölümünden “Albaraka ile Geleceğim Güvende!” kampanyasına “Hemen Katıl” butonuna tıklayın, İşlem > Sigorta İşlemleri alanından BES ya da Erken BES için başvuru yapın, Yaptırdığınız her BES ve Erken BES için 500 TL, toplamda maksimum 2.000 TL ’ye varan Worldpuan kazanın. Kampanya Başlangıç ve Bitiş Tarihi: Kampanya 1 – 31 Ağustos 2026 tarihlerinde geçerlidir. Kampanyadan Kimler",https://albaraka.com.tr/tr/kampanyalar/detay/albaraka-ile-gelecegim-guvende-10,2026-08-10T11:17:32+00:00,official_source_date_gated
395,Albaraka Türk,Albaraka ile Kazandıran Sigorta!,Puan Kampanyası,points_campaign,,2.000 puan · 2.000 TL ödül,Bireysel Müşteriler,,,,,,2.000 TL,2.000 puan,,2.000 TL,,,2026-08-01,2026-08-31,,"Albaraka Mobil Mobil Bankacılık Aç Albaraka ile Kazandıran Sigorta! Kampanya Başlangıç ve Bitiş 01.08.2026 - 31.08.2026 Müşteri Ol Müşteri Ol Şimdi mobilden yaptıracağınız sigortalarınız için toplam 2.000 TL Worldpuan kazanma fırsatı sizlerle. Albaraka Mobil’den ihtiyacınız olan sigortaları kolayca yaptırın, siz de kazanın! Kampanyaya Katılmak İçin: Albaraka Mobil’e giriş yapın, Kampanyalar bölümünden “Albaraka ile Kazandıran Sigorta!” kampanyasına “Hemen Katıl” butonuna tıklayın, İşlem > Sigorta İşlemleri alanından dilediğiniz sigorta için başvuru yapın, 2000 TL’ye varan Worldpuan kazanma şansı yakalayın Kazanılacak Worldpuan Tutarları: Kasko: 500 TL Zorunlu Trafik Sigortası: 400 TL Limitsiz İMM: 400 TL Konut",https://albaraka.com.tr/tr/kampanyalar/detay/albaraka-ile-kazandiran-sigorta-10,2026-08-10T11:17:32+00:00,official_source_date_gated
397,Albaraka Türk,DASK Sigortasında Worldpuan Fırsatı!,Puan Kampanyası,points_campaign,,3 taksit · 300 puan,Bireysel Müşteriler,3 taksit,,,,,,300 puan,,,,,2026-08-01,2026-08-31,,"Albaraka Mobil Mobil Bankacılık Aç DASK Sigortasında Worldpuan Fırsatı! Kampanya Başlangıç ve Bitiş 01.08.2026 - 31.08.2026 Müşteri Ol Müşteri Ol Siz de Albaraka Mobil’den DASK sigortanızı kolayca yaptırın, evinizi koruma altına alırken Worldpuan ve taksit fırsatlarından yararlanın! Kampanyaya Katılmak İçin: Albaraka Mobil’e giriş yapın, Kampanyalar bölümünden “DASK Sigortasında Worldpuan Fırsatı!” kampanyasına “Hemen Katıl” butonuna tıklayın, İşlem > Sigorta İşlemleri alanından DASK sigortası için başvuru yapın, 300 TL Worldpuan kazanma fırsatını yakalayın. Kampanya Başlangıç ve Bitiş Tarihi: Kampanya 1 – 31 Ağustos 2026 tarihlerinde geçerlidir. Kampanyadan Kimler Faydalanabilir? Kampanyadan 1 – 31 Ağustos 202",https://albaraka.com.tr/tr/kampanyalar/detay/dask-sigortasinda-worldpuan-firsati-2-2,2026-08-10T11:17:32+00:00,official_source_date_gated
51,Albaraka Türk,Davet Nasıl Gönderilir?,Puan Kampanyası,points_campaign,,5.000 puan,,,,,,,,5.000 puan,,5.000 TL,,,2024-04-14,2026-12-31,,"Albaraka Mobil Mobil Bankacılık Aç Yakınını Davet Et Kampanyası Kampanya Başlangıç ve Bitiş 14.04.2024 - 31.12.2026 Albaraka Mobil Albaraka Mobil Albaraka Türk'e müşteri olan her yakınınız için 500 TL, toplamda 5.000 TL'ye varan Worldpuan kazanın! Üstelik davet edilen yakınınınız da 500 TL Worldpuan kazanıyor! Davet Nasıl Gönderilir? Müşteriler, Albaraka Mobil uygulaması üzerinden Profil ve Ayarlar> Yakınını Davet Et> Davet Kodu Paylaş veya Albaraka Mobil Kampanyalar alanında yer alan Yakınını Davet Et kampanyasını kullanarak kendilerine özel üretilen davet kodunu sosyal medya ve ilgili platformlardan (WhatsApp, Facebook, X, SMS, Mail vb.) kolaylıkla paylaşabilirler. Davet Edilen Kişiler; Albaraka Mobil’de “Müş",https://albaraka.com.tr/tr/kampanyalar/detay/yakinini-davet-et-kampanyasi,2026-08-10T11:17:32+00:00,official_source_date_gated
16,Albaraka Türk,Eflatun Kredi Kart ile Kozmetik Harcamalarına 200 TL\u0027ye varan Worldpuan!,Puan Kampanyası,points_campaign,,200 puan,Kart Sahipleri,,,,,,,200 puan,500 TL,200 TL,,,2026-01-01,2026-12-31,,"Albaraka Mobil Mobil Bankacılık Aç Eflatun Kredi Kart ile Kozmetik Harcamalarına 200 TL'ye varan Worldpuan! Kampanya Başlangıç ve Bitiş 01.01.2026 - 31.12.2026 Eflatun Kredi Kart ile Kozmetik Harcamalarına 200 TL'ye varan Worldpuan! Eflatun kredi kartınız ile yapacağınız 500 TL ve üzeri kozmetik harcamalarına 50 TL, toplamda 200 TL Worldpuan kazanma fırsatı sizi bekliyor! Kampanya Detayları: Kampanya kapsamında, Eflatun kredi kart sahibi müşterilerimiz kozmetik sektöründe yapacağı tek seferdeki 500 TL ve üzeri işlemler için 50 TL Worldpuan kazanımı sağlayacaklardır. Müşterilerimiz kampanya kapsamında içinde bulunulan ayda en fazla 200 TL Worldpuan kazanabilirler. Kampanya kapsamına Eflatun kredi kartları dahild",https://albaraka.com.tr/tr/kampanyalar/detay/eflatun-kredi-kart-ile-kozmetik-harcamalarina-200-tlye-varan-worldpuan,2026-08-10T11:17:32+00:00,official_source_date_gated
408,Albaraka Türk,Giyim ve Kozmetik Harcamalarınızda 1.000 TL’ye varan Worldpuan!,Puan Kampanyası,points_campaign,,1.000 puan,"Kart Sahipleri,Bireysel Müşteriler",,,,,,,1.000 puan,3.000 TL,1.000 TL,,,2026-08-01,2026-08-31,,"Albaraka Mobil Mobil Bankacılık Aç Giyim ve Kozmetik Harcamalarınızda 1.000 TL’ye varan Worldpuan! Müşteri Ol Müşteri Ol Giyim ve Kozmetik Harcamalarınızda 1.000 TL’ye varan Worldpuan! Giyim ve kozmetik sektöründe yapacağınız ilk 3.000 TL ve üzeri harcamadan sonraki her 3.000 TL ve üzeri harcamaya 100 TL, toplam 1.000 TL World Puan! Kampanyaya Katılım Adımları: Albaraka Mobil üzerinden "" Giyim ve Kozmetik Harcamalarınızda 1.000 TL’ye varan Worldpuan!’’ kampanyası için ""Hemen Katıl"" butonuna tıklayın. Kampanya Başlangıç ve Bitiş Tarihi: Kampanya 1 Ağustos – 31 Ağustos 2026 tarihlerinde geçerlidir. Kampanya Kimler Faydalanabilir: 1 – 31 Ağustos 2026 tarihleri arasında Albaraka Mobil’den kampanyaya katılıp, Albara",https://albaraka.com.tr/tr/world-dunyasi/detay/giyim-ve-kozmetik-harcamalarinizda-1000-tlye-varan-worldpuan_1,2026-08-10T11:17:32+00:00,official_source_date_gated
22,Albaraka Türk,HGS Talimatınıza 500 TL Worldpuan!,Puan Kampanyası,points_campaign,,500 puan,"Kart Sahipleri,Bireysel Müşteriler",,,,,,,500 puan,,,,,2026-01-01,2026-12-31,,"Albaraka Mobil Mobil Bankacılık Aç HGS Talimatınıza 500 TL Worldpuan! Kampanya Başlangıç ve Bitiş 01.01.2026 - 31.12.2026 Albaraka Mobil Albaraka Mobil HGS ile yollarda beklemeden ödemelerinizi yapın, Worldpuanları kapın! Kampanyaya Katılım Adımları: Albaraka Mobil üzerinden ""HGS Talimatınıza 500 TL Worldpuan!"" kampanyası için ""Hemen Katıl"" butonuna tıklayın. Plaka bilginiz ile Albaraka Mobil üzerinden HGS etiketi başvurusu yapın, Bankamızdan ilk kez alacağınız HGS etiketiniz için otomatik yükleme tipini kredi kartı seçin, 500 TL Worldpuan kazanın! Kampanya Başlangıç ve Bitiş Tarihi: Kampanya 1 Ocak 2026 – 31 Aralık 2026 tarihlerinde geçerlidir. Kampanya Şartları: Kampanya, bankamızdan ilk kez HGS etiketi alaca",https://albaraka.com.tr/tr/kampanyalar/detay/hgs-talimatiniza-500-tl-worldpuan,2026-08-10T11:17:32+00:00,official_source_date_gated
401,Albaraka Türk,Otomatik Fatura Ödeme Talimatlarınıza Toplamda 2.000 TL Worldpuan!,Puan Kampanyası,points_campaign,,2.000 puan,"Kart Sahipleri,Bireysel Müşteriler",,,,,,,2.000 puan,,2.000 TL,,,2026-08-01,2026-08-31,,"Albaraka Mobil Mobil Bankacılık Aç Otomatik Fatura Ödeme Talimatlarınıza Toplamda 2.000 TL Worldpuan! Kampanya Başlangıç ve Bitiş 01.08.2026 - 31.08.2026 Albaraka Mobil Albaraka Mobil Albaraka Mobil üzerinden kredi kartınız ile vereceğiniz her yeni otomatik fatura ödeme talimatınıza 200 TL, toplamda 2.000 TL'ye varan Worldpuan kazanma fırsatı! Kampanyaya Katılım Adımları: Albaraka Mobil üzerinden ""Otomatik Fatura Ödeme Talimatı Kampanyası!” için ""Hemen Katıl"" butonuna tıklayın. Albaraka Mobil üzerinden İşlem → Ödemeler → Otomatik Ödeme Talimatı → Yeni Otomatik Ödeme Talimatı adımlarını takip ederek, talimata konu olacak abone numaranızı girin, otomatik ödeme talimatı tipini kredi kartı seçerek işlemi tamamlayın",https://albaraka.com.tr/tr/kampanyalar/detay/otomatik-fatura-odeme-talimatlariniza-toplamda-2000-tl-worldpuan-12,2026-08-10T11:17:32+00:00,official_source_date_gated
404,Albaraka Türk,QR Kod İle Ödemelerinize Toplamda 300 TL Worldpuan!,Puan Kampanyası,points_campaign,,300 puan,"Kart Sahipleri,Bireysel Müşteriler",,,,,,,300 puan,,300 TL,,,2026-08-01,2026-08-31,,Albaraka Mobil Mobil Bankacılık Aç QR Kod İle Ödemelerinize Toplamda 300 TL Worldpuan! Kampanya Başlangıç ve Bitiş 01.08.2026 - 31.08.2026 Müşteri Ol Müşteri Ol QR Kod ile kartınızı yanınızda taşımanıza gerek kalmadan ödemelerinizi yapabilirsiniz! Bunun için yapmanız gereken çok basit: Ödeme noktasında QR Kod ile ödeme yapmak istediğinizi belirtin. Albaraka Mobil'e giriş yapın ve “İşlem” menüsünden “TR Karekod (QR) İşlemleri” seçin. Menüden “TR Karekod (QR) ile Öde”ı seçin. Telefonunuzun kamerasını POS cihazındaki karekoda yöneltin. QR Kod ile ödeme yapmak işte bu kadar kolay. Hem kart taşımanıza gerek kalmayacak hem de temassız bir şekilde ödemenizi gerçekleştirebileceksiniz. Kampanyaya Katılım Adımları: Albar,https://albaraka.com.tr/tr/kampanyalar/detay/qr-kod-ile-odemelerinize-toplamda-300-tl-worldpuan-6,2026-08-10T11:17:32+00:00,official_source_date_gated
406,Albaraka Türk,Restoran Kampanyası,Puan Kampanyası,points_campaign,,300 puan,"Kart Sahipleri,Bireysel Müşteriler",,,,,,,300 puan,2.000 TL,300 TL,,,2026-08-01,2026-08-31,,"Albaraka Mobil Mobil Bankacılık Aç Restoran Kampanyası Kampanya Başlangıç ve Bitiş 01.08.2026 - 31.08.2026 Albaraka Mobil Albaraka Mobil TROY kredi kartınız ile yapacağınız 2.000 TL ve üzeri her restoran harcamanıza 75 TL, toplamda 300 TL’ye varan Worldpuan hediye! Kampanyaya Katılım Adımları Albaraka Mobil üzerinden “Restoran Kampanyası” kampanyası için ""Hemen Katıl"" butonuna tıklayın, Kampanya dönemi boyunca yapacağınız 2.000 TL ve üzeri restoran harcamanıza 75 TL Worldpuan kazanın. Bir müşteri en fazla 4 işleminden toplam 300 TL Worldpuan kazanabilir. Kampanya Başlangıç ve Bitiş Tarihi: Kampanya 1 – 31 Ağustos 2026 tarihlerinde geçerlidir. Kampanyadan Kimler Faydalanabilir: Kampanya dönemi boyunca Albaraka M",https://albaraka.com.tr/tr/kampanyalar/detay/restoran-kampanyasi-7_1,2026-08-10T11:17:32+00:00,official_source_date_gated
6,Albaraka Türk,Sadakat Program Nedir?,Puan Kampanyası,points_campaign,,%50 indirim/iade · 300 puan,Kart Sahipleri,,,,,%50,,300 puan,,1.000 TL,,,2025-01-01,2026-12-31,,"Albaraka Mobil Mobil Bankacılık Aç Albaraka Sadakat Programı Kampanya Başlangıç ve Bitiş 01.01.2025 - 31.12.2026 Müşteri Ol Müşteri Ol Bankamızla kurduğunuz güçlü bağı ödüllendirmek için sizi özel bir dünyaya davet ediyoruz. Albaraka Sadakat Programı , bankacılık işlemlerinizden kazandığınız puanlarla sadakat seviyenizi yükselttiğiniz, her adımda ayrıcalıklarla dolu bir deneyim sunan yepyeni bir programdır. Sadakat Program Nedir? Her ay size özel olarak tanımlanan görevleri tamamladıkça sadakat puanları kazanırsınız. Ay sonunda elde ettiğiniz toplam puan, hangi sadakat segmentinde yer aldığınızı belirler. Ne kadar çok görevi tamamlarsanız, o kadar yüksek segmentte yer alır ve o segmentin sunduğu özel avantajlar",https://albaraka.com.tr/tr/kampanyalar/detay/albaraka-sadakat-programi,2026-08-10T11:17:32+00:00,official_source_date_gated
409,Albaraka Türk,Seturda 7500 Tlye Varan Worldpuan 3,Puan Kampanyası,points_campaign,,12 taksit · 7.500 puan,"Kart Sahipleri,Bireysel Müşteriler",12 taksit,,,,,,7.500 puan,120.000 TL,7.500 TL,45.000 TL,69.999 TL,2026-08-01,2026-08-31,,"Albaraka Mobil Mobil Bankacılık Aç Setur'da 7.500 TL'ye varan Worldpuan! Müşteri Ol Müşteri Ol Setur’da 7.500 TL'ye varan Worldpuan! Setur’da tatilinizi planlayın, harcamalarınız Worldpuan’a dönüşsün! Setur harcamalarınızda 7.500 TL’ye varan Worldpuan kazanın! Kampanyaya Katılım Adımları: Albaraka Mobil üzerinden "" Setur'da 7.500 TL’ye varan Worldpuan!’’ kampanyası için ""Hemen Katıl"" butonuna tıklayın. Tek seferde yapılacak seçili yurt içi ve Kuzey Kıbrıs otel, yurt dışı tur ve kültür turu rezervasyonlarınızda 45.000 TL - 69.999 TL arası harcamaya 2.500 TL, 70.000 - 119.999 TL arası harcamaya 5.000 TL, 120.000 TL ve üzeri harcamaya 7.500 TL Worldpuan hediye edilecektir. Kampanya setur.com.tr ve Setur Mobil uygu",https://albaraka.com.tr/tr/world-dunyasi/detay/seturda-7500-tlye-varan-worldpuan_3,2026-08-10T11:17:32+00:00,official_source_date_gated
410,Albaraka Türk,Tatilbudurda 7500 Tlye Varan Worldpuan 3,Puan Kampanyası,points_campaign,,12 taksit · %5 indirim/iade · 7.500 puan,"Kart Sahipleri,Bireysel Müşteriler",12 taksit,,,,%5,,7.500 puan,120.000 TL,7.500 TL,45.000 TL,69.999 TL,2026-08-01,2026-08-31,,"Albaraka Mobil Mobil Bankacılık Aç TatilBudur'da 7.500 TL’ye varan Worldpuan! Müşteri Ol Müşteri Ol TatilBudur'da 7.500 TL’ye varan Worldpuan! Tatil planınızı şimdi yapın, Worldpuan’la kazancınızı katlayın! TatilBudur'da 7.500 TL’ye varan Worldpuan kazanın! Kampanyaya Katılım Adımları Albaraka Mobil üzerinden "" TatilBudur'da 7.500 TL’ye varan Worldpuan!’’ kampanyası için ""Hemen Katıl"" butonuna tıklayın. 1-31 Ağustos 2026 tarihleri arasında Tatilbudur.com, TatilBudur mobil uygulaması ,TatilBudur çağrı merkezi ve acenteler üzerinden tek seferde yapılacak peşin, 3 taksitli veya 6 taksitli alışverişlerde seçili yurt içi ve Kuzey Kıbrıs otel, yurt dışı tur rezervasyonlarında geçerli; 45.000 TL-69.999 TL arası harcam",https://albaraka.com.tr/tr/world-dunyasi/detay/tatilbudurda-7500-tlye-varan-worldpuan_3,2026-08-10T11:17:32+00:00,official_source_date_gated
44,Albaraka Türk,Togg Finansmanı,Togg Taşıt Finansmanı,finance_campaign,Togg Taşıt Finansmanı,48 ay vade,Bireysel Müşteriler,,48 ay,,,,,,,,,,,,,"Albaraka Mobil Mobil Bankacılık Aç Togg Finansmanı Size En Yakın Şube Albaraka Türk Togg Finansmanı , yerli ve milli üretimi destekleyen anlayışıyla sıfır (0) km Togg sahibi olmak isteyen müşterilerine avantajlı oranlarla taşıt finansmanı imkanı sunuyor. Size En Yakın Şube Katılım bankacılığı esaslarına uygun bu avantajlı finansmanla, siz de Türkiye’nin otomobiline kolayca sahip olun! Togg Finansmanı Nedir? Togg finansmanı, Türkiye’de üretilen %100 elektrikli yerli otomobil Togg için özel olarak sunulan taşıt finansmanı ürünüdür. Albaraka Türk, bu finansmanla bireysel Togg sahibi olmak isteyenlere özel oranlı ödeme planları sunar. Albaraka Türk’te Togg Finansman Başvurusu Nasıl Yapılır? Albaraka Togg finansman",https://albaraka.com.tr/tr/kampanyalar/detay/togg-tasit-finansmani-kampanyasi,2026-08-10T11:17:32+00:00,official_source_date_gated
49,Albaraka Türk,Şubesiz Umre Finansmanı,Umre Finansmanı,finance_campaign,Umre Finansmanı,50.000 TL finansman · 4 ay vade · 4 taksit,,4 taksit,4 ay,%0,50.000 TL,,,,,,,,,,,"Albaraka Mobil Mobil Bankacılık Aç Şubesiz Umre Finansmanı Müşteri Ol Albaraka olarak umre ibadetine hazırlanırken yanınızdayız. Şubesiz Umre Finansmanı, Diyanet İşleri Başkanlığı ile anlaşması olan acenteler üzerinden yapılacak umre organizasyonlarında kullanılmak üzere, tamamen mobil uygulama üzerinden başvurulup sonuçlandırılabilen kar paysız finansman ürünümüzdür. Başvuru adımları ve daha fazlası için tıklayınız. Neler Sunuyoruz? Vade Farksız Finansman: 50.000 TL’ye kadar vade farksız finansman imkânı. Kolay Geri Ödeme: 4 taksite kadar geri ödeme seçeneği. Tamamen Dijital Süreç: Başvurudan onaya kadar tüm süreç Albaraka Mobil üzerinden yürütülür. Şubeye gitmenize gerek kalmaz. Başvuru Adımları Albaraka Mobi",https://albaraka.com.tr/tr/kampanyalar/detay/umre-finansmani-kampanyasi,2026-08-10T11:17:32+00:00,official_source_date_gated
14,Albaraka Türk,Dijital Katılma Hesabı’na Özel Paylaşım Oranları!,Yeni Müşteri Kampanyası,new_customer_campaign,,Albaraka Mobil Mobil Bankacılık Aç Dijital Katılma Hesabı’na Özel Paylaşım Oranları!,Yeni Müşteriler,,,,,,,,,,,,2026-04-01,2026-12-31,,"Albaraka Mobil Mobil Bankacılık Aç Dijital Katılma Hesabı’na Özel Paylaşım Oranları! Kampanya Başlangıç ve Bitiş 01.04.2026 - 31.12.2026 Müşteri Ol Müşteri Ol Albaraka Mobil’i indirerek görüntülü görüşme ile anında Albarakalı olun, avantajlı dijital dünyamıza katılın. 98/2 paylaşım oranlı Dijital Katılma hesabınızı 7/24 açarak kârlı birikime siz de adım atın. Kampanyaya Katılım Adımları Albaraka Mobil’den TL cinsinden Katılma Hesabı açın, 98/2 kâr paylaşım oranı ile birikime başlayın! Kampanya Başlangıç – Bitiş Tarihleri Kampanya 1 Nisan – 31 Aralık 2026 tarihlerinde geçerlidir. Kampanyadan Kimler Faydalanabilir? Albaraka Mobil üzerinden görüntülü görüşme sürecini tamamlayıp ilk kez müşteri olan, Albaraka Mobil",https://albaraka.com.tr/tr/kampanyalar/detay/dijital-katilma-hesabina-ozel-paylasim-oranlari-10,2026-08-10T11:17:32+00:00,official_source_date_gated
392,Albaraka Türk,Kampanyaya Katılım Adımları,Yeni Müşteri Kampanyası,new_customer_campaign,,2.000 puan,"Kart Sahipleri,Bireysel Müşteriler,Yeni Müşteriler",,,,,,,2.000 puan,,2.000 TL,,,2026-08-01,2026-08-31,,"Albaraka Mobil Mobil Bankacılık Aç Ağustos Ayına Özel Fatura Kampanyası Kampanya Başlangıç ve Bitiş 01.08.2026 - 31.08.2026 Müşteri Ol Müşteri Ol “OFT2026” koduyla görüntülü görüşme ile müşterimiz olun, Albaraka World kredi kartınızla Albaraka Mobil üzerinden vereceğiniz her otomatik fatura ödeme talimatı için 500 TL, toplamda 2.000 TL Worldpuan kazanın! Kampanyaya Katılım Adımları: “OFT2026” davet kodunu kullanarak Albaraka Mobil üzerinden görüntülü görüşme ile müşterimiz olun, Albaraka World kredi kartı sahibi olun, Albaraka Mobil üzerinden Albaraka World kredi kartınızla vereceğiniz her otomatik fatura ödeme talimatı için 500 TL, toplamda 2.000 TL Worldpuan kazanın! Kampanya Başlangıç ve Bitiş Tarihi: Kampan",https://albaraka.com.tr/tr/kampanyalar/detay/agustos-ayina-ozel-fatura-kampanyasi,2026-08-10T11:17:32+00:00,official_source_date_gated
52,Albaraka Türk,Yurt Dışı Çıkış Harcı Kampanyası,Yeni Müşteri Kampanyası,new_customer_campaign,,1.250 puan,"Kart Sahipleri,Bireysel Müşteriler,Yeni Müşteriler",,,,,,,1.250 puan,,,,,2026-07-01,2026-08-31,,"Albaraka Mobil Mobil Bankacılık Aç Yurt Dışı Çıkış Harcı Kampanyası | 1.250 TL Worldpuan! Kampanya Başlangıç ve Bitiş 01.07.2026 - 31.08.2026 Müşteri Ol Müşteri Ol Görüntülü görüşme ile müşterimiz olun, Albaraka World kredi kartınızla Albaraka Mobil üzerinden yurt dışına çıkış harcı ödemenizi yaparak 1.250 TL Worldpuan kazanın! Kampanyaya Katılım Adımları: Görüntülü görüşme ile müşterimiz olun, Albaraka World kredi kartı sahibi olun, Albaraka Mobil Kampanyalar sayfasından kampanyaya katılın, Albaraka Mobil üzerinden yurt dışına çıkış harcı ödemenizi Albaraka World kredi kartınızla yapın 1.250 TL Worldpuan kazanın! Kampanya Başlangıç ve Bitiş Tarihi: Kampanya 1 Temmuz – 31 Ağustos 2026 tarihlerinde geçerlidir. K",https://albaraka.com.tr/tr/kampanyalar/detay/yurt-disi-cikis-harci-kampanyasi-1250-tl-worldpuan-3,2026-08-10T11:17:32+00:00,official_source_date_gated
15,Albaraka Türk,Pratik Finansman Kart Finansman Kampanyası Koşulları,İhtiyaç Finansmanı,finance_campaign,İhtiyaç Finansmanı,150.000 TL finansman · 36 ay vade · 12 taksit,"Kart Sahipleri,Dijital Müşteriler",12 taksit,36 ay,Vade farksız (%0),150.000 TL,,,,,,,,2026-01-01,2026-12-31,,"Albaraka Mobil Mobil Bankacılık Aç Dijital Müşterilere Özel Pratik Finansman Kart Kampanya Başlangıç ve Bitiş 01.01.2026 - 31.12.2026 Müşteri Ol Müşteri Ol Vade farksız 40.000 TL ve uygun oranlı hoş geldin finansmanı Albaraka'da! Beyaz eşyadan eğitim ve sağlık harcamalarına, ev eşyalarına kadar birçok ihtiyacınız için Pratik Finansman Kart yanınızda! Siz de Albaraka Mobil’de yer alan “Müşteri Olmak İstiyorum” butonuna tıklayarak görüntülü görüşme ile hemen müşterimiz olun , vade farksız ve uygun oranlı Pratik Finansman Kart ’ta ile daha birçok ayrıcalıktan yararlanın! Pratik Finansman Kart Nedir? Pratik Finansman Kart; Albaraka Türk tarafından sunulan tüm bireysel ihtiyaçlarınıza hemen çözüm sağlayan kart formu",https://albaraka.com.tr/tr/kampanyalar/detay/dijital-musterilere-ozel-pratik-finansman-kart,2026-08-10T11:17:32+00:00,official_source_date_gated
50,Albaraka Türk,Vade Farksız 140.000 TL’ye Varan Destek!,İhtiyaç Finansmanı,finance_campaign,İhtiyaç Finansmanı,40.000 TL finansman · 6 ay vade · 6 taksit,Dijital Müşteriler,6 taksit,6 ay,%0,40.000 TL,,,,,140.000 TL,,,2026-01-01,2026-12-31,Masraf avantajı var,"Albaraka Mobil Mobil Bankacılık Aç Vade Farksız 140.000 TL’ye Varan Destek! Kampanya Başlangıç ve Bitiş 01.01.2026 - 31.12.2026 Müşteri Ol Müşteri Ol Kâr payı yok. Beklemek yok. 140.000 TL ’ye kadar vade farksız destek Albaraka’da! Şimdi Albaraka Mobil’den müşteri olanlar, %0 kâr payı ile 40.000 TL’ye kadar Pratik Finansman Kart (İhtiyaç Finansmanı) kullanabiliyor ve 100.000 TL’ye varan seçili sektörlerde vade farksız taksitli alışveriş fırsatından yararlanabiliyor. Hemen siz de şubeye gitmeden Albaraka Türk müşterisi olun; %0 kâr paylı 40.000 TL ’ye kadar, 3 aya varan ödemesiz dönem ve 4 taksitli Pratik Finansman Kart ve, 100.000 TL ’ye kadar vade farksız taksitli alışveriş fırsatını bir arada yakalayın. Topla",https://albaraka.com.tr/tr/kampanyalar/detay/vade-farksiz-kampanyasi,2026-08-10T11:17:32+00:00,official_source_date_gated
41,Albaraka Türk,Albaraka Mobil\u0027de Şimdi \,İndirim Kampanyası,discount_campaign,,Kampanyadan Nasıl Yararlanabilirim?,,,,,,,,,,,,,2025-05-28,2026-12-31,,"Albaraka Mobil Mobil Bankacılık Aç Albaraka Mobil'de Şimdi ""Seçkin Fırsatlar"" Zamanı! Kampanya Başlangıç ve Bitiş 28.05.2025 - 31.12.2026 Müşteri Ol Müşteri Ol “Seçkin Fırsatlar” ile hayatın her alanından avantajlar sizi bekliyor! Albaraka Mobil’de şimdi Seçkin Fırsatlar ile havaalanından restorana, market alışverişinden giyime kadar birçok indirim ve ayrıcalıklı kampanya fırsatları sizi bekliyor. Yüzlerce kampanya size özel fırsatlarla bir tık ötenizde! Kampanyadan Nasıl Yararlanabilirim? Henüz Albaraka Türk müşterisi değilseniz; Albaraka Mobil indirerek “Müşteri Olmak İstiyorum” butonu ile hızlıca müşterimiz olun. Albaraka Mobil > Kampanyalar > “Seçkin Fırsatlar Albaraka’da!” ile tüm ayrıcalıklara erişebilirs",https://albaraka.com.tr/tr/kampanyalar/detay/seckin-firsatlar,2026-08-10T11:17:32+00:00,official_source_date_gated
396,Albaraka Türk,Albaraka Müşterilerine Özel Marina Aquapark’ta %20 indirim!,İndirim Kampanyası,discount_campaign,,%20 indirim / iade,Kart Sahipleri,,,,,%20 indirim / iade,,,,,,,2026-08-01,2026-08-31,,Albaraka Mobil Mobil Bankacılık Aç Albaraka Müşterilerine Özel Marina Aquapark’ta %20 indirim! Kampanya Başlangıç ve Bitiş 01.08.2026 - 31.08.2026 Albaraka Mobil Albaraka Mobil Albaraka kredi kartlarınız ile Tuzla Marina Aquapark ’ta eğlencenin tadını size özel %20 indirimle çıkarın! Kampanya Başlangıç ve Bitiş Tarihleri: Kampanya 1-31 Ağustos 2026 tarihlerinde geçerlidir. Kampanyaya Detayları: İndirimli fiyatlardan yararlanmak için ödemeyi Albaraka kredi kartlarınız ile yapmanız gerekmektedir. İndirimli fiyatlar Viaport Marina gişelerinde yapacağınız ödemelerde geçerlidir. İndirimli fiyatlar online satışlarda geçerli değildir. Kredi kartı başvurusu: Albaraka Mobil > Başvurular > Kart > Kredi Kartı adımları ile,https://albaraka.com.tr/tr/kampanyalar/detay/albaraka-musterilerine-ozel-marina-aquaparkta-20-indirim,2026-08-10T11:17:32+00:00,official_source_date_gated
9,Albaraka Türk,Bilet.com ile Etkinlik Bileti Alımlarında İndirim!,İndirim Kampanyası,discount_campaign,,250 TL indirim / iade,Kart Sahipleri,,,,,250 TL indirim / iade,,,1.000 TL,250 TL,,,2026-04-01,2026-12-31,,"Albaraka Mobil Mobil Bankacılık Aç Bilet.com ile Etkinlik Bileti Alımlarında İndirim! Kampanya Başlangıç ve Bitiş 01.04.2026 - 31.12.2026 Müşteri Ol Müşteri Ol Siz de hemen Albaraka kredi kartları ile bilet.com mobil uygulaması üzerinden etkinlik bileti alın, 250 TL indirim kodu kazanın! Kampanyaya Katılım Adımları Albaraka Mobil’e giriş yapın, Kampanyalar > bilet.com ile Etkinlik Bileti Alımlarında İndirim! > Kod Al adımları ile indirim kodunuzu alın, Alınan indirim kodları bilet.com mobil uygulamasında etkinlik bileti satın alınırken açılan “İndirim Kodu” kutucuğuna girin, Albaraka kredi kartları ile yurt içi etkinlikleri için gerçekleştireceğiniz 1.000 TL ve üzeri bilet alımlarında 250 TL indirim kazanın! Ka",https://albaraka.com.tr/tr/kampanyalar/detay/biletcom-ile-etkinlik-bileti-alimlarinda-indirim,2026-07-31T05:19:46+00:00,official_source_date_gated
10,Albaraka Türk,Bilet.com ile Otel Rezervasyonlarında İndirim!,İndirim Kampanyası,discount_campaign,,2.500 TL indirim / iade,Kart Sahipleri,,,,,2.500 TL indirim / iade,,,10.000 TL,2.500 TL,,,2026-04-01,2026-12-31,,"Albaraka Mobil Mobil Bankacılık Aç Bilet.com ile Otel Rezervasyonlarında İndirim! Kampanya Başlangıç ve Bitiş 01.04.2026 - 31.12.2026 Müşteri Ol Müşteri Ol Siz de hemen Albaraka kredi kartları ile bilet.com mobil uygulaması üzerinden otel rezervasyonu yapın, 2.500 TL indirim kodu kazanın! Kampanyaya Katılım Adımları Albaraka Mobil’e giriş yapın, Kampanyalar > bilet.com ile Otel Rezervasyonlarında İndirim! > Kod Al adımları ile indirim kodunuzu alın, Alınan indirim kodları bilet.com mobil uygulamasında otel sorgulanmadan önce arama barında bulunan “İndirim Kodum Var” butonu tıklandıktan sonra açılan ""İndirim Kodu"" kutucuğuna girin, Albaraka kredi kartlarınızla yapacağınız 10.000 TL ve üzeri otel rezervasyonların",https://albaraka.com.tr/tr/kampanyalar/detay/biletcom-ile-otel-rezervasyonlarinda-indirim,2026-08-10T11:17:32+00:00,official_source_date_gated
11,Albaraka Türk,Bilet.com ile Yunan Adaları Feribot Bileti Alımlarında İndirim!,İndirim Kampanyası,discount_campaign,,500 TL indirim / iade,Kart Sahipleri,,,,,500 TL indirim / iade,,,,500 TL,,,2026-04-01,2026-12-31,,"Albaraka Mobil Mobil Bankacılık Aç Bilet.com ile Yunan Adaları Feribot Bileti Alımlarında İndirim! Kampanya Başlangıç ve Bitiş 01.04.2026 - 31.12.2026 Müşteri Ol Müşteri Ol Siz de hemen Albaraka kredi kartları ile bilet.com mobil uygulaması üzerinden Yunan Adaları feribot bileti alın, 500 TL indirim kodu kazanın! Kampanyaya Katılım Adımları Albaraka Mobil’e giriş yapın, Kampanyalar > bilet.com ile Yunan Adaları Feribot Bileti Alımlarında İndirim! > Kod Al adımları ile indirim kodunuzu alın, Alınan indirim kodları bilet.com mobil uygulamasında Yunan Adaları feribot bileti satın alınırken ödeme adımında yer alan ""İndirim Kodu"" kutucuğuna girin, Albaraka kredi kartları ile gerçekleştireceğiniz Yunan Adaları feribo",https://albaraka.com.tr/tr/kampanyalar/detay/biletcom-ile-yunan-adalari-feribot-bileti-alimlarinda-indirim-1,2026-08-10T11:17:32+00:00,official_source_date_gated
398,Albaraka Türk,Enterprise Araç Kiralama Kampanyası,İndirim Kampanyası,discount_campaign,,%35 indirim / iade,Kart Sahipleri,,,,,%35 indirim / iade,,,,,,,2026-07-06,2026-12-31,,"Albaraka Mobil Mobil Bankacılık Aç Enterprise Araç Kiralama Kampanyası | %35 İndirim! Kampanya Başlangıç ve Bitiş 06.07.2026 - 31.12.2026 Albaraka Mobil Albaraka Mobil Albaraka Özel Bankacılık Kredi Kartlarınızla Enterprise online araç kiralamalarında liste fiyatı üzerinden %35 indirim fırsatından yararlanın! Kampanyaya Katılım Adımları: Enterprise web sitesi veya mobil uygulaması üzerinden üyelik girişi yapın. Rezervasyon oluştururken kredi kartınızın ilk 8 hanesini girerek kiralama adımına devam edin. Ödeme işlemini Albaraka Özel Bankacılık Kredi Kartlarınızla tamamlayarak %35 indirimden yararlanın. Kampanya Başlangıç ve Bitiş Tarihi: Kampanya, 6 Temmuz 2026 - 31 Aralık 2026 tarihleri arasında geçerlidir. Kam",https://albaraka.com.tr/tr/kampanyalar/detay/enterprise-arac-kiralama-kampanyasi-35-indirim-1,2026-08-10T11:17:32+00:00,official_source_date_gated
21,Albaraka Türk,Enterprise Araç Kiralama Kampanyası,İndirim Kampanyası,discount_campaign,,%35 indirim / iade,Kart Sahipleri,,,,,%35 indirim / iade,,,,,,,2026-07-06,2026-12-31,,"Albaraka Mobil Mobil Bankacılık Aç Enterprise Araç Kiralama Kampanyası | %35 İndirim! Kampanya Başlangıç ve Bitiş 06.07.2026 - 31.12.2026 Albaraka Mobil Albaraka Mobil Albaraka Özel Bankacılık Kredi Kartlarınızla Enterprise online araç kiralamalarında liste fiyatı üzerinden %35 indirim fırsatından yararlanın! Kampanyaya Katılım Adımları Enterprise web sitesi veya mobil uygulaması üzerinden üyelik girişi yapın. Rezervasyon oluştururken kredi kartınızın ilk 8 hanesini girerek kiralama adımına devam edin. Ödeme işlemini Albaraka Özel Bankacılık Kredi Kartlarınızla tamamlayarak %35 indirimden yararlanın. Kampanya Başlangıç ve Bitiş Tarihi Kampanya, 6 Temmuz 2026 - 31 Aralık 2026 tarihleri arasında geçerlidir. Kampa",https://albaraka.com.tr/tr/kampanyalar/detay/enterprise-arac-kiralama-kampanyasi-35-indirim,2026-07-31T05:19:46+00:00,official_source_date_gated
20,Albaraka Türk,Enterprise Araç Kiralama Kampanyası,İndirim Kampanyası,discount_campaign,,%30 indirim / iade,Kart Sahipleri,,,,,%30 indirim / iade,,,,,,,2026-07-06,2026-12-31,,"Albaraka Mobil Mobil Bankacılık Aç Enterprise Araç Kiralama Kampanyası Kampanya Başlangıç ve Bitiş 06.07.2026 - 31.12.2026 Albaraka Mobil Albaraka Mobil Albaraka Kredi Kartınızla Enterprise online araç kiralamalarında liste fiyatı üzerinden %30 indirim fırsatından yararlanın! Kampanyaya Katılım Adımları Enterprise web sitesi veya mobil uygulaması üzerinden üyelik girişi yapın. Rezervasyon oluştururken kredi kartınızın ilk 8 hanesini girerek kiralama adımına devam edin. Ödeme işlemini Albaraka kredi kartınızla tamamlayarak %30 indirimden yararlanın. Kampanya Başlangıç ve Bitiş Tarihi Kampanya, 6 Temmuz 2026 - 31 Aralık 2026 tarihleri arasında geçerlidir. Kampanya Şartları Kampanya, Türkiye’deki Enterprise üzerin",https://albaraka.com.tr/tr/kampanyalar/detay/enterprise-arac-kiralama-kampanyasi,2026-08-10T11:17:32+00:00,official_source_date_gated
23,Albaraka Türk,Hızlı Çiçek %20 İndirim Kampanyası,İndirim Kampanyası,discount_campaign,,%20 indirim / iade,,,,,,%20 indirim / iade,,,,,,,2026-05-01,2026-12-31,,"Albaraka Mobil Mobil Bankacılık Aç Hızlı Çiçek %20 İndirim Kampanyası Kampanya Başlangıç ve Bitiş 01.05.2026 - 31.12.2026 Albaraka Mobil Albaraka Mobil Siz de hemen Hızlı Çiçek mobil uygulamasından sevdiklerinizi mutlu edecek hediyenizi seçin, %20 indirim kodunuzu kaçırmayın. Kampanyaya Katılım Adımları: Albaraka Mobil’e giriş yapın, Kampanyalar alanından “Hızlı Çiçek %20 İndirim Kampanyası” için “Kod Al” butonuna tıklayın, Hızlı Çiçek mobil uygulamasından dilediğiniz ürünü sepete ekleyin, Ödeme adımında yer alan “Kupon Kodu” alanına Albaraka Mobil’den aldığınız kodu girin, %20 indirim fırsatını kaçırmayın. Kampanya Başlangıç ve Bitiş Tarihi: Kampanya 1 Mayıs 2026 - 31 Aralık 2026 tarihlerinde geçerlidir. Kampa",https://albaraka.com.tr/tr/kampanyalar/detay/hizli-cicek-20-indirim-kampanyasi,2026-08-10T11:17:32+00:00,official_source_date_gated
400,Albaraka Türk,Konaklamanın Ayrıcalıklı Hali!,İndirim Kampanyası,discount_campaign,,2.000 TL indirim / iade,"Kart Sahipleri,Bireysel Müşteriler",,,,,2.000 TL indirim / iade,2.000 TL,,25.001 TL,2.000 TL,10.000 TL,25.000 TL,2026-01-01,2026-12-31,,"Albaraka Mobil Mobil Bankacılık Aç Konaklamanın Ayrıcalıklı Hali! Kampanya Başlangıç ve Bitiş 01.01.2026 - 31.12.2026 Albaraka Mobil Albaraka Mobil Ayrıcalıklarla dolu Albaraka Özel Bankacılık Kredi Kartlarınızı kullanarak tek seferde yapacağınız 10.000-25.000 TL arasındaki konaklama harcamalarında 1.000 TL, 25.001 TL ve üzeri konaklama harcamalarınızda 2.000 TL indirim kazanma fırsatı sizi bekliyor. Kampanya Başlangıç ve Bitiş Tarihi: Kampanya 1 Ocak 2026 - 31 Aralık 2026 tarihine kadar geçerlidir. Kampanyadan Kimler Faydalanabilir? Kampanyadan yalnızca Albaraka Özel Bankacılık Kredi Kartlarına sahip bireysel müşteriler faydalanabilir. Kampanya aylık bazda geçerli olup, şartları sağlayan müşteriler her ay kamp",https://albaraka.com.tr/tr/kampanyalar/detay/konaklamanin-ayricalikli-hali-1,2026-08-10T11:17:32+00:00,official_source_date_gated
402,Albaraka Türk,Otopark Harcamalarınıza Özel %10 İndirim Fırsatı!,İndirim Kampanyası,discount_campaign,,%10 indirim / iade,"Kart Sahipleri,Bireysel Müşteriler",,,,,%10 indirim / iade,5.000 TL,,,5.000 TL,,,2026-01-01,2026-12-31,,"Albaraka Mobil Mobil Bankacılık Aç Otopark Harcamalarınıza Özel %10 İndirim Fırsatı! Kampanya Başlangıç ve Bitiş 01.01.2026 - 31.12.2026 Albaraka Mobil Albaraka Mobil Ayrıcalıklarla dolu Albaraka Özel Bankacılık Kredi Kartlarınızı kullanarak tek seferde yapacağınız 5.000 TL’ye kadar olan otopark harcamalarınızda %10 indirim kazanma fırsatı sizi bekliyor. Siz de Albaraka Özel Bankacılık Kredi Kartlarınızı otopark harcamalarınızda kullanın, ayrıcalıklı indirim fırsatından yararlanın! Kampanya Başlangıç ve Bitiş Tarihi: Kampanya 1 Ocak 2026 - 31 Aralık 2026 tarihine kadar geçerlidir. Kampanyadan Kimler Faydalanabilir? Kampanyadan yalnızca Albaraka Özel Bankacılık Kredi Kartlarına sahip bireysel müşteriler faydalan",https://albaraka.com.tr/tr/kampanyalar/detay/otopark-harcamalariniza-ozel-10-indirim-firsati-1,2026-08-10T11:17:32+00:00,official_source_date_gated
403,Albaraka Türk,Otopark ve Vale Harcamalarınıza %50 İade Albaraka’da!,İndirim Kampanyası,discount_campaign,,%50 indirim / iade,Kart Sahipleri,,,,,%50 indirim / iade,300 TL,,,300 TL,,,2026-08-01,2026-08-31,,"Albaraka Mobil Mobil Bankacılık Aç Otopark ve Vale Harcamalarınıza %50 İade Albaraka’da! Kampanya Başlangıç ve Bitiş 01.08.2026 - 31.08.2026 Albaraka Mobil Albaraka Mobil Albaraka Mobil’den kampanyaya katılın, Albaraka Troy kredi kartı ile yapacağınız otopark ve vale harcamalarınıza %50 iade fırsatını yakalayın! Otopark ve vale masraflarınızın yarısı cebinizde kalsın. Kampanya Katılım Adımları Albaraka Mobil’e giriş yapın. Kampanyalar menüsünden “Otopark ve Vale Harcamalarına %50 İade” kampanyası için ""Hemen Katıl"" butonuna tıklayın, Kampanyaya katıldıktan sonra Albaraka Troy kredi kartınızla yapacağınız otopark ve vale harcamalarında %50 iade kazanın. Toplamda 300 TL’ye varan iade fırsatını kaçırmayın. Kampany",https://albaraka.com.tr/tr/kampanyalar/detay/otopark-ve-vale-harcamalariniza-50-iade-albarakada-troy,2026-08-10T11:17:32+00:00,official_source_date_gated
405,Albaraka Türk,Restoran Harcamalarınıza Özel %10 İndirim Fırsatı!,İndirim Kampanyası,discount_campaign,,%10 indirim / iade,"Kart Sahipleri,Bireysel Müşteriler",,,,,%10 indirim / iade,,,,500 TL,,,2026-01-01,2026-12-31,,"Albaraka Mobil Mobil Bankacılık Aç Restoran Harcamalarınıza Özel %10 İndirim Fırsatı! Kampanya Başlangıç ve Bitiş 01.01.2026 - 31.12.2026 Albaraka Mobil Albaraka Mobil Albaraka Özel Bankacılık Kredi Kartlarınız ile yapacağınız restoran harcamalarınıza %10 indirim fırsatı! Üstelik aylık 500 TL'ye varan indirim avantajı ile. Siz de Albaraka Özel Bankacılık Kredi Kartınızı restoran harcamalarınızda kullanın, ayrıcalıklı iade fırsatından yararlanın! Kampanyadan Yararlanmak İçin: Albaraka Özel Bankacılık Kredi Kartlarınız ile kampanya kapsamındaki restoranlarda harcamanızı gerçekleştirin, Kampanya şartlarını sağlayan işleminizi tamamlayın, %10 iade kazanma fırsatını yakalayın. Kampanya Başlangıç ve Bitiş Tarihi: Kam",https://albaraka.com.tr/tr/kampanyalar/detay/restoran-harcamalariniza-ozel-10-indirim-firsati-1,2026-08-10T11:17:32+00:00,official_source_date_gated
40,Albaraka Türk,"Satırdan Sanata, Ek %10 İndirim ve Vade Farksız 4 Taksit Albaraka’da!",İndirim Kampanyası,discount_campaign,,%10 indirim / iade · 4 taksit,Kart Sahipleri,4 taksit,,Vade farksız (%0),,%10 indirim / iade,,,,,,,2026-07-01,2026-09-30,,"Albaraka Mobil Mobil Bankacılık Aç Satırdan Sanata, Ek %10 İndirim ve Vade Farksız 4 Taksit Albaraka’da! Kampanya Başlangıç ve Bitiş 01.07.2026 - 30.09.2026 Müşteri Ol Müşteri Ol Bilginin değeri fırsatlarla buluşuyor! Albaraka kredi kartları ile Albaraka Kültür Sanat Yayıncılık’ta geçerli, tüm indirimlere ek %10 indirim ve vade farksız 4 taksit fırsatını sizinle. Kampanyaya Katılım Adımları: Albaraka Mobil’e giriş yapın, Kampanyalar > Satırdan Sanata %10 İndirim Albaraka’da! > Kod Al adımları ile indirim kodunuzu alın, www.albarakakultur.com.tr üzerinden sepette “Hediye Çeki Kullan” alanına kodu girin, Tüm indirimlere ek %10 indirim fırsatını kaçırmayın. Kampanya Başlangıç ve Bitiş Tarihi: Kampanya 1 Temmuz 202",https://albaraka.com.tr/tr/kampanyalar/detay/satirdan-sanata-ek-10-indirim-ve-vade-farksiz-4-taksit-albarakada-1_1,2026-08-10T11:17:32+00:00,official_source_date_gated
47,Albaraka Türk,Trend Kredi Kart Kırtasiye Harcamaları İndirim Kampanyası!,İndirim Kampanyası,discount_campaign,,%10 indirim/iade,Kart Sahipleri,,,,,,,,,250 TL,,,2026-01-01,2026-12-31,,"Albaraka Mobil Mobil Bankacılık Aç Trend Kredi Kart Kırtasiye Harcamaları İndirim Kampanyası! Kampanya Başlangıç ve Bitiş 01.01.2026 - 31.12.2026 Trend kredi kartınız ile yapacağınız kırtasiye harcamalarında her ay 250 TL’ye kadar indirim kazanma fırsatı sizi bekliyor! Kampanya Detayları: Kampanya kapsamında, Trend kredi kart sahibi müşterilerimiz kırtasiye sektör harcamaları için %10 oranında indirim kazanımı sağlayacaklardır. Müşterilerimiz kampanya kapsamında içinde bulunulan ayda en fazla 250 TL indirim kazanabilirler. Kampanya kapsamına Trend kredi kartları dahildir. Debit kartlar, sanal kartlar, ek kartlar ve bankamız diğer kredi kartları kampanyaya dahil değildir. Sadece fiziki harcamalarda geçerlidir. O",https://albaraka.com.tr/tr/kampanyalar/detay/trend-kredi-kart-kirtasiye-harcamalari-indirim-kampanyasi,2026-08-10T11:17:32+00:00,official_source_date_gated
46,Albaraka Türk,Trend Kredi Kart ile Sinema Harcamalarına %25 İndirim!,İndirim Kampanyası,discount_campaign,,%25 indirim / iade,Kart Sahipleri,,,,,%25 indirim / iade,,,,250 TL,,,2026-01-01,2026-12-31,,"Albaraka Mobil Mobil Bankacılık Aç Trend Kredi Kart ile Sinema Harcamalarına %25 İndirim! Kampanya Başlangıç ve Bitiş 01.01.2026 - 31.12.2026 Trend Kredi Kart ile Sinema Harcamalarına %25 İndirim! Trend kredi kartınız ile yapacağınız sinema harcamalarında her ay 250 TL’ye kadar indirim kazanma fırsatı sizi bekliyor! Kampanya Detayları: Kampanya kapsamında, Trend kredi kart sahibi müşterilerimiz sinema sektör harcamaları için %25 oranında indirim kazanımı sağlayacaklardır. Müşterilerimiz kampanya kapsamında içinde bulunulan ayda en fazla 250 TL indirim kazanabilirler. Kampanya kapsamına Trend kredi kartları dahildir. Debit kartlar, sanal kartlar, ek kartlar ve bankamız diğer kredi kartları kampanyaya dahil değil",https://albaraka.com.tr/tr/kampanyalar/detay/trend-kredi-kart-ile-sinema-harcamalarina-25-indirim,2026-08-10T11:17:32+00:00,official_source_date_gated
34,Albaraka Türk,Özel Bankacılık Kredi Kart Otopark Harcamalarınızda %10 İndirim Kazandırıyor!,İndirim Kampanyası,discount_campaign,,%10 indirim / iade,,,,,,%10 indirim / iade,,,5.000 TL,5.000 TL,,,2026-01-01,2026-12-31,,"Albaraka Mobil Mobil Bankacılık Aç Özel Bankacılık Kredi Kart Otopark Harcamalarınızda %10 İndirim Kazandırıyor! Kampanya Başlangıç ve Bitiş 01.01.2026 - 31.12.2026 Ayrıcalıklarla dolu Albaraka Özel Bankacılık Kredi Kartınızı kullanarak tek seferde yapacağınız 5.000 TL’ye kadar olan otopark harcamalarınızda %10 indirim kazanma fırsatı sizi bekliyor. Kampanya Detayları: Müşteri Ol ÖB kredi kart sahibi müşterilerimizin tek seferde yapacakları otopark harcamalarında, 5.000 TL’ye kadar olan harcama tutarının %10’u kadar indirim/cashback uygulanacaktır. 5.000 TL üstü işlemler için herhangi bir indirim uygulanmayacaktır. Kampanya aylık bazda yönetilecektir. Özel Bankacılık kredi kartı kampanya kapsamına dahildir. Deb",https://albaraka.com.tr/tr/kampanyalar/detay/ozel-bankacilik-kredi-kart-otopark-harcamalarinizda-10-indirim-kazandiriyor,2026-07-31T05:19:46+00:00,official_source_date_gated
35,Albaraka Türk,Özel Bankacılık Kredi Kart Restoran Harcamalarınızda %10 İndirim Kazandırıyor!,İndirim Kampanyası,discount_campaign,,%10 indirim / iade,,,,,,%10 indirim / iade,,,,,,,2026-01-01,2026-12-31,,"Albaraka Mobil Mobil Bankacılık Aç Özel Bankacılık Kredi Kart Restoran Harcamalarınızda %10 İndirim Kazandırıyor! Kampanya Başlangıç ve Bitiş 01.01.2026 - 31.12.2026 Ayrıcalıklarla dolu Albaraka Özel Bankacılık Kredi Kartınızı kullanarak yapacağınız restoran harcamalarınızda %10 indirim kazanma fırsatı sizi bekliyor. Müşteri Ol Kampanya Detayları Özel Bankacılık Kredi Kart sahibi müşterilerimizin ay içerisinde yapacakları restoran harcamalarına, harcama tutarının %10’u kadar indirim/cashback uygulanacaktır. Kampanya kapsamında müşterilerimizin aylık toplam kazanabileceği maksimum indirim tutarı 500 TL’dir. Kampanya aylık bazda yönetilecektir. Kampanya kapsamında ödüllendirmeler her ayın 1-5’i tarihleri arasında",https://albaraka.com.tr/tr/kampanyalar/detay/ozel-bankacilik-kredi-kart-restoran-harcamalarinizda-5-indirim-kazandiriyor,2026-07-31T05:19:46+00:00,official_source_date_gated
33,Albaraka Türk,Özel Bankacılık Kredi Kart’a Özel Konaklama Harcamalarında İndirim!,İndirim Kampanyası,discount_campaign,,2.000 TL indirim / iade,,,,,,2.000 TL indirim / iade,,,25.001 TL,3.000 TL,,,2026-01-01,2026-12-31,,"Albaraka Mobil Mobil Bankacılık Aç Özel Bankacılık Kredi Kart’a Özel Konaklama Harcamalarında İndirim! Kampanya Başlangıç ve Bitiş 01.01.2026 - 31.12.2026 Ayrıcalıklarla dolu Albaraka Özel Bankacılık Kredi Kartınızı kullanarak tek seferde yapacağınız 10.000-25.000 TL arasındaki konaklama harcamalarında 1.000 TL, 25.001 TL ve üzeri konaklama harcamalarınızda 2.000 TL indirim kazanma fırsatı sizi bekliyor. Kampanya Detayları: Müşteri Ol Özel Bankacılık Kredi Kart sahibi müşterilerimiz içinde bulunulan ayda ilk ve tek seferde yapacakları 10.000-25.000 TL arası yurt içi otel/konaklama harcamalarına 1.000 TL, 25.001 TL ve üzeri yurt içi otel/konaklama harcamalarına 2.000 TL indirim/cashback uygulanacaktır. Müşterile",https://albaraka.com.tr/tr/kampanyalar/detay/ozel-bankacilik-kredi-kart-konaklama-harcamalarinizda-10-indirim-kazandiriyor,2026-07-31T05:19:46+00:00,official_source_date_gated
328,Dünya Katılım,Enerya yeni doğal gaz abonelerine Dünya Katılım’dan finansman fırsatı!,Diğer Finansman,finance_campaign,Diğer Finansman,6 ay vade,,,6 ay,Vade farksız (%0),,,,,,,,,,,Masraf bilgisi mevcut,"Enerya Abonelik Bedeli ve Doğalgaz Dönüşüm sürecinizde ihtiyaç duyacağınız konut içi tesisat işlemleri için gereken maliyetleri finanse edebilirsiniz. Bu çözümümüz sayesinde, doğalgaz kullanımına geçiş yaparken karşılaşabileceğiniz mali yükleri daha esnek bir şekilde yönetme imkânına sahip olabilirsiniz. Abonelik bedeli ve tesisat masraflarınızı karşılamak için sunduğumuz finansman seçenekleri, bütçenizi zorlamadan doğalgaz konforuna ve tasarrufuna ulaşmanızı kolaylaştırır. Hem çevre dostu hem de ekonomik bir enerji kaynağı olan doğalgaz kullanımına geçişte sizlere destek olmak için çeşitli ödeme planlarımızı değerlendirebilirsiniz. Daha fazla bilgi almak ve başvuru işlemlerinizi gerçekleştirmek için size en ya",https://dunyakatilim.com.tr/kampanyalar/enerya-finansmani,2026-08-10T11:18:16+00:00,official_source_date_gated
319,Dünya Katılım,A101 de Vade Farksız 6 Aya Varan Taksit Fırsatı!,Kart / Taksit Kampanyası,card_campaign,,6 taksit,,6 taksit,,Vade farksız (%0),,,,,300 TL,,,,,2026-08-31,,"Paraf ile A101 Mağazalarında ve www.a101.com.tr ‘de Paraf POS’undan yapılacak 300 TL ve üzeri alışverişlerinizde vade farksız, peşin fiyatına 6 aya varan taksit imkanı sunulacaktır. Peşin fiyatına taksit mağazalarda kasa yetkilisi tarafından uygulanacaktır. Yasal mevzuat uyarınca taksit yapılması mümkün olmayan ürünler için taksit yapılamaz, daha düşük taksit sınırlaması bulunan ürünler için bu sınırlar uygulanır. Kampanyaya ilişkin geriye dönük yararlandırma ve değişiklik yapılmayacaktır. Birden fazla üründen oluşan siparişlerin taksitlendirilebilmesi için siparişlere konu ürünlerin tamamının taksitlendirmeye elverişli olması gerekmektedir. Kampanyadan Dünya Katılım Paraf kartlar faydalanabilecektir. Sanal kar",https://dunyakatilim.com.tr/kampanyalar/a-101-paraf,2026-08-10T11:18:16+00:00,official_source_date_gated
320,Dünya Katılım,Alfemo’da Peşin fiyatına 8 Taksit Fırsatı!,Kart / Taksit Kampanyası,card_campaign,,8 taksit,,8 taksit,,,,,,,,,,,,2026-08-31,,Dünya Katılım Paraf ile Alfemo mağazalarında veya www.alfemo.com web sayfasından Paraf POS’larından yapacağınız alışverişlerde 8 taksit imkanı sağlanacaktır. Mağazalardan yapılacak alışverişlere sistem tarafından artı taksit uygulanmayacaktır. Yapmak istediğiniz taksit sayısını satış görevlisine bildirmeniz gerekmektedir. Kampanyadan Dünya Katılım Paraf kartlar faydalanabilecektir. Sanal kartlar kampanyaya dahildir. ParafPara kullanılarak yapılan işlemler ile iptal ve iade işlemleri dahil değildir. Dünya Katılım Bankası A.Ş. kampanya koşullarının tamamında değişiklik yapma ve/veya kampanyayı durdurma hakkını saklı tutar. Paraf Kampanyaları Devam ediyor Bitiş Tarihi: 31 Ağustos 2026 Diğer Kampanyalar,https://dunyakatilim.com.tr/kampanyalar/alfemo,2026-08-10T11:18:16+00:00,official_source_date_gated
411,Dünya Katılım,Casper.com.tr'de Peşin Fiyatına 3 Taksit Fırsatı!,Kart / Taksit Kampanyası,card_campaign,,3 taksit,"Kart Sahipleri,Bireysel Müşteriler",3 taksit,,,,,,,,,,,,2026-08-31,,"Dünya Katılım Paraf ile www.casper.com.tr web adresinde Paraf POS’undan yapılacak alışverişlerinize peşin fiyatına 3 taksit imkanı sunulacaktır. Taksit kampanyasından yararlanabilmek için işlem anında 3 taksitin seçilmesi gerekmektedir. Işlem gerçekleştikten sonra artı taksit uygulanmayacaktır. Yasal mevzuat gereği, mal veya hizmet alımı sonrası belli bir ücret karşılığı borcun taksitlendirilmesi veya ödemenin ertelendiği dönemler de dâhil olmak üzere, kredi kartları ile gerçekleştirilecek mal ve hizmet alımları ile nakit çekimlerinde taksitlendirme süresi bireysel kredi kartları için 12 ayı, kurumsal/ticari kredi kartları için ise 18 ayı geçemez. Bu süre bireysel kredi kartları ile yapılan; basılı ve külçe hal",https://dunyakatilim.com.tr/kampanyalar/casper-com-tr-de-pesin-fiyatina-6-taksit-firsati,2026-08-10T11:18:16+00:00,official_source_date_gated
323,Dünya Katılım,Divarese’de 4 Taksit Fırsatı!,Kart / Taksit Kampanyası,card_campaign,,4 taksit,,4 taksit,,,,,,,,,,,,2026-08-31,,Dünya Katılım Paraf ile Divarese mağazaları ve www.divarese.com.tr 'de Paraf POS’larından yapılacak alışverişlerde 4 taksit imkanı sunulacaktır. Kampanyadan Dünya Katılım Paraf kartlar faydalanabilecektir. Sanal kartlar kampanyaya dahildir. ParafPara kullanılarak yapılan işlemler ile iptal ve iade işlemleri dahil değildir. Mağazalardan yapılacak alışverişlerde 4 taksitten yararlanabilmek için kampanyanın satış görevlisine belirtilmesi gerekmektedir. Dünya Katılım Bankası A.Ş. kampanya koşullarının tamamında değişiklik yapma ve/veya kampanyayı durdurma hakkını saklı tutar. Paraf Kampanyaları Devam ediyor Bitiş Tarihi: 31 Ağustos 2026 Diğer Kampanyalar,https://dunyakatilim.com.tr/kampanyalar/divarese,2026-08-10T11:18:16+00:00,official_source_date_gated
326,Dünya Katılım,Dyson’da Peşin Fiyatına 9 Aya Varan Taksit Fırsatı!,Kart / Taksit Kampanyası,card_campaign,,9 taksit,,9 taksit,,,,,,,,,,,,2026-08-31,,Dünya Katılım Paraf ile dyson.com.tr'den peşin fiyatına 9 aya varan taksit fırsatından faydalanabilirsiniz. 9 taksit avantajı firmanın belirlediği tutarın üzerinde yapacağınız alışverişlerde geçerlidir. Taksitten yararlanabilmek için dyson.com.tr üzerinden taksitin seçilmesi gerekmektedir. İşlem anındaki üye işyeri uygulamalarına ve satın alınan ürüne bağlı olarak taksit sayıları değişkenlik gösterebilmektedir. Bireysel ve ticari kartlar için uygulanan azami taksit sayısı yasal düzenlemelere göre farklılık gösterebilmektedir. Kampanyadan Dünya Katılım Paraf kartlar faydalanabilecektir. Sanal kartlar kampanyaya dahildir. ParafPara kullanılarak yapılan işlemler ile iptal ve iade işlemleri dahil değildir. Yasal me,https://dunyakatilim.com.tr/kampanyalar/dyson,2026-08-10T11:18:16+00:00,official_source_date_gated
327,Dünya Katılım,D’S Damat’ta 6 Aya Varan Taksit Fırsatı!,Kart / Taksit Kampanyası,card_campaign,,6 taksit,,6 taksit,,,,,,,,,,,,2026-08-31,,Dünya Katılım Paraf ile D’S damat Mağazalarında Paraf POS’larından yapılacak alışverişlerde 6 aya varan taksit imkanı sunulacaktır. Kampanyadan Dünya Katılım Paraf kartlar faydalanabilecektir. Sanal kartlar kampanyaya dahildir. ParafPara kullanılarak yapılan işlemler ile iptal ve iade işlemleri dahil değildir. Mağazalardan yapılacak alışverişlerde 6 taksitten yararlanabilmek için kampanyanın satış görevlisine belirtilmesi gerekmektedir. Dünya Katılım Bankası A.Ş. kampanya koşullarının tamamında değişiklik yapma ve/veya kampanyayı durdurma hakkını saklı tutar. Paraf Kampanyaları Devam ediyor Bitiş Tarihi: 31 Ağustos 2026 Diğer Kampanyalar,https://dunyakatilim.com.tr/kampanyalar/dsdamat,2026-08-10T11:18:16+00:00,official_source_date_gated
329,Dünya Katılım,Gürgençler’de Peşin Fiyatına 9 Aya Varan Taksit Fırsatı!,Kart / Taksit Kampanyası,card_campaign,,9 taksit,"Kart Sahipleri,Bireysel Müşteriler",9 taksit,,Vade farksız (%0),,,,,,,,,,2026-08-31,,"Dünya katılım Paraf ile Gürgençler Apple mağazaları veya www.gurgencler.com.tr ’de Paraf POS’undan yapılacak taksitli alışverişlerde vade farksız 9 aya varan taksit imkanı sunulacaktır. Mağazalardan ya da internet mağazasından yapılacak alışverişlere sistem tarafından artı taksit uygulanmayacaktır. Kampanyadan faydalanmak için ödeme esnasında 3, 6 veya 9 taksitin seçilmesi gerekmektedir. Kampanyadan Dünya Katılım Paraf kartlar faydalanabilecektir. Sanal kartlar kampanyaya dahildir. ParafPara kullanılarak yapılan işlemler ile iptal ve iade işlemleri dahil değildir. Yasal mevzuat gereği, mal veya hizmet alımı sonrası belli bir ücret karşılığı borcun taksitlendirilmesi veya ödemenin ertelendiği dönemler de dâhil o",https://dunyakatilim.com.tr/kampanyalar/gurgencler,2026-08-10T11:18:16+00:00,official_source_date_gated
412,Dünya Katılım,Hepsiburada'da Peşin Fiyatına 6 Aya Varan Taksit Fırsatı!,Kart / Taksit Kampanyası,card_campaign,,6 taksit,Bireysel Müşteriler,6 taksit,,Vade farksız (%0),,,,,6.000 TL,,100 TL,1.000 TL,,2026-08-31,,"Dünya Katılım Paraf ile www.hepsiburada.com ve mobil uygulamasından tek seferde yapılacak alışverişlerde vade farksız 3-6 taksit imkanı sunulacaktır. 100 TL altındaki alışverişlerde taksitlendirme yapılmaz. 100 TL – 1.000 TL arası alışverişlerde vade farklı en fazla 12 taksit uygulanmaktadır. 1.000 TL – 6.000 TL ve arası alışverişlerde peşin fiyatına 3 taksit, 3 taksit üzerindeki taksitlerde vade farkı uygulanmaktadır. 6.000 TL ve üzeri alışverişlerde peşin fiyatına 6 taksit, 6 taksit üzerindeki taksitlerde vade farkı uygulanmaktadır. Peşin fiyatına 6 taksit kampanyası sadece seçili ürünler özelinde geçerlidir. Kampanyadan faydalanmak için ödeme esnasında ilgili taksitin seçilmesi gerekmektedir. Kampanyaya iliş",https://dunyakatilim.com.tr/kampanyalar/hepsiburada,2026-08-10T11:18:16+00:00,official_source_date_gated
330,Dünya Katılım,ITOPYA.COM'da Vade Farksız 6 Taksit Fırsatı!,Kart / Taksit Kampanyası,card_campaign,,6 taksit,"Kart Sahipleri,Bireysel Müşteriler",6 taksit,,Vade farksız (%0),,,,,,,,,,2026-08-31,,"Dünya Katılım Paraf ile Itopya mağazaları ve www.itopya.com ’dan yapılacak taksitli alışverişinize vade farksız 6 taksit imkanı sunulacaktır. Kampanyadan faydalanmak için ödeme esnasında POS üzerinden 6 taksitin seçilmesi gerekmektedir. Kampanyaya ilişkin geriye dönük yararlandırma ve değişiklik yapılmayacaktır. Kampanya Paraf POS’undan yapılan işlemlerde geçerli olacaktır. Kampanyadan Dünya Katılım Paraf kartlar faydalanabilecektir. Sanal kartlar kampanyaya dahildir. ParafPara kullanılarak yapılan işlemler ile iptal ve iade işlemleri dahil değildir. Taksitli satışlarda taksit sayısı ürün gruplarına göre değişmektedir. Taksit sayısı, yasal mevzuat tarafından ürün grupları için açıklanan azami taksit sayısını ge",https://dunyakatilim.com.tr/kampanyalar/itopya,2026-08-10T11:18:16+00:00,official_source_date_gated
334,Dünya Katılım,Kip’te 5 Taksit Fırsatı!,Kart / Taksit Kampanyası,card_campaign,,5 taksit,,5 taksit,,,,,,,,,,,,2026-08-31,,Dünya Katılım Paraf ile KİP mağazaları ve www.kip.com.tr ’de Paraf POS’larından yapılacak alışverişlerde 5 taksit imkanı sunulacaktır. Kampanyadan Dünya Katılım Paraf kartlar faydalanabilecektir. Sanal kartlar kampanyaya dahildir. ParafPara kullanılarak yapılan işlemler ile iptal ve iade işlemleri dahil değildir. Mağazalardan yapılacak alışverişlerde 5 taksitten yararlanabilmek için kampanyanın satış görevlisine belirtilmesi gerekmektedir. Dünya Katılım Bankası A.Ş. kampanya koşullarının tamamında değişiklik yapma ve/veya kampanyayı durdurma hakkını saklı tutar. Paraf Kampanyaları Devam ediyor Bitiş Tarihi: 31 Ağustos 2026 Diğer Kampanyalar,https://dunyakatilim.com.tr/kampanyalar/kip,2026-08-10T11:18:16+00:00,official_source_date_gated
336,Dünya Katılım,Monster Notebook’ta Peşin Fiyatına 12 Aya Varan Taksit Fırsatı!,Kart / Taksit Kampanyası,card_campaign,,12 taksit,"Kart Sahipleri,Bireysel Müşteriler",12 taksit,,Vade farksız (%0),,,,,,,,,,2026-08-31,,"Dünya Katılım Paraf ile Monster Notebook mağazalarında ve www.monsternotebook.com.tr ’de yapılacak taksitli alışverişlerde vade farksız 12 aya varan taksit imkanı sunulacaktır. Kampanyadan faydalanmak için ödeme esnasında POS üzerinden 3, 6, 9 veya 12 taksitin seçilmesi gerekmektedir. Kampanyaya ilişkin geriye dönük yararlandırma ve değişiklik yapılmayacaktır. Kampanya Paraf POS’undan yapılan işlemlerde geçerli olacaktır. Kampanyadan Dünya Katılım Paraf kartlar faydalanabilecektir. Sanal kartlar kampanyaya dahildir. ParafPara kullanılarak yapılan işlemler ile iptal ve iade işlemleri dahil değildir. Taksitli satışlarda taksit sayısı ürün gruplarına göre değişmektedir. Taksit sayısı, yasal mevzuat tarafından ürün",https://dunyakatilim.com.tr/kampanyalar/monster,2026-08-10T11:18:16+00:00,official_source_date_gated
337,Dünya Katılım,N11'de Peşin Fiyatına 3 Taksit Fırsatı,Kart / Taksit Kampanyası,card_campaign,,3 taksit,,3 taksit,,,,,,,2.000 TL,,,,,2026-08-31,,"Dünya Katılım Paraf ile n11’de tek seferde yapılacak alışverişlerde peşin fiyatına 3 aya varan taksit imkanı sunulmaktadır. Peşin fiyatına 3 taksit uygulaması sepet toplamı 2.000 TL ve üzeri siparişlerde geçerlidir. n11 belirli kategorilerde yer alan ürünleri peşin fiyatına taksit uygulamasından hariç tutabilir. Kampanyadan faydalanmak için ödeme esnasında ilgili taksitlerin seçilmesi gerekmektedir. Kampanyaya ilişkin geriye dönük yararlandırma ve değişiklik yapılmayacaktır. Kampanya Paraf POS’undan yapılan işlemlerde geçerli olacaktır. Taksitler, Bankacılık Düzenleme ve Denetleme Kurulu tarafından taksit kısıtı kapsamında yer almayan ürünler için geçerlidir. Kampanyadan Dünya Katılım Paraf kartlar faydalanabil",https://dunyakatilim.com.tr/kampanyalar/n11,2026-08-10T11:18:16+00:00,official_source_date_gated
338,Dünya Katılım,Network’te 4 Taksit Fırsatı!,Kart / Taksit Kampanyası,card_campaign,,4 taksit,,4 taksit,,,,,,,,,,,,2026-08-31,,Dünya Katılım Paraf ile Network mağazaları ve network.com.tr’de Paraf POS’larından yapılacak alışverişlerde 4 taksit imkanı sunulacaktır. Kampanyadan Dünya Katılım Paraf kartlar faydalanabilecektir. Sanal kartlar kampanyaya dahildir. ParafPara kullanılarak yapılan işlemler ile iptal ve iade işlemleri dahil değildir. Mağazalardan yapılacak alışverişlerde 4 taksitten yararlanabilmek için kampanyanın satış görevlisine belirtilmesi gerekmektedir. Dünya Katılım Bankası A.Ş. kampanya koşullarının tamamında değişiklik yapma ve/veya kampanyayı durdurma hakkını saklı tutar. Paraf Kampanyaları Devam ediyor Bitiş Tarihi: 31 Ağustos 2026 Diğer Kampanyalar,https://dunyakatilim.com.tr/kampanyalar/network,2026-08-10T11:18:16+00:00,official_source_date_gated
339,Dünya Katılım,Paraf ile Demirdöküm’de 9 Aya Varan Taksit Fırsatı!,Kart / Taksit Kampanyası,card_campaign,,9 taksit,,9 taksit,,Vade farksız (%0),,,,,,,,,,2026-08-31,,Dünya Katılım Paraf ile Paraf üyesi Demirdöküm sanal Pos’u üzerinden gerçekleşecek işlemlere vade farksız 9 ay taksit imkanı sunulacaktır. Kampanyaya sadece Demirdöküm’ün kendi POS’undan gerçekleşen işlemler dahildir. Bayi POS’undan gerçekleşen işlemler dahil değildir. Taksit kampanyasından yararlanabilmek için işlem anında satış görevlisine taksit sayısının iletilmesi gerekmektedir. Mağazalardan ya da internet mağazasından yapılacak alışverişlere sistem tarafından artı taksit uygulanmayacaktır. Kampanyadan Dünya Katılım Paraf kartlar faydalanabilecektir. Sanal kartlar kampanyaya dahildir. ParafPara kullanılarak yapılan işlemler ile iptal ve iade işlemleri dahil değildir. Dünya Katılım Bankası A.Ş. kampanya koş,https://dunyakatilim.com.tr/kampanyalar/demirdokum,2026-08-10T11:18:16+00:00,official_source_date_gated
340,Dünya Katılım,Paraf ile Evidea’da 4 Taksit Fırsatı!,Kart / Taksit Kampanyası,card_campaign,,4 taksit,,4 taksit,,,,,,,,,,,,2026-08-31,,Dünya Katılım Paraf ile Evidea web sitesi ve mağazalarında Paraf POS’u üzerinden taksitli alışverişlere 4 taksit uygulanacaktır. Mağazalardan ya da internet mağazasından yapılacak alışverişlere sistem tarafından artı taksit uygulanmayacaktır. Kampanyadan faydalanmak için ödeme esnasında POS üzerinden 4 taksitin seçilmesi gerekmektedir. Kampanyaya ilişkin geriye dönük yararlandırma ve değişiklik yapılmayacaktır. Kampanyadan Dünya Katılım Paraf kartlar faydalanabilecektir. Sanal kartlar kampanyaya dahildir. ParafPara kullanılarak yapılan işlemler ile iptal ve iade işlemleri dahil değildir. Dünya Katılım Bankası A.Ş. kampanya koşullarının tamamında değişiklik yapma ve/veya kampanyayı durdurma hakkını saklı tutar.,https://dunyakatilim.com.tr/kampanyalar/evidea,2026-08-10T11:18:16+00:00,official_source_date_gated
341,Dünya Katılım,Paraf ile Koçtaş'ta 5 Taksit Fırsatı!,Kart / Taksit Kampanyası,card_campaign,,5 taksit,,5 taksit,,,,,,,,,,,,2026-08-31,,Dünya Katılım Paraf ile Koçtaş’ta Paraf POS'undan yapacağınız alışverişlerinize 5 taksit fırsatı sunulacaktır. Taksit kampanyasından yararlanabilmek için işlem anında 5 taksitin seçilmesi gerekmektedir. İşlem gerçekleştikten sonra artı taksit uygulanmayacaktır. Kampanyadan Dünya Katılım Paraf kartlar faydalanabilecektir. Sanal kartlar kampanyaya dahildir. ParafPara kullanılarak yapılan işlemler ile iptal ve iade işlemleri dahil değildir. Dünya Katılım Bankası A.Ş. kampanya koşullarının tamamında değişiklik yapma ve/veya kampanyayı durdurma hakkını saklı tutar. Paraf Kampanyaları Devam ediyor Bitiş Tarihi: 31 Ağustos 2026 Diğer Kampanyalar,https://dunyakatilim.com.tr/kampanyalar/koctas,2026-08-10T11:18:16+00:00,official_source_date_gated
415,Dünya Katılım,Paraf ile Yenilio'da Peşin Fiyatına 12 Aya Varan Taksit Fırsatı!,Kart / Taksit Kampanyası,card_campaign,,12 taksit,,12 taksit,,,,,,,,,,,,2026-08-31,,"Dünya Katılım Paraf ile Yenilio mağazalarında ve yenilio.com’da Paraf POS’undan yapılacak alışverişlere 12 aya varan taksit fırsatı sağlanacaktır. Taksit kampanyasından yararlanabilmek için işlem anında seçilmesi veya satış görevlisine 12 taksit talebinin iletilmesi gerekmektedir. Mağazalardan ya da internet mağazasından yapılacak alışverişlere sistem tarafından artı taksit uygulanmayacaktır. Kampanyadan Dünya Katılım Paraf kartlar faydalanabilecektir. Sanal kartlar kampanyaya dahildir. Kampanya kapsamında yapılan işlemlerin iade ve iptal edilmesi durumunda, iptal ve iade edilen işlemler kampanyaya dahil edilm eyecektir. İşlemin iadesi ile birlikte kampanya tutar kriterinin altına düşmesi durumunda verilen para",https://dunyakatilim.com.tr/kampanyalar/yenilio,2026-08-10T11:18:16+00:00,official_source_date_gated
342,Dünya Katılım,Paraf İle ADV Mağazalarında 6 Taksit Fırsatı!,Kart / Taksit Kampanyası,card_campaign,,6 taksit,,6 taksit,,,,,,,,,,,,2026-08-31,,Dünya Katılım Paraf ile ADV mağazalarında Paraf POS’larından yapılacak alışverişlerde 6 aya varan taksit imkanı sunulacaktır. Mağazalardan yapılacak alışverişlerde 6 taksitten yararlanabilmek için kampanyanın satış görevlisine belirtilmesi gerekmektedir. Kampanyadan Dünya Katılım Paraf kartlar faydalanabilecektir. Sanal kartlar kampanyaya dahildir. ParafPara kullanılarak yapılan işlemler ile iptal ve iade işlemleri dahil değildir. Dünya Katılım Bankası A.Ş. kampanya koşullarının tamamında değişiklik yapma ve/veya kampanyayı durdurma hakkını saklı tutar. Paraf Kampanyaları Devam ediyor Bitiş Tarihi: 31 Ağustos 2026 Diğer Kampanyalar,https://dunyakatilim.com.tr/kampanyalar/adv,2026-08-10T11:18:16+00:00,official_source_date_gated
343,Dünya Katılım,Paraf İle Damat Tween’de 6 Taksit Fırsatı!,Kart / Taksit Kampanyası,card_campaign,,6 taksit,,6 taksit,,,,,,,,,,,,2026-08-31,,Dünya Katılım Paraf ile Paraf POS’larından yapılacak alışverişlerde 6 aya varan taksit imkanı sunulacaktır. Mağazalardan yapılacak alışverişlerde 6 taksitten yararlanabilmek için kampanyanın satış görevlisine belirtilmesi gerekmektedir. Kampanyadan Dünya Katılım Paraf kartlar faydalanabilecektir. Sanal kartlar kampanyaya dahildir. ParafPara kullanılarak yapılan işlemler ile iptal ve iade işlemleri dahil değildir. Dünya Katılım Bankası A.Ş. kampanya koşullarının tamamında değişiklik yapma ve/veya kampanyayı durdurma hakkını saklı tutar. Paraf Kampanyaları Devam ediyor Bitiş Tarihi: 31 Ağustos 2026 Diğer Kampanyalar,https://dunyakatilim.com.tr/kampanyalar/damat-tween,2026-08-10T11:18:16+00:00,official_source_date_gated
344,Dünya Katılım,Paraf İle Zsa Zsa Zsu Mağazalarında 6 Taksit Fırsatı!,Kart / Taksit Kampanyası,card_campaign,,6 taksit,,6 taksit,,,,,,,,,,,,2026-08-31,,Dünya Katılım Paraf ile Zsa Zsa Zsu mağazalarında Paraf POS’larından yapacağınız alışverişlerde 6 taksit imkanı sağlanacaktır. Yapmak istediğiniz taksit sayısını satış görevlisine bildirmeniz gerekmektedir. Mağazalardan yapılacak alışverişlerde sistem tarafından artı taksit uygulanmayacaktır. Kampanyadan Dünya Katılım Paraf kartlar faydalanabilecektir. Sanal kartlar kampanyaya dahildir. ParafPara kullanılarak yapılan işlemler ile iptal ve iade işlemleri dahil değildir. Dünya Katılım Bankası A.Ş. kampanya koşullarının tamamında değişiklik yapma ve/veya kampanyayı durdurma hakkını saklı tutar. Paraf Kampanyaları Devam ediyor Bitiş Tarihi: 31 Ağustos 2026 Diğer Kampanyalar,https://dunyakatilim.com.tr/kampanyalar/zsa-zsa-zsu,2026-08-10T11:18:16+00:00,official_source_date_gated
345,Dünya Katılım,Pazarama’da Peşin Fiyatına 6 Taksit Fırsatı!,Kart / Taksit Kampanyası,card_campaign,,6 taksit,,6 taksit,,Vade farksız (%0),,,,,600 TL,,,,,2026-08-31,,"Dünya Katılım Paraf ile pazarama.com ve mobil uygulamasından tek seferde yapılacak alışverişlerde peşin fiyatına 6 aya varan taksit imkanı sunulmaktadır. Kampanya kapsamında 600 TL ve üzeri alışverişlerde peşin fiyatına 2 taksit, 1.000 TL ve üzeri alışverişlerde peşin fiyatına 3 taksit, 6.000 TL ve üzeri alışverişlerde peşin fiyatına 6 taksit fırsatından yararlanılabilir. Kampanyadan faydalanmak için ödeme esnasında ilgili taksitlerin seçilmesi gerekmektedir. Kampanyaya ilişkin geriye dönük yararlandırma ve değişiklik yapılmayacaktır. Kampanya Paraf POS’undan yapılan işlemlerde geçerli olacaktır. Peşin fiyatına taksit uygulaması belirli ürün, kategori ve/veya satıcılara göre değişkenlik gösterebilir. Kupon, ind",https://dunyakatilim.com.tr/kampanyalar/pazarama-paraf,2026-08-10T11:18:16+00:00,official_source_date_gated
413,Dünya Katılım,PttAVM.com'da Peşin Fiyatına 3 Taksit Fırsatı!,Kart / Taksit Kampanyası,card_campaign,,3 taksit,,3 taksit,,Vade farksız (%0),,,,,,,,,,2026-08-31,,"Dünya Katılım Paraf Kartları ile www.pttavm.com adresinden tek seferde yapılacak alışverişlerde vade farksız 3 taksit imkanı sunulacaktır. Kampanyadan faydalanmak için ödeme esnasında ilgili taksitin seçilmesi gerekmektedir. Peşin fiyatına taksit uygulaması belirli ürün, kategori ve/veya satıcılara göre değişkenlik gösterebilir Kampanyaya ilişkin geriye dönük yararlandırma ve değişiklik yapılmayacaktır. Kampanya Paraf POS’undan yapılan işlemlerde geçerli olacaktır. Pttavm belirli kategorilerde ve belirli tutarda yer alan ürünleri peşin fiyatına taksit uygulamasından hariç tutabilir. BDDK tarafından yayınlanan kredi kartları taksit sınırlaması kapsamında, satılan ürünlere göre taksit geçerli olmayabilir veya tak",https://dunyakatilim.com.tr/kampanyalar/pttavm,2026-08-10T11:18:16+00:00,official_source_date_gated
346,Dünya Katılım,Ramsey’de 5 Taksit Fırsatı!,Kart / Taksit Kampanyası,card_campaign,,5 taksit,,5 taksit,,,,,,,,,,,,2026-08-31,,Dünya Katılım Paraf ile Ramsey mağazaları ve ramsey.com.tr ’de Paraf POS’larından yapılacak alışverişlerde 5 taksit imkanı sunulacaktır. Kampanyadan Dünya Katılım Paraf kartlar faydalanabilecektir. Sanal kartlar kampanyaya dahildir. ParafPara kullanılarak yapılan işlemler ile iptal ve iade işlemleri dahil değildir. Mağazalardan yapılacak alışverişlerde 5 taksitten yararlanabilmek için kampanyanın satış görevlisine belirtilmesi gerekmektedir. Dünya Katılım Bankası A.Ş. kampanya koşullarının tamamında değişiklik yapma ve/veya kampanyayı durdurma hakkını saklı tutar. Paraf Kampanyaları Devam ediyor Bitiş Tarihi: 31 Ağustos 2026 Diğer Kampanyalar,https://dunyakatilim.com.tr/kampanyalar/ramsey,2026-08-10T11:18:16+00:00,official_source_date_gated
414,Dünya Katılım,Schafer Mağazalarında Vade Farksız 9 Aya Varan Taksit Fırsatı!,Kart / Taksit Kampanyası,card_campaign,,9 taksit,,9 taksit,,Vade farksız (%0),,,,,,,,,,2026-08-31,,Dünya Katılım Paraf ile Schafer mağazalarında Paraf POS’larından yapacağınız alışverişlerde vade farksız 9 aya varan taksit imkanı sağlanacaktır. Mağazalardan yapılacak alışverişlere sistem tarafından artı taksit uygulanmayacaktır. Yapmak istediğiniz taksit sayısını satış görevlisine bildirmeniz gerekmektedir Kampanyadan Dünya Katılım Paraf kartlar faydalanabilecektir. Sanal kartlar kampanyaya dahildir. ParafPara kullanılarak yapılan işlemler ile iptal ve iade işlemleri dahil değildir. Dünya Katılım Bankası A.Ş. kampanya koşullarının tamamında değişiklik yapma ve/veya kampanyayı durdurma hakkını saklı tutar. Paraf Kampanyaları Devam ediyor Bitiş Tarihi: 31 Ağustos 2026 Diğer Kampanyalar,https://dunyakatilim.com.tr/kampanyalar/schafer,2026-08-10T11:18:16+00:00,official_source_date_gated
348,Dünya Katılım,Touristica.com.tr'de Peşin Fiyatına 9 Taksit Fırsatı!,Kart / Taksit Kampanyası,card_campaign,,9 taksit,,9 taksit,,,,,,,,,,,,2026-08-31,,"Dünya Katılım Paraf ile www.touristica.com.tr mağazalarından yapılacak alışverişlerde 9 taksit imkanı sunulacaktır. Taksit sayısı otel bazında değişiklik gösterebilmektedir, işlem tamamlanmadan önce taksit sayısının seçilmesi gerekmektedir. İlgili yasal düzenlemelere istinaden Kuzey Kıbrıs Türk Cumhuriyeti’ne ilişkin harcamalarda taksitlendirme sürelerinin 3 ay olarak uygulanmaktadır, yurt dışına yönelik harcamalarda taksitlendirme yapılamamaktadır. Kampanyadan Dünya Katılım Paraf kartlar faydalanabilecektir. Sanal kartlar kampanyaya dahildir. ParafPara kullanılarak yapılan işlemler ile iptal ve iade işlemleri dahil değildir. DÜNYA KATILIM BANKASI A.Ş. ve TOURAMA TOURİSM SEYAHAT VE TİCARET A.Ş. kampanya koşulla",https://dunyakatilim.com.tr/kampanyalar/touristica,2026-08-10T11:18:16+00:00,official_source_date_gated
349,Dünya Katılım,Trendyol'da Peşin Fiyatına 9 Aya Varan Taksit Fırsatı!,Kart / Taksit Kampanyası,card_campaign,,9 taksit,Bireysel Müşteriler,9 taksit,,,,,,,1.000 TL,,,,,2026-08-31,,Dünya Katılım Paraf ile trendyol.com ve mobil uygulamasından tek seferde yapacağınız 1.000 TL ve üzeri taksitli alışverişlerinizde peşin fiyatına 3 taksit; 6.000 TL ve üzeri seçili ürünlerde peşin fiyatına 6 taksit; 10.000 TL ve üzeri seçili ürünlerde 9 taksit fırsatı sunulacaktır. Peşin fiyatına 6 ve 9 taksit kampanyası sadece seçili ürünler özelinde geçerlidir. Kampanyadan faydalanmak için ödeme esnasında ilgili taksitin seçilmesi gerekmektedir. Kampanyaya ilişkin geriye dönük yararlandırma ve değişiklik yapılmayacaktır. Peşin fiyatına Taksit kampanyası tek seferde 200.000 TL’ye kadar olan işlemlerde geçerlidir. Kampanya Paraf POS’undan yapılan işlemlerde geçerli olacaktır. Peşin fiyatına 3 taksit kampanyası,https://dunyakatilim.com.tr/kampanyalar/trendyol,2026-08-10T11:18:16+00:00,official_source_date_gated
351,Dünya Katılım,Twist’te 4 Taksit Fırsatı!,Kart / Taksit Kampanyası,card_campaign,,4 taksit,,4 taksit,,,,,,,,,,,,2026-08-31,,Dünya Katılım Paraf ile Twist mağazaları ve www.twist.com.tr ’de Paraf POS’larından yapılacak alışverişlerde 4 taksit imkanı sunulacaktır. Kampanyadan Dünya Katılım Paraf kartlar faydalanabilecektir. Sanal kartlar kampanyaya dahildir. ParafPara kullanılarak yapılan işlemler ile iptal ve iade işlemleri dahil değildir. Mağazalardan yapılacak alışverişlerde 4 taksitten yararlanabilmek için kampanyanın satış görevlisine belirtilmesi gerekmektedir. Dünya Katılım Bankası A.Ş. kampanya koşullarının tamamında değişiklik yapma ve/veya kampanyayı durdurma hakkını saklı tutar. Paraf Kampanyaları Devam ediyor Bitiş Tarihi: 31 Ağustos 2026 Diğer Kampanyalar,https://dunyakatilim.com.tr/kampanyalar/twist,2026-08-10T11:18:16+00:00,official_source_date_gated
354,Dünya Katılım,VAKKO’da 4 Taksit Fırsatı!,Kart / Taksit Kampanyası,card_campaign,,4 taksit,,4 taksit,,,,,,,,,,,,2026-08-31,,Dünya Katılım Paraf ile Vakko mağazaları ve vakko.com 'da Paraf POS’larından yapılacak alışverişlerde 4 taksit imkanı sunulacaktır. Kampanyadan Dünya Katılım Paraf kartlar faydalanabilecektir. Sanal kartlar kampanyaya dahildir. ParafPara kullanılarak yapılan işlemler ile iptal ve iade işlemleri dahil değildir. Mağazalardan yapılacak alışverişlerde 4 taksitten yararlanabilmek için kampanyanın satış görevlisine belirtilmesi gerekmektedir. Dünya Katılım Bankası A.Ş. kampanya koşullarının tamamında değişiklik yapma ve/veya kampanyayı durdurma hakkını saklı tutar. Paraf Kampanyaları Devam ediyor Bitiş Tarihi: 31 Ağustos 2026 Diğer Kampanyalar,https://dunyakatilim.com.tr/kampanyalar/vakko,2026-08-10T11:18:16+00:00,official_source_date_gated
352,Dünya Katılım,Vaillant’ta 9 Aya Varan Taksit Fırsatı!,Kart / Taksit Kampanyası,card_campaign,,9 taksit,,9 taksit,,Vade farksız (%0),,,,,,,,,,2026-08-31,,Dünya Katılım Paraf ile Paraf üyesi Vaillant sanal Pos’u üzerinden gerçekleşen işlemlere vade farksız 9 aya varan taksit imkanı sunulacaktır. Kampanyaya sadece Vaillant’ın kendi POS’undan gerçekleşen işlemler dahildir. Bayi POS’undan gerçekleşen işlemler dahil değildir. Taksit kampanyasından yararlanabilmek için işlem anında satış görevlisine taksit sayısının iletilmesi gerekmektedir. Mağazalardan ya da internet mağazasından yapılacak alışverişlere sistem tarafından artı taksit uygulanmayacaktır. Kampanyadan Dünya Katılım Paraf kartlar faydalanabilecektir. Sanal kartlar kampanyaya dahildir. ParafPara kullanılarak yapılan işlemler ile iptal ve iade işlemleri dahil değildir. Dünya Katılım Bankası A.Ş. kampanya ko,https://dunyakatilim.com.tr/kampanyalar/vaillant,2026-08-10T11:18:16+00:00,official_source_date_gated
353,Dünya Katılım,Vakkorama’da 4 taksit Fırsatı!,Kart / Taksit Kampanyası,card_campaign,,4 taksit,,4 taksit,,,,,,,,,,,,2026-08-31,,Dünya Katılım Paraf ile Vakkorama mağazaları ve vakkorama.com'da Paraf POS’larından yapılacak alışverişlerde 4 taksit imkanı sunulacaktır. Kampanyadan Dünya Katılım Paraf kartlar faydalanabilecektir. Sanal kartlar kampanyaya dahildir. ParafPara kullanılarak yapılan işlemler ile iptal ve iade işlemleri dahil değildir. Mağazalardan yapılacak alışverişlerde 4 taksitten yararlanabilmek için kampanyanın satış görevlisine belirtilmesi gerekmektedir. Dünya Katılım Bankası A.Ş. kampanya koşullarının tamamında değişiklik yapma ve/veya kampanyayı durdurma hakkını saklı tutar. Paraf Kampanyaları Devam ediyor Bitiş Tarihi: 31 Ağustos 2026 Diğer Kampanyalar,https://dunyakatilim.com.tr/kampanyalar/vakkorama,2026-08-10T11:18:16+00:00,official_source_date_gated
355,Dünya Katılım,Vatan’da Peşin Fiyatına 6 Aya Varan Taksit Fırsatı!,Kart / Taksit Kampanyası,card_campaign,,6 taksit,"Kart Sahipleri,Bireysel Müşteriler",6 taksit,,Vade farksız (%0),,,,,,,,,,2026-08-31,,"Dünya Katılım Paraf ile Vatan Bilgisayar mağazalarında ve vatanbilgisayar.com web adresinden Paraf POS’u üzerinden yapılacak taksitli alışverişlerde vade farksız 6 aya varan taksit imkanı sunulacaktır. Kampanyadan faydalanmak için ödeme esnasında POS üzerinden 2, 3, 4, 5 veya 6 taksitin seçilmesi gerekmektedir. Kampanyaya ilişkin geriye dönük yararlandırma ve değişiklik yapılmayacaktır. Kampanya Paraf POS’undan yapılan işlemlerde geçerli olacaktır. Kampanyadan Dünya Katılım Paraf kartlar faydalanabilecektir. Sanal kartlar kampanyaya dahildir. ParafPara kullanılarak yapılan işlemler ile iptal ve iade işlemleri dahil değildir. Taksitli satışlarda taksit sayısı ürün gruplarına göre değişmektedir. Taksit sayısı, ya",https://dunyakatilim.com.tr/kampanyalar/vatan,2026-08-10T11:18:16+00:00,official_source_date_gated
356,Dünya Katılım,Vestel’de 9 Aya Varan Taksit Fırsatı!,Kart / Taksit Kampanyası,card_campaign,,9 taksit,,9 taksit,,,,,,,,,,,,2026-08-31,,"Dünya Katılım Paraf kartları ile Vestel.com.tr 'den yapacağınız alışverişlerinizde peşin fiyatına 7 taksit, Paraf üyesi olan Vestel mağazalarında ise 9’a varan taksit fırsatından faydalanabilirsiniz. İşleminiz esnasında satış yetkilisine taksit talebi iletilmelidir. Taksitten yararlanabilmek için POS üzerinden taksitin seçilmesi gerekmektedir. İşlem anındaki üye işyeri uygulamalarına ve satın alınan ürüne bağlı olarak taksit sayıları değişkenlik gösterebilmektedir. Bireysel ve ticari kartlar için uygulanan azami taksit sayısı yasal düzenlemelere göre farklılık gösterebilmektedir. Kampanyadan Dünya Katılım Paraf kartlar faydalanabilecektir. Sanal kartlar kampanyaya dahildir. ParafPara kullanılarak yapılan işleml",https://dunyakatilim.com.tr/kampanyalar/vestel,2026-08-10T11:18:16+00:00,official_source_date_gated
357,Dünya Katılım,Yataş’ta 8 Taksit Fırsatı!,Kart / Taksit Kampanyası,card_campaign,,8 taksit,,8 taksit,,,,,,,,,,,,2026-08-31,,"Dünya Katılım Paraf ile Yataş Bedding, Yataş Enza, Yataş Puffy ve Yataş Divanev mağazalarında veya web sitelerinden Paraf Posların’dan yapacağınız alışverişlerde 8 taksit imkanı sağlanacaktır. Mağazalardan yapılacak alışverişlere sistem tarafından artı taksit uygulanmayacaktır. Yapmak istediğiniz taksit sayısını satış görevlisine bildirmeniz gerekmektedir. Kampanyadan Dünya Katılım Paraf kartlar faydalanabilecektir. Sanal kartlar kampanyaya dahildir. ParafPara kullanılarak yapılan işlemler ile iptal ve iade işlemleri dahil değildir. Franchise mağazalarda taksit sayısı farklılık gösterebilir. Dünya Katılım Bankası A.Ş. kampanya koşullarının tamamında değişiklik yapma ve/veya kampanyayı durdurma hakkını saklı tut",https://dunyakatilim.com.tr/kampanyalar/yatas,2026-08-10T11:18:16+00:00,official_source_date_gated
332,Dünya Katılım,İncehesap.Com'da Peşin Fiyatına 3 Taksit Fırsatı!,Kart / Taksit Kampanyası,card_campaign,,3 taksit,"Kart Sahipleri,Bireysel Müşteriler",3 taksit,,,,,,,,,,,,2026-08-31,,"Dünya Katılım Paraf ile www.incehesap.com web adresinde Paraf POS’undan yapılacak alışverişlerinize peşin fiyatına 3 taksit imkanı sunulacaktır. Taksit kampanyasından yararlanabilmek için işlem anında 3 taksitin seçilmesi gerekmektedir. İşlem gerçekleştikten sonra artı taksit uygulanmayacaktır. Yasal mevzuat gereği, mal veya hizmet alımı sonrası belli bir ücret karşılığı borcun taksitlendirilmesi veya ödemenin ertelendiği dönemler de dâhil olmak üzere, kredi kartları ile gerçekleştirilecek mal ve hizmet alımları ile nakit çekimlerinde taksitlendirme süresi bireysel kredi kartları için 12 ayı, kurumsal/ticari kredi kartları için ise 18 ayı geçemez. Bu süre bireysel kredi kartları ile yapılan; basılı ve külçe hal",https://dunyakatilim.com.tr/kampanyalar/incehesap,2026-08-10T11:18:16+00:00,official_source_date_gated
333,Dünya Katılım,İpekyol’da 4 Taksit Fırsatı!,Kart / Taksit Kampanyası,card_campaign,,4 taksit,,4 taksit,,,,,,,5.000 TL,,,,,2026-08-31,,Dünya Katılım Paraf ile İpekyol mağazaları ve www.ipekyol.com.tr ’de Paraf POS’larından yapılacak 5.000 TL üzeri alışverişlerde 4 taksit imkanı sunulacaktır. Kampanyadan Dünya Katılım Paraf kartlar faydalanabilecektir. Sanal kartlar kampanyaya dahildir. ParafPara kullanılarak yapılan işlemler ile iptal ve iade işlemleri dahil değildir. Mağazalardan yapılacak alışverişlerde 4 taksitten yararlanabilmek için kampanyanın satış görevlisine belirtilmesi gerekmektedir. Dünya Katılım Bankası A.Ş. kampanya koşullarının tamamında değişiklik yapma ve/veya kampanyayı durdurma hakkını saklı tutar. Paraf Kampanyaları Devam ediyor Bitiş Tarihi: 31 Ağustos 2026 Diğer Kampanyalar,https://dunyakatilim.com.tr/kampanyalar/ipekyol,2026-08-10T11:18:16+00:00,official_source_date_gated
321,Dünya Katılım,Altın Kazandıran Alışveriş Dünya Katılım’da !,Puan Kampanyası,points_campaign,,Kart Kampanyaları Bitiş Tarihi: - Diğer Kampanyalar,Kart Sahipleri,,,,,,,,,7.500 TL,,,,,,"Kampanyadan bireysel DKart Debit, DKart Kredi Kartı, Paraf Kredi Kartı ve Paraf Platinum Kredi Kartları faydalanabilir. Bireysel DKart Debit kartlar ile yapılacak toplamda 7.500 TL, kredi kartları ile yapılacak toplamda 12.500 TL harcamadan 0,01 gr altın kazanılacaktır. Kazanılan gram altınlar 0,01 gr’a ulaşınca Mobil Şube ya da İnternet Şube’den görülebilecektir. Kazanılan altın 1 grama ulaştığında Mobil Şube ya da İnternet Şube’den, Fiziki Altın İşlemleri menüsünden gönderimi istenebilecektir. Fiziki altın gönderilebilmesi için kart sahibinin borcunun bulunmaması, en son kesilmiş kredi kartı ekstresinin tamamının ödenmiş olması gerekmektedir. Kargo ve sigorta ücretleri Dünya Katılım tarafından karşılanacaktır",https://dunyakatilim.com.tr/kampanyalar/altin-kesemTicari,2026-08-10T11:18:16+00:00,official_source_date_gated
322,Dünya Katılım,"Davet Et, Altın Kazan!",Yeni Müşteri Kampanyası,new_customer_campaign,,"🟡 Yeni Müşteri Davet Et, Altın Kazan!","Mevcut Müşteriler,Bireysel Müşteriler,Yeni Müşteriler",,,,,,,,,,,,,,,"🟡 Yeni Müşteri Davet Et, Altın Kazan! Dünya Katılım, müşterilerine özel hazırladığı bu kampanya ile yakınlarını davet eden müşterilerine altın kazandırıyor. Dünya Katılım Mobil Şube'de yer alan size özel davet kodunu paylaşarak yeni müşteri kazandırabilir, davetinizle müşteri olup Paraf Kart başvurusu yapan her kişi için Altın Kesenizde 0,1 gram altın biriktirebilirsiniz. 🚀 Hemen Davet Et, Kazanmaya Başla! Dünya Katılım Mobil Şube'ye giriş yaparak size özel davet kodunuzu görüntüleyebilir, yakınlarınızı Dünya Katılım'a davet ederek altın biriktirmeye başlayabilirsiniz. 🧭 Adım Adım Nasıl Katılım Sağlanır? Kampanyadan faydalanmak için aşağıdaki adımları tamamlamanız yeterlidir: 1. Mobil Şube'ye Giriş Dünya Katılı",https://dunyakatilim.com.tr/kampanyalar/davetetkazan,2026-08-10T11:18:16+00:00,official_source_date_gated
324,Dünya Katılım,DKart Debit'le Jack & Jones’da Harcadıkça Kazanın!,İndirim Kampanyası,discount_campaign,,%18 indirim/iade,"Kart Sahipleri,Bireysel Müşteriler",,,,,,,,,,,,,2026-08-31,,"Dkart Debit Kartınızla Jack & Jones alışverişlerinizde nakit iade kazanma fırsatı sizi bekliyor! 💸 Dkart Debit Kartınızla Jack & Jones mağazalarından yapacağınız alışverişlerinizde işlem tutarlarınızın %18 ’i kadar nakit iade anında kartınıza yatırılacaktır. 🛍 📌Kampanya detayları Dkart Debit Karta sahip Bireysel müşterilerimiz kampanyadan faydalanabileceklerdir. Hak edilen cashback tutarları yapılan işlem sonrası aynı gün içerisinde Dkart Debit kartınızın bağlı olduğu hesabınıza yatırılacaktır. Kampanya Jack & Jones online alışverişlerde geçerli değildir. Kampanya 30.04.2026 tarihine kadar geçerli olacaktır. Dkart Debit ile ilgili detaylı bilgi için tıklayınız . *Dünya Katılım Bankası, kampanya süresi boyunca ş",https://dunyakatilim.com.tr/kampanyalar/jack-jones,2026-08-10T11:18:16+00:00,official_source_date_gated
325,Dünya Katılım,DKart Debit'le Koton’da Harcadıkça Kazanın!,İndirim Kampanyası,discount_campaign,,%8 indirim/iade,"Kart Sahipleri,Bireysel Müşteriler",,,,,,,,,,,,,2026-08-31,,"Dkart Debit Kartınızla Koton alışverişlerinizde nakit iade kazanma fırsatı sizi bekliyor! 💸 Dkart Debit Kartınızla Koton mağazalarından yapacağınız alışverişlerinizde işlem tutarlarınızın %8’i kadar nakit iade anında kartınıza yatırılacaktır. 🛍 📌Kampanya detayları Dkart Debit Karta sahip Bireysel müşterilerimiz kampanyadan faydalanabileceklerdir. Hak edilen cashback tutarları yapılan işlem sonrası aynı gün içerisinde Dkart Debit kartınızın bağlı olduğu hesabınıza yatırılacaktır. Kampanya Koton mağazalarında yapılan alışverişlerde geçerlidir. Kampanya, Koton online alışverişlerde geçerli değildir. Kampanya 30.04.2026 tarihine kadar geçerli olacaktır. Dkart Debit ile ilgili detaylı bilgi için tıklayınız . *Dünya",https://dunyakatilim.com.tr/kampanyalar/koton,2026-08-10T11:18:16+00:00,official_source_date_gated
350,Dünya Katılım,"TROY kartla idefix’te yaz boyunca her 1.000 TL’ye 200 TL, toplamda 3.000 TL’ye varan anında indirim fırsatı!",İndirim Kampanyası,discount_campaign,,200 TL indirim / iade,Kart Sahipleri,,,,,200 TL indirim / iade,,,1.000 TL,3.000 TL,,,2026-08-01,2026-08-31,,"TROY logolu kartınızla idefix’te 10 Haziran – 31 Ağustos 2026 tarihleri arasında tek seferde yapacağınız her 1.000 TL ve üzeri alışverişte 200 TL indirim kuponu fırsatından yararlanın. Her ay en fazla 1.000 TL; yaz boyunca toplamda 3.000 TL’ye varan anında indirim kazanın. Kuponu sepetinizde uygulayın, indirimi yakalayın. Nasıl Kullanırım: TROY indirim kodu, idefix internet sitesi veya mobil uygulamasında sipariş aşaması tamamlanmadan önce sepette ""İndirim Kodu/Uygula"" butonuna tıklanarak seçilmelidir. 200 TL indirime hak kazanmak için; kargo bedeli hariç sepet tutarı tek seferde 1.000 TL ve üzeri olmalıdır. KAMPANYA KOŞULLARI: Kampanya, 10 Haziran 2026 saat 00.01 – 31 Ağustos 2026 saat 23.59 tarihleri arasında",https://dunyakatilim.com.tr/kampanyalar/troy-idefix,2026-08-10T11:18:16+00:00,official_source_date_gated
331,Dünya Katılım,İder Mobilya’da 7 Taksite %15 indirim Fırsatı!,İndirim Kampanyası,discount_campaign,,%15 indirim / iade · 7 taksit,,7 taksit,,,,%15 indirim / iade,,,,,,,,2026-08-31,,"Dünya Katılım Paraf ile İder Mobilya mağazalarında Paraf POS’larından yapacağınız alışverişlerde 7 taksit imkanı sunulacak ve %15 indirim uygulanacaktır. Kampanya kapsamıdan %15 indirim sadece 6 ve 7 taksit için sağlanacaktır. %15 indirim satış anında mağazada uygulanacak olup, indirimli fiyat üzerinden satış yapılacaktır. Kredi kartı ekstresinde indirim yer almayacaktır. Mağazalardan yapılacak alışverişlere sistem tarafından artı taksit uygulanmayacaktır. Yapmak istediğiniz taksit sayısını satış görevlisine bildirmeniz gerekmektedir. Kampanyadan Dünya Katılım Paraf kartlar faydalanabilecektir. Sanal kartlar kampanyaya dahildir. ParafPara kullanılarak yapılan işlemler ile iptal ve iade işlemleri dahil değildir.",https://dunyakatilim.com.tr/kampanyalar/ider,2026-08-10T11:18:16+00:00,official_source_date_gated
361,Hayat Finans,Bana Bunu Al İş Ortağım ile Troy Mağazalarında Taksit Fırsatları,Diğer Finansman,finance_campaign,Diğer Finansman,3 taksit,,3 taksit,3 ay,,,,,,,,,,,2026-08-31,,"Bana Bunu Al İş Ortağım ile Troy Mağazalarında Finansman Fırsatı! Hayat Finanslılara özel Troy mağazalarında 3 aya varan taksit fırsatı Bana Bunu Al İş Ortağımda! Kampanya Koşulları Kampanya 31 Ağustos 2026 tarihine kadar geçerlidir. Kampanya sadece fiziksel mağazalarda geçerlidir. Kampanya üst limiti 80.000TL'dir. Satın alınan ürünün sipariş, teslimat, iptal ve iade işlemlerinde yaşanabilecek sorunlardan Hayat Finans sorumlu değildir. Banka uygun görmediği kredi başvurularını serbestçe değerlendirme, kefil ve ek belge isteme, uygun görmediği kredi başvurularını onaylamama hakkına sahiptir. Hayat Finans kampanyayı dilediği zaman durdurma ve/veya kampanya koşullarını değiştirme yetkisine sahiptir. Biz Kart, Sizi",https://hayatfinans.com.tr/kampanyalar/bana-bunu-al-is-ortagim-ile-troy-magaza-firsatlari,2026-08-10T11:18:31+00:00,official_source_date_gated
368,Hayat Finans,Hayat Finanslılara özel Xiaomi mağazalarında 3 aya varan taksit fırsatı Bana Bunu Al İş Ortağımda!,Diğer Finansman,finance_campaign,Diğer Finansman,3 taksit,,3 taksit,3 ay,,,,,,,,,,,2026-08-31,,"Xiaomi Ürünlerinde Finansman Avantajı Hayat Finanslılara özel Xiaomi mağazalarında 3 aya varan taksit fırsatı Bana Bunu Al İş Ortağımda! Kampanya Koşulları Kampanya 31 Ağustos 2026 tarihine kadar geçerlidir. Kampanya sadece fiziksel mağazalarda geçerlidir. Kampanya üst limiti 40.000TL'dir. Satın alınan ürünün sipariş, teslimat, iptal ve iade işlemlerinde yaşanabilecek sorunlardan Hayat Finans sorumlu değildir. Banka uygun görmediği kredi başvurularını serbestçe değerlendirme, kefil ve ek belge isteme, uygun görmediği kredi başvurularını onaylamama hakkına sahiptir. Hayat Finans kampanyayı dilediği zaman durdurma ve/veya kampanya koşullarını değiştirme yetkisine sahiptir. Biz Kart, Sizi Banka Yapan Kart!",https://hayatfinans.com.tr/kampanyalar/xiaomi-urunlerinde-finansman-avantaji,2026-08-10T11:18:31+00:00,official_source_date_gated
358,Hayat Finans,"Birikimin Büyüsün, Avantajın Bitmesin!",Diğer Kampanya,other_campaign,,"Birikimin Büyüsün, Avantajın Bitmesin!",Bireysel Müşteriler,,,,,,,,,,50.000 TL,2.000.000 TL,2026-05-12,2026-10-08,,"Finansal gücünüzü artırmanın etkili yolu: Avantajlı Hesap ile birikim yaparken avantajlarınız hiç bitmesin. Hayat Finans Avantajlı Hesap Avantajlı Hesap ile birikiminizin büyüklüğüne bakmadan, her zaman yüksek kâr paylaşım oranından yararlanarak birikiminizi güvenle büyütün. Hesabınız açık kaldığı ve finansal işlemlerinizde aktif olduğunuz sürece avantajınız devam eder. Avantajlardan yararlanabilmek için mobil uygulamamızı aşağıdaki buton üzerinden indirebilirsiniz. Veya avantajı kaçırmamak için bilgilerinizi bırakın, sizi arayalım! Avantajlı Hesap Nedir? Avantajlı Hesap, katılım finans ilkelerine uygun olarak yönetilen, her yatırımcıya eşit ve sürdürülebilir avantaj sunan özel bir katılma hesabıdır. ✔ Yüksek K",https://hayatfinans.com.tr/hesaplar/avantajli-hesap,2026-08-10T11:18:31+00:00,official_source_date_gated
367,Hayat Finans,Gümüş İşlemleri Hayat FX'te,Diğer Kampanya,other_campaign,,Kampanya yalnızca gümüş alım ve satım işlemlerini kapsamaktadır.,Bireysel Müşteriler,,,,,,,,,,,,2026-06-01,2026-08-31,,"! Gümüş İşlemlerinde Dar Makas Avantajı Hayat FX’de! Gümüş yatırımlarınızı daha avantajlı koşullarla gerçekleştirin. Hayat FX üzerinden yapacağınız gümüş alım ve satım işlemlerinde, dar makas uygulaması sayesinde işlemlerinizi daha rekabetçi fiyatlarla gerçekleştirebilir, yatırım fırsatlarını daha verimli değerlendirebilirsiniz. 1 Haziran 2026 – 31 Ağustos 2026 tarihleri arasında geçerli kampanya kapsamında, Hayat FX platformunda gümüş işlemi yapan bireysel müşteriler dar makas avantajından yararlanabilecektir. Yatırım işlemlerinizi günün her saatinde Hayat Finans Mobil üzerinden kolayca gerçekleştirebilir, piyasa hareketlerini anlık takip ederek yatırım kararlarınızı hızlı şekilde uygulayabilirsiniz. Kampanya",https://hayatfinans.com.tr/kampanyalar/hayatfx-ile-gumus-islemleri,2026-08-10T11:18:31+00:00,official_source_date_gated
363,Hayat Finans,Biz Kart Arkadaşını Getir & Kazan,Yeni Müşteri Kampanyası,new_customer_campaign,,500 TL ödül,"Bireysel Müşteriler,Yeni Müşteriler",,,,,,500 TL ödül,,,25.000 TL,,,2026-06-16,2026-08-31,,". Bu kampanya Hayat Finans bireysel müşterileri için geçerlidir. 2. Hayat Finans müşterisi olan kişiler Hayat Finans Mobil Uygulaması > Profil > Davet Kodu alanından alacakları kod ile yakınlarını davet edebilir. 3. Kampanya dönemi içerisinde davet edilen kişi, davet kodu ile müşteri olduktan sonra 8-25 yaş aralığındaki çocukları için yapacakları ilk Biz Kart başvurusu için davet eden müşteri 500 TL nakit ödül kazanır. Kazanılan nakit ödül bir gün sonra davet eden kişinin cari hesabına aktarılır. 4. Davet edilen müşteri, birden fazla Biz Kart başvurusu yapsa dahi davet eden kişi, davet edilen kişinin yapmış olduğu yalnızca ilk Biz Kart başvurusundan nakit ödül kazanımı sağlayabilir. 5. Davet eden kişi, davet et",https://hayatfinans.com.tr/kampanyalar/biz-kart-ile-arkadasini-getir-kazan,2026-08-10T11:18:31+00:00,official_source_date_gated
362,Hayat Finans,Biz Kart Dijital Üyelikler,İndirim Kampanyası,discount_campaign,,%75 indirim / iade,Bireysel Müşteriler,,,,,%75 indirim / iade,,,,,,,2026-06-16,2026-08-31,,Biz Kart ile Dijital Üyeliklerde %75 Nakit İade Fırsatı! Kampanya Dönemi: 16 Haziran - 31 Ağustos 2026 Kampanya Koşulları Kampanya Hayat Finans bireysel müşterileri için geçerlidir. Kampanyadan yararlanabilmek için Hayat Finans banka kartına sahip olmanız ve yakınınıza en az 1 adet Biz Kart tanımlamış olmanız gerekmektedir. Yakınlarınıza Biz Kart başvurusu nasıl yapılır? Hayat Finans Mobil Uygulaması > Tüm işlemler > Kartlar > Biz Kart Başvurusu Kampanyadan yararlanabilmek için Hayat Finans Banka Kartınızın “yurt dışı işlemleri ve şifresiz internet alışverişine” açık olması gerekmektedir. Yakınlarınıza tanımladığınız Biz Kart’lar ile ödeme yapılmasını isterseniz “yurt dışı işlemleri ve şifresiz internet alışver,https://hayatfinans.com.tr/kampanyalar/biz-kart-dijital-uyelikler-kampanyasi,2026-08-10T11:18:31+00:00,official_source_date_gated
364,Hayat Finans,Biz Kart Yemek Harcamalarında %10 Nakit İade,İndirim Kampanyası,discount_campaign,,%10 indirim / iade,Bireysel Müşteriler,,,,,%10 indirim / iade,1.000 TL,,,1.000 TL,,,2026-02-06,2026-08-31,,"Biz Kart ile Yemek Harcamalarına 1.000 TL’ye Varan Nakit İade! Yakınlarınıza verdiğiniz Biz Kart ile yemek sektöründe yapılan harcamaların %10’una kadar nakit iade kazanın. Kampanya kapsamında günlük en fazla 100 TL, aylık toplamda ise 1.000 TL’ye kadar nakit iade alabilirsiniz. Kampanya Dönemi: 6 Şubat - 31 Ağustos 2026 Mobil Uygulama Tüm İşlemler> Kartlar> Biz Kart Başvurusu adımlarını takip ederek başvurunuzu hızlıca tamamlayabilirsiniz. Bu kampanya Hayat Finans bireysel müşterileri için geçerlidir. Kampanya Tüm işlemler > Kartlar > Tüm Kartlarım > “Biz Kart” alanındaki yakınlarınıza verdiğiniz kartlar için geçerlidir. Biz Kart ile yemek sektöründe yapılan harcamaların %10’u, günlük en fazla 100 TL, aylık en",https://hayatfinans.com.tr/kampanyalar/biz-kart-yemek-harcamasi-nakit-iade-kampanyasi,2026-08-10T11:18:31+00:00,official_source_date_gated
365,Hayat Finans,Hayat Finans İş Birliği ile GastroClub Ayrıcalıkları Neler Sunuyor?,İndirim Kampanyası,discount_campaign,,%50 indirim/iade,,,,,,,,,,,,,,,,"Harcadıkça Kazan, Cebin Hep Dolu Kalsın! Hayat Finans’ın ayrıcalıklı dünyasında GastroClub üyeliği ile harcadıkça kazan! Hayat Finans Mobil uygulaması üzerinden GastroClub üyeliğinizi oluşturarak seçkin restoranlar, marketler, moda, teknoloji, kuru temizleme, kültür-sanat ve seyahat kategorilerinde %10 ila %50 arasında indirimlerden faydalanın. Size özel ayrıcalıkları kaçırmayın! GastroClub Nedir? GastroClub, Türkiye genelinde 1.200'ü aşkın anlaşmalı işletmede geçerli indirim ve ayrıcalıklar sunan bir sadakat ve üyelik platformudur. GastroClub üyeliği şimdi Hayat Finans müşterilerine özel ve ücretsiz! Hayat Finans'ın Sunduğu GastroClub Ayrıcalıkları Nasıl Kullanılır? 1. Hayat Finans müşterisiyseniz: Uygulamaya",https://hayatfinans.com.tr/kampanyalar/hayat-finans-ile-gastroclub-ayricaliklari,2026-08-10T11:18:31+00:00,official_source_date_gated
366,Hayat Finans,Hayat Finans’la İşlem Yaptıkça Kazan,İndirim Kampanyası,discount_campaign,,100 TL ödül,Bireysel Müşteriler,,,,,,100 TL,,,20 TL,,,2026-07-02,2026-12-31,,"! Masraf yok, kazanç var: Hayat’la Kazan Bankacılık işlemlerinizi kazanca dönüştürün. Günlük bankacılık işlemlerinizi Hayat Finans'tan gerçekleştirin, yaptığınız işlemlerden nakit ödül kazanın. Nakit ödül kazanabileceğiniz işlemler: Gelen Para Transferi Banka Kartı Harcaması Fatura Ödeme Döviz İşlemleri Biz Kart Başvurusu Kazandığınız ödüller Hayat Pay cüzdan hesabınıza yatırılır. Böylece hem Hayat Finans işlemlerinizden hem de Hayat Pay kampanya ve harcamalarınızdan kazandığınız tüm nakit ödüller tek yerde birikir. Biriken Hayat Pay cüzdan bakiyenizi günlük harcamalarınızda kullanabilir veya Hayat Pay uygulaması içerisindeki hediye alanında dilediğiniz ürün ve hizmetlerde değerlendirebilirsiniz. 📢 Kampanya Dön",https://hayatfinans.com.tr/kampanyalar/hayatfinansla-islem-yaptikca-kazan,2026-08-10T11:18:31+00:00,official_source_date_gated
189,Kuveyt Türk,Hepsiburada’da Yeni Müşteriye Özel Vade Farksız 50.000 TL Fırsatı!,Alışveriş Finansmanı,finance_campaign,Alışveriş Finansmanı,9 taksit,"Bireysel Müşteriler,Yeni Müşteriler",9 taksit,9 ay,Vade farksız (%0),50.000 TL,,,,,,,,2025-03-07,2026-12-31,,".03.2025 - 31.12.2026 Kampanyayı Paylaş Hepsiburada mobil uygulamasından oluşturacağınız sepetinizi Kuveyt Türk Alışveriş Finansmanı ile ödemek için Kuveyt Türk müşterisi olun, 5 0.000 TL ’ye kadar vade farksız 9 taksitle alışverişin keyfini çıkarın! Kampanyadan Nasıl Faydalanırım? Kampanya kapsamında müşteri olmadan Kuveyt Türk Alışveriş Finansmanı’na başvurmanız ve müşteri olduktan sonra Kuveyt Türk Mobil uygulamasında Başvurularım ekranından finansman başvurunuzu devam ettirerek tamamlamanız gerekmektedir. Kuveyt Türk Alışveriş Finansmanı Hepsiburada kampanyası ile kredi kartı limitiniz ve nakit paranızdan harcamadan Hepsiburada’da ödeme kolaylığı sunmaktadır. Kampanya, Hepsiburada mobil uygulaması üzerinden",https://kuveytturk.com.tr/kampanyalar/kendim-icin/musteri-ol-kampanyalari/hepsiburadada-yeni-musteriye-ozel-vade-farksiz-50000-tl-firsati,2026-08-25T00:26:37+00:00,official_source_date_gated
120,Kuveyt Türk,Taksitlio’da Yeni Müşterilere Özel Kuveyt Türk Alışveriş Finansmanı Fırsatı!,Alışveriş Finansmanı,finance_campaign,Alışveriş Finansmanı,6 taksit,Yeni Müşteriler,6 taksit,6 ay,"%2,99",100.000 TL,,,,,,,,2026-01-20,2026-12-31,,".01.2026 - 31.12.2026 Kampanyayı Paylaş Taksitlio’nun anlaşmalı olduğu mağazalarda yapacağınız 100.000 TL’ye kadar alışverişlerinizde 6 taksite kadar %2,99 avantajlı kar payı oranı ile alışveriş yapmanın tadını çıkarın! Kuveyt Türk Alışveriş Finansmanı Taksitlio kampanyası ile kredi kartı limitiniz ve nakit paranızdan harcamadan Taksitlio anlaşmalı olduğu mağazalarında ödeme kolaylığı sunmaktadır. Kampanya kapsamında 100.000 TL’ye kadar alışveriş ödemelerinizi 6 taksite kadar %2,99 kampanyalı oran ile yapabilirsiniz. Kampanyadan Taksitlio üzerinden alışveriş finansmanı ürünümüze başvurup yeni müşteri olan (son 30 gün içerisinde) müşterilerimiz yararlanabilirler. Kuveyt Türk Alışveriş Finansmanı’na Taksitlio anl",https://kuveytturk.com.tr/kampanyalar/kendim-icin/finansman-kampanyalari/taksitlioda-yeni-musterilere-ozel-kuveyt-turk-alisveris-finansmani-firsati,2026-08-25T00:26:37+00:00,official_source_date_gated
101,Kuveyt Türk,Araç Finansmanı Onaylanan KOBİ’lere HGS Kampanyası,Diğer Kampanya,other_campaign,,".07.2026 - 31.12.2026 Kampanyayı Paylaş Araç Finansmanı Onaylanan KOBİ’lere HGS Kampanyası ile yeni araç almayı düşünen, araç finansmanına ihtiyaç duyan, hâlihazırda aracı olup yen",Ticari Müşteriler,,,,,,,,,,,,2026-07-17,2026-12-31,,".07.2026 - 31.12.2026 Kampanyayı Paylaş Araç Finansmanı Onaylanan KOBİ’lere HGS Kampanyası ile yeni araç almayı düşünen, araç finansmanına ihtiyaç duyan, hâlihazırda aracı olup yenileme/daha üst modele geçmeyi düşünen KOBİ müşterilerimize araç finansmanları onaylanması durumunda ücretsiz HGS etiketi avantajı sunulmaktadır. Kampanya Detayları Kampanya, KOBİ müşterilerimizin araç finansmanı onaylanması durumunda geçerlidir. Kampanya, 17.07.2026 tarihinden sonra araç finansmanı onaylanan KOBİ müşterilerimiz için geçerlidir. Müşterilerimiz ücretsiz HGS etiketini şubelerimiz üzerinden alabilirler. HGS hakkında detaylı bilgi edinmek için; HGS Kampanyanın geçerli olduğu süre boyunca, her müşteri kampanyadan en fazla 1",https://kuveytturk.com.tr/kampanyalar/isim-icin/kobi-kampanyalari/arac-finansmani-onaylanan-kobilere-hgs-kampanyasi,2026-08-25T00:26:37+00:00,official_source_date_gated
116,Kuveyt Türk,Kuveyt Türk’ten Sanal POS Kampanyası,Diğer Kampanya,other_campaign,,"Kampanyalar, kendi aralarında veya diğer kampanyalar ile birleştirilemez.","Ticari Müşteriler,Dijital Müşteriler,Yeni Müşteriler",,,,,,,,,,,,2025-06-01,2026-12-31,,".06.2025 - 31.12.2026 Kampanyayı Paylaş Kuveyt Türk olarak, e-ticaret sektörüne özel hazırladığımız cazip Sanal POS kampanyası ile sizlere avantajlar sunuyoruz. Tüm POS türleri için geçerli olan bu kampanya kapsamında, ilk defa POS alacak müşterilerimize özel fırsatlar sunuyoruz. İşletmenizin finansal ihtiyaçlarına uygun esnek Sanal POS çözümleri ile tanışın. Perakende E-Ticaret Sektörü İçin Sanal POS Kampanyamız; Sektör POS Kampanyası Giyim/Ayakkabı/Aksesuar 7 Gün Bloke %2.59 30 Gün Bloke %0 Komisyon Eğitim ve Kırtasiye 7 Gün Bloke %2.59 30 Gün Bloke %0 Komisyon Kitap Yayın ve Matbaacılık 7 Gün Bloke %2.59 30 Gün Bloke %0 Komisyon Gıda/Market/Kuruyemiş 7 Gün Bloke %2.59 30 Gün Bloke %0 Komisyon Diğer Perakende",https://kuveytturk.com.tr/kampanyalar/isim-icin/pos-kampanyalari/kuveyt-turkten-sanal-pos-kampanyasi,2026-08-25T00:26:37+00:00,official_source_date_gated
834,Kuveyt Türk,Toptancı Harcamalarınıza Her Ay Ekstra 5.000 Mil'e Varan Fırsat!,Diğer Kampanya,other_campaign,,5.000 puan / mil,"Ticari Müşteriler,Kart Sahipleri",,,,,,,5.000 puan / mil,50.000 TL,,,,2026-06-25,2026-12-31,,".06.2026 - 31.12.2026 Kampanyayı Paylaş Miles&Smiles Kuveyt Türk Business Kredi Kartları ile toptancı harcamalarınızda yıl boyunca avantajlı şekilde mil biriktirebilirsiniz. Yıl sonuna kadar her ay, Miles&Smiles Kuveyt Türk Business kartınızla yapacağınız 50.000 TL ve üzeri toptancı harcamalarınızda ekstra %5 , aylık maksimum 5.000 Mil kazanma fırsatı sizi bekliyor. Kampanyaya Kuveyt Türk Mobil üzerinden katılabilirsiniz. Kampanyaya katıldıktan sonra harcamanızı gerçekleştirebilirsiniz. Kampanyaya katılmadan yapılacak harcamalar kampanyaya dahil değildir. Kampanyadan maksimum kazanım tutarı 5.000 Mil'dir. Kampanya, farklı kampanyalar ile birleştirilemez. Kampanyaya; Miles&Smiles Kuveyt Türk Business kartlar, ek",https://kuveytturk.com.tr/kampanyalar/isim-icin/kart-kampanyalari/toptanci-harcamalariniza-her-ay-ekstra-5000-mile-varan-firsat,2026-08-25T00:26:37+00:00,official_source_date_gated
835,Kuveyt Türk,Yapı ve İnşaat Harcamalarınıza Her Ay Ekstra 5.000 Mil'e Varan Fırsat!,Diğer Kampanya,other_campaign,,5.000 puan / mil,"Ticari Müşteriler,Kart Sahipleri",,,,,,,5.000 puan / mil,0.000 TL,,,,2026-06-25,2026-12-31,,".06.2026 - 31.12.2026 Kampanyayı Paylaş Miles&Smiles Kuveyt Türk Business Kredi Kartları ile yapı ve inşaat harcamalarınızda yıl boyunca avantajlı şekilde mil biriktirebilirsiniz. Yıl sonuna kadar her ay, Miles&Smiles Kuveyt Türk Business kartınızla yapacağınız 5 0.000 TL ve üzeri yapı ve inşaat harcamalarınızda ekstra %5 , aylık maksimum 5.000 Mil kazanma fırsatı sizi bekliyor. Kampanyaya Kuveyt Türk Mobil üzerinden katılabilirsiniz. Kampanyaya katıldıktan sonra harcamanızı gerçekleştirebilirsiniz. Kampanyaya katılmadan yapılacak harcamalar kampanyaya dahil değildir. Kampanyadan maksimum kazanım tutarı 5.000 Mil'dir. Kampanya, farklı kampanyalar ile birleştirilemez. Kampanyaya; Miles&Smiles Kuveyt Türk Busines",https://kuveytturk.com.tr/kampanyalar/isim-icin/kart-kampanyalari/yapi-ve-insaat-harcamalariniza-her-ay-ekstra-5000-mile-varan-firsat,2026-08-25T00:26:37+00:00,official_source_date_gated
124,Kuveyt Türk,Adore Mobilya’da Vade Farksız 9 Aya Varan Taksit Fırsatı!,Kart / Taksit Kampanyası,card_campaign,,9 taksit,"Kart Sahipleri,Bireysel Müşteriler",9 taksit,,Vade farksız (%0),,,,,,,,,2026-05-14,2026-12-31,,".05.2026 - 31.12.2026 Kampanyayı Paylaş Kuveyt Türk bireysel kredi kartları ile 31 Aralık 2026 tarihine kadar yetkili Adore mağazalarında yapacağınız alışverişlerinizde vade farksız 9 aya varan taksit imkanı sizi bekliyor. Kampanyaya tüm Kuveyt Türk Bireysel Kredi Kartları (Miles & Smiles Kuveyt Türk Kredi Kartı, Sağlam Kart, Sağlam Kart Kampüs, Sağlam Kart Genç, Özel Bankacılık World Elite Kart) ile bu kartların sanal ve ek kartları dahildir. Mevzuatın öngördüğü taksit sayılarının üzerinde taksitlendirme yapılamayacaktır. İşlemlerin taksitli olabilmesi için ödeme anında taksitli seçimin yapılması gerekmektedir. Kuveyt Türk ve Adore önceden haber vermeden kampanya koşullarında değişiklik yapabilir ya da kampany",https://kuveytturk.com.tr/kampanyalar/kendim-icin/kart-kampanyalari/adore-mobilyada-vade-farksiz-9-aya-varan-taksit-firsati,2026-08-25T00:26:37+00:00,official_source_date_gated
87,Kuveyt Türk,Akaryakıt Harcamalarınıza Her Ay Ekstra 2.000 Mil'e Varan Fırsat!,Kart / Taksit Kampanyası,card_campaign,,2.000 puan / mil,"Ticari Müşteriler,Kart Sahipleri",,,,,,,2.000 puan / mil,2.000 TL,,,,2026-06-25,2026-12-31,,".06.2026 - 31.12.2026 Kampanyayı Paylaş Miles&Smiles Kuveyt Türk Business Kredi Kartları ile akaryakıt harcamalarınızda yıl boyunca avantajlı şekilde mil biriktirebilirsiniz. Yıl sonuna kadar her ay, Miles&Smiles Kuveyt Türk Business kartınızla yapacağınız 2.000 TL ve üzeri akaryakıt harcamalarınızda ekstra %5 , aylık maksimum 2.000 Mil kazanma fırsatı sizi bekliyor. Kampanyaya Kuveyt Türk Mobil üzerinden katılabilirsiniz. Kampanyaya katıldıktan sonra harcamanızı gerçekleştirebilirsiniz. Kampanyaya katılmadan yapılacak harcamalar kampanyaya dahil değildir. Kampanyadan maksimum kazanım tutarı 2.000 Mil'dir. Kampanya, farklı kampanyalar ile birleştirilemez. Kampanyaya; Miles&Smiles Kuveyt Türk Business kartlar, e",https://kuveytturk.com.tr/kampanyalar/isim-icin/kart-kampanyalari/akaryakit-harcamalariniza-her-ay-ekstra-2000-mile-varan-firsat,2026-08-25T00:26:37+00:00,official_source_date_gated
832,Kuveyt Türk,Akaryakıt Sektöründe Sağlam Oran!,Kart / Taksit Kampanyası,card_campaign,,Kampanya müşteri bazlıdır.,"Ticari Müşteriler,Kart Sahipleri",,,,,,,,,,300 TL,500.000 TL,2026-08-13,2026-08-31,,".08.2026 - 31.08.2026 Kampanyayı Paylaş İhtiyaçlarınızı her zaman düşünüyoruz! Kuveyt Türk Tüzel Kartlarınızdan 31 Ağustos'a kadar yapacağınız akaryakıt harcamalarınızda %2,99 oran fırsatı sizi bekliyor! NASIL YARARLANILIR? Kuveyt Türk Mobil 'e giriş yaparak harcama öncesinde taksit sayınızı belirleyin. Ardından akaryakıt harcamanızı gerçekleştirerek işleminiz %2,99 oran ile vadelendirilecektir. KAMPANYA DETAYLARI 300 TL - 500.000 TL arasındaki akaryakıt harcamaları %2,99 oran ile vadelendirilecektir. Kampanya Sağlam Business Kart , Miles&Smiles Business Kart , Tohum Kart ve bu kartların ek ve sanal kartları için geçerlidir. Kampanya yalnızca müşteriye özel tanımlanan sektör kapsamında geçerlidir. 5172, 5541, 5",https://kuveytturk.com.tr/kampanyalar/isim-icin/kart-kampanyalari/akaryakit-sektorunde-saglam-oran,2026-08-25T00:26:37+00:00,official_source_date_gated
126,Kuveyt Türk,Almila Mobilya’da 9 Aya Varan Taksit Fırsatı!,Kart / Taksit Kampanyası,card_campaign,,9 taksit,"Kart Sahipleri,Bireysel Müşteriler",9 taksit,,,,,,,,,,,2026-06-05,2026-12-31,,".06.2026 - 31.12.2026 Kampanyayı Paylaş Kuveyt Türk bireysel kredi kartları ile 31 Aralık 2026’e kadar Almila Mobilya mağazaları ve resmî web sitesinde yapacağınız alışverişlerinizde 9 aya varan taksit imkânı sizi bekliyor. Kampanyaya tüm Kuveyt Türk Bireysel Kredi Kartları (Miles & Smiles Kuveyt Türk Kredi Kartı, Sağlam Kart, Sağlam Kart Kampüs, Sağlam Kart Genç, Özel Bankacılık World Elite Kart) ile bu kartların sanal ve ek kartları dahildir. Mevzuatın öngördüğü taksit sayılarının üzerinde taksitlendirme yapılamayacaktır. İşlemlerin taksitli olabilmesi için ödeme anında taksitli seçimin yapılması gerekmektedir. Kuveyt Türk ve Almila Mobilya önceden haber vermeden kampanya koşullarında değişiklik yapabilir ya",https://kuveytturk.com.tr/kampanyalar/kendim-icin/kart-kampanyalari/almila-mobilyada-9-aya-varan-taksit-firsati,2026-08-25T00:26:37+00:00,official_source_date_gated
837,Kuveyt Türk,Altınyıldız Classics'te Vade Farksız 2 Taksit Fırsatı,Kart / Taksit Kampanyası,card_campaign,,2 taksit,"Kart Sahipleri,Bireysel Müşteriler",2 taksit,,Vade farksız (%0),,,,,,,,,2026-07-28,2026-12-31,,".07.2026 - 31.12.2026 Kampanyayı Paylaş Kuveyt Türk bireysel kredi kartları ile 31 Aralık 2026 tarihine kadar Altınyıldız Classisc resmi web sitesinde yapacağınız alışverişlerinizde vade farksız 2 taksit imkanı sizi bekliyor. Kampanyaya tüm Kuveyt Türk Bireysel Kredi Kartları (Miles & Smiles Kuveyt Türk Kredi Kartı, Sağlam Kart, Sağlam Kart Kampüs, Sağlam Kart Genç, Özel Bankacılık World Elite Kart) ile bu kartların ek kartları dahildir. Mevzuatın öngördüğü taksit sayılarının üzerinde taksitlendirme yapılamayacaktır. İşlemlerin taksitli olabilmesi için ödeme anında taksitli seçimin yapılması gerekmektedir. Kuveyt Türk ve Altınyıldız önceden haber vermeden kampanya koşullarında değişiklik yapabilir ya da kampany",https://kuveytturk.com.tr/kampanyalar/kendim-icin/kart-kampanyalari/altinyildiz-classicste-vade-farksiz-2-taksit-firsati,2026-08-25T00:26:37+00:00,official_source_date_gated
127,Kuveyt Türk,Altınyıldız’da Vade Farksız 2 Taksit Fırsatı,Kart / Taksit Kampanyası,card_campaign,,2 taksit,"Kart Sahipleri,Bireysel Müşteriler",2 taksit,,Vade farksız (%0),,,,,,,,,2026-07-28,2026-12-31,,".07.2026 - 31.12.2026 Kampanyayı Paylaş Kuveyt Türk bireysel kredi kartları ile 31 Aralık 2026 tarihine kadar Altınyıldız resmi web sitesinde yapacağınız alışverişlerinizde vade farksız 2 taksit imkanı sizi bekliyor. Kampanyaya tüm Kuveyt Türk Bireysel Kredi Kartları (Miles & Smiles Kuveyt Türk Kredi Kartı, Sağlam Kart, Sağlam Kart Kampüs, Sağlam Kart Genç, Özel Bankacılık World Elite Kart) ile bu kartların ek kartları dahildir. Mevzuatın öngördüğü taksit sayılarının üzerinde taksitlendirme yapılamayacaktır. İşlemlerin taksitli olabilmesi için ödeme anında taksitli seçimin yapılması gerekmektedir. Kuveyt Türk ve Altınyıldız önceden haber vermeden kampanya koşullarında değişiklik yapabilir ya da kampanyayı sonla",https://kuveytturk.com.tr/kampanyalar/kendim-icin/kart-kampanyalari/altinyildizda-vade-farksiz-2-taksit-firsati,2026-07-31T10:44:13+00:00,official_source_date_gated
128,Kuveyt Türk,Avansas’da Vade Farksız 5 Aya Varan Taksit Fırsatı!,Kart / Taksit Kampanyası,card_campaign,,5 taksit,Kart Sahipleri,5 taksit,,Vade farksız (%0),,,,,,,,,2026-07-16,2026-12-31,,".07.2026 - 31.12.2026 Kampanyayı Paylaş Kuveyt Türk kredi kartları ile 31 Aralık 2026 tarihine kadar Avansas resmi web sitesinde yapacağınız alışverişlerinizde vade farksız 5 aya varan taksit imkanı sizi bekliyor. Kampanyaya Kuveyt Türk Kredi Kartları (Miles & Smiles Kuveyt Türk Kredi Kartı, Sağlam Kart, Sağlam Business) ile bu kartların sanal ve ek kartları dahildir. Mevzuatın öngördüğü taksit sayılarının üzerinde ve Avansas tasarrufuna istinaden her işleme taksitlendirme yapılamayacaktır. İşlemlerin taksitli olabilmesi için ödeme anında taksitli seçimin yapılması gerekmektedir. Kuveyt Türk ve Avansas önceden haber vermeden kampanya koşullarında değişiklik yapabilir ya da kampanyayı sonlandırabilir.",https://kuveytturk.com.tr/kampanyalar/kendim-icin/kart-kampanyalari/avansasda-vade-farksiz-5-aya-varan-taksit-firsati,2026-08-25T00:26:37+00:00,official_source_date_gated
129,Kuveyt Türk,Barçın Spor’da 4 Taksit Fırsatı!,Kart / Taksit Kampanyası,card_campaign,,4 taksit,"Kart Sahipleri,Bireysel Müşteriler",4 taksit,,,,,,,,,,,2026-07-21,2026-12-31,,".07.2026 - 31.12.2026 Kampanyayı Paylaş Kuveyt Türk Bireysel Kredi Kartları ile 31 Aralık 2026 tarihine kadar Barçın Spor’da yapacağınız alışverişlerinizde 4 aya varan taksit imkanı sizi bekliyor. Kampanyaya tüm Kuveyt Türk Bireysel Kredi Kartları (Miles & Smiles Kuveyt Türk Kredi Kartı, Sağlam Kart, Sağlam Kart Kampüs, Sağlam Kart Genç, Özel Bankacılık World Elite Kart) ile bu kartların ek kartları dahildir. Mevzuatın öngördüğü taksit sayılarının üzerinde taksitlendirme yapılamayacaktır. İşlemlerin taksitli olabilmesi için ödeme anında taksitli seçimin yapılması gerekmektedir. Kuveyt Türk ve Barçın Spor önceden haber vermeden kampanya koşullarında değişiklik yapabilir ya da kampanyayı sonlandırabilir.",https://kuveytturk.com.tr/kampanyalar/kendim-icin/kart-kampanyalari/barcin-sporda-4-taksit-firsati,2026-08-25T00:26:37+00:00,official_source_date_gated
131,Kuveyt Türk,Beymen’de Vade Farksız 4 Aya Varan Taksit Fırsatı,Kart / Taksit Kampanyası,card_campaign,,4 taksit,"Kart Sahipleri,Bireysel Müşteriler",4 taksit,,Vade farksız (%0),,,,,,,,,2026-06-19,2026-12-31,,".06.2026 - 31.12.2026 Kampanyayı Paylaş Kuveyt Türk bireysel kredi kartları ile 31 Aralık 2026’ya kadar Beymen resmi web sitesinde yapacağınız alışverişlerinizde 4 aya varan taksit imkanı sizi bekliyor. Kampanyaya tüm Kuveyt Türk Bireysel Kredi Kartları (Miles & Smiles Kuveyt Türk Kredi Kartı, Sağlam Kart, Sağlam Kart Kampüs, Sağlam Kart Genç, Özel Bankacılık World Elite Kart) ile bu kartların sanal ve ek kartları dahildir. Mevzuatın öngördüğü taksit sayılarının üzerinde taksitlendirme yapılamayacaktır. İşlemlerin taksitli olabilmesi için ödeme anında taksitli seçimin yapılması gerekmektedir. Kuveyt Türk önceden haber vermeden kampanya koşullarında değişiklik yapabilir ya da kampanyayı sonlandırabilir.",https://kuveytturk.com.tr/kampanyalar/kendim-icin/kart-kampanyalari/beymende-vade-farksiz-4-aya-varan-taksit-firsati,2026-08-25T00:26:37+00:00,official_source_date_gated
132,Kuveyt Türk,Brandy’s Mağazalarında Vade Farksız 3 Aya Varan Taksit Fırsatı,Kart / Taksit Kampanyası,card_campaign,,3 taksit,"Kart Sahipleri,Bireysel Müşteriler",3 taksit,,Vade farksız (%0),,,,,,,,,2026-01-14,2026-12-31,,".01.2026 - 31.12.2026 Kampanyayı Paylaş Kuveyt Türk bireysel kredi kartları ile 31 Aralık 2026 tarihine kadar Brandy’s mağazalarında yapacağınız alışverişlerinizde vade farksız 3 aya varan taksit imkanı sizi bekliyor. Kampanyaya tüm Kuveyt Türk Bireysel Kredi Kartları (Miles & Smiles Kuveyt Türk Kredi Kartı, Sağlam Kart, Sağlam Kart Kampüs, Sağlam Kart Genç, Özel Bankacılık World Elite Kart) ile bu kartların ek kartları dahildir. Mevzuatın öngördüğü taksit sayılarının üzerinde taksitlendirme yapılamayacaktır. İşlemlerin taksitli olabilmesi için ödeme anında taksitli seçimin yapılması gerekmektedir. Kuveyt Türk ve Brandy’s önceden haber vermeden kampanya koşullarında değişiklik yapabilir ya da kampanyayı sonland",https://kuveytturk.com.tr/kampanyalar/kendim-icin/kart-kampanyalari/brandys-magazalarinda-vade-farksiz-3-aya-varan-taksit-firsati,2026-08-25T00:26:37+00:00,official_source_date_gated
134,Kuveyt Türk,Civil’de Vade Farksız 4 Aya Varan Taksit Fırsatı,Kart / Taksit Kampanyası,card_campaign,,4 taksit,"Kart Sahipleri,Bireysel Müşteriler",4 taksit,,Vade farksız (%0),,,,,,,,,2026-06-22,2026-12-31,,".06.2026 - 31.12.2026 Kampanyayı Paylaş Kuveyt Türk bireysel kredi kartları ile 31 Aralık 2026 tarihine kadar Civil resmi web sitesinde yapacağınız alışverişlerinizde vade farksız 4 aya varan taksit imkanı sizi bekliyor. Kampanyaya tüm Kuveyt Türk Bireysel Kredi Kartları (Miles & Smiles Kuveyt Türk Kredi Kartı, Sağlam Kart, Sağlam Kart Kampüs, Sağlam Kart Genç, Özel Bankacılık World Elite Kart) ile bu kartların ek kartları dahildir. Mevzuatın öngördüğü taksit sayılarının üzerinde taksitlendirme yapılamayacaktır. İşlemlerin taksitli olabilmesi için ödeme anında taksitli seçimin yapılması gerekmektedir. Kuveyt Türk ve Civil önceden haber vermeden kampanya koşullarında değişiklik yapabilir ya da kampanyayı sonland",https://kuveytturk.com.tr/kampanyalar/kendim-icin/kart-kampanyalari/civilde-vade-farksiz-4-aya-varan-taksit-firsati,2026-08-25T00:26:37+00:00,official_source_date_gated
838,Kuveyt Türk,Colin’s’de Vade Farksız 4 Aya Varan Taksit Fırsatı,Kart / Taksit Kampanyası,card_campaign,,4 taksit,"Kart Sahipleri,Bireysel Müşteriler",4 taksit,,Vade farksız (%0),,,,,,,,,2026-08-06,2026-12-31,,".08.2026 - 31.12.2026 Kampanyayı Paylaş Kuveyt Türk bireysel kredi kartları ile 31 Aralık 2026 tarihine kadar Colin’s resmi web sitesinde ve mağazalarında yapacağınız alışverişlerinizde vade farksız 4 aya varan taksit imkanı sizi bekliyor. Kampanyaya tüm Kuveyt Türk Bireysel Kredi Kartları (Miles & Smiles Kuveyt Türk Kredi Kartı, Sağlam Kart, Sağlam Kart Kampüs, Sağlam Kart Genç, Özel Bankacılık World Elite Kart) ile bu kartların sanal ve ek kartları dahildir. Mevzuatın öngördüğü taksit sayılarının üzerinde taksitlendirme yapılamayacaktır. İşlemlerin taksitli olabilmesi için ödeme anında taksitli seçimin yapılması gerekmektedir. Kuveyt Türk ve Colin’s önceden haber vermeden kampanya koşullarında değişiklik yapa",https://kuveytturk.com.tr/kampanyalar/kendim-icin/kart-kampanyalari/colinsde-vade-farksiz-4-aya-varan-taksit-firsati,2026-08-25T00:26:37+00:00,official_source_date_gated
135,Kuveyt Türk,Columbia’da Vade Farksız 6 Aya Varan Taksit Fırsatı,Kart / Taksit Kampanyası,card_campaign,,6 taksit,"Kart Sahipleri,Bireysel Müşteriler",6 taksit,,Vade farksız (%0),,,,,,,,,2025-08-20,2026-12-31,,".08.2025 - 31.12.2026 Kampanyayı Paylaş Kuveyt Türk bireysel kredi kartları ile 31 Aralık 2026 tarihine kadar Columbia ve The Moose Bay’den yapacağınız alışverişlerinizde vade farksız 6 aya varan taksit imkanı sizi bekliyor. Kampanyaya tüm Kuveyt Türk Bireysel Kredi Kartları (Miles & Smiles Kuveyt Türk Kredi Kartı, Sağlam Kart, Sağlam Kart Kampüs, Sağlam Kart Genç, Özel Bankacılık World Elite Kart) ile bu kartların sanal ve ek kartları dahildir. Mevzuatın öngördüğü taksit sayılarının üzerinde taksitlendirme yapılamayacaktır. İşlemlerin taksitli olabilmesi için ödeme anında taksitli seçimin yapılması gerekmektedir. Kuveyt Türk ve Columbia önceden haber vermeden kampanya koşullarında değişiklik yapabilir ya da ka",https://kuveytturk.com.tr/kampanyalar/kendim-icin/kart-kampanyalari/columbiada-vade-farksiz-6-aya-varan-taksit-firsati,2026-08-25T00:26:37+00:00,official_source_date_gated
839,Kuveyt Türk,Demirdöküm’de 12 Taksit Fırsatı!,Kart / Taksit Kampanyası,card_campaign,,12 taksit,"Kart Sahipleri,Bireysel Müşteriler",12 taksit,,,,,,,,,,,2026-05-01,2026-12-31,,".05.2026 - 31.12.2026 Kampanyayı Paylaş Kuveyt Türk bireysel kredi kartları ile 31 Aralık 2026 tarihine kadar Demirdöküm’den yapacağınız alışverişlerinizde 12 aya varan taksit imkanı sizi bekliyor. Kampanyaya tüm Kuveyt Türk Bireysel Kredi Kartları (Miles & Smiles Kuveyt Türk Kredi Kartı, Sağlam Kart, Sağlam Kart Kampüs, Sağlam Kart Genç, Özel Bankacılık World Elite Kart) ile bu kartların ek kartları dahildir. Mevzuatın öngördüğü taksit sayılarının üzerinde taksitlendirme yapılamayacaktır. İşlemlerin taksitli olabilmesi için ödeme anında taksitli seçimin yapılması gerekmektedir. Kuveyt Türk ve Demirdöküm önceden haber vermeden kampanya koşullarında değişiklik yapabilir ya da kampanyayı sonlandırabilir.",https://kuveytturk.com.tr/kampanyalar/kendim-icin/kart-kampanyalari/demirdokumde-12-taksit-firsati,2026-08-25T00:26:37+00:00,official_source_date_gated
137,Kuveyt Türk,Demirdöküm’de 9 Taksit Fırsatı!,Kart / Taksit Kampanyası,card_campaign,,9 taksit,"Kart Sahipleri,Bireysel Müşteriler",9 taksit,,,,,,,,,,,2026-05-01,2026-12-31,,".05.2026 - 31.12.2026 Kampanyayı Paylaş Kuveyt Türk bireysel kredi kartları ile 31 Aralık 2026 tarihine kadar Demirdöküm’den yapacağınız alışverişlerinizde 9 aya varan taksit imkanı sizi bekliyor. Kampanyaya tüm Kuveyt Türk Bireysel Kredi Kartları (Miles & Smiles Kuveyt Türk Kredi Kartı, Sağlam Kart, Sağlam Kart Kampüs, Sağlam Kart Genç, Özel Bankacılık World Elite Kart) ile bu kartların ek kartları dahildir. Mevzuatın öngördüğü taksit sayılarının üzerinde taksitlendirme yapılamayacaktır. İşlemlerin taksitli olabilmesi için ödeme anında taksitli seçimin yapılması gerekmektedir. Kuveyt Türk ve Demirdöküm önceden haber vermeden kampanya koşullarında değişiklik yapabilir ya da kampanyayı sonlandırabilir.",https://kuveytturk.com.tr/kampanyalar/kendim-icin/kart-kampanyalari/demirdokumde-9-taksit-firsati,2026-07-31T10:44:13+00:00,official_source_date_gated
138,Kuveyt Türk,Desa Grup’ta Vade Farksız 2 Taksit Fırsatı,Kart / Taksit Kampanyası,card_campaign,,2 taksit,"Kart Sahipleri,Bireysel Müşteriler",2 taksit,,Vade farksız (%0),,,,,,,,,2025-09-16,2026-12-31,,".09.2025 - 31.12.2026 Kampanyayı Paylaş Kuveyt Türk bireysel kredi kartları ile 31 Aralık 2026 tarihine kadar Desa Grubun (Samsonite, Desa , Adesa) mağazalarında yapacağınız alışverişlerinizde vade farksız 2 taksit imkanı sizi bekliyor. Kampanyaya Kuveyt Türk Bireysel Kredi Kartları (Miles & Smiles Kuveyt Türk Kredi Kartı, Sağlam Kart, Sağlam Kart Kampüs, Sağlam Kart Genç, Özel Bankacılık World Elite Kart) ile bu kartların sanal ve ek kartları dahildir. Mevzuatın öngördüğü taksit sayılarının üzerinde taksitlendirme yapılamayacaktır. İşlemlerin taksitli olabilmesi için ödeme anında taksitli seçimin yapılması gerekmektedir. Kuveyt Türk ve Desa Grup önceden haber vermeden kampanya koşullarında değişiklik yapabilir",https://kuveytturk.com.tr/kampanyalar/kendim-icin/kart-kampanyalari/desa-grupta-vade-farksiz-2-taksit-firsati,2026-08-25T00:26:37+00:00,official_source_date_gated
139,Kuveyt Türk,Divarese’de Vade Farksız 4 Aya Varan Taksit Fırsatı!,Kart / Taksit Kampanyası,card_campaign,,4 taksit,"Kart Sahipleri,Bireysel Müşteriler",4 taksit,,Vade farksız (%0),,,,,,,,,2025-11-17,2026-12-31,,".11.2025 - 31.12.2026 Kampanyayı Paylaş Kuveyt Türk bireysel kredi kartları ile 31 Aralık 2026 tarihine kadar Divarese resmi web sitesinde yapacağınız alışverişlerinizde vade farksız 4 aya varan taksit imkanı sizi bekliyor. Kampanyaya tüm Kuveyt Türk Bireysel Kredi Kartları (Miles & Smiles Kuveyt Türk Kredi Kartı, Sağlam Kart, Sağlam Kart Kampüs, Sağlam Kart Genç, Özel Bankacılık World Elite Kart) ile bu kartların sanal ve ek kartları dahildir. Mevzuatın öngördüğü taksit sayılarının üzerinde taksitlendirme yapılamayacaktır. İşlemlerin taksitli olabilmesi için ödeme anında taksitli seçimin yapılması gerekmektedir. Kuveyt Türk ve Divarese önceden haber vermeden kampanya koşullarında değişiklik yapabilir ya da kam",https://kuveytturk.com.tr/kampanyalar/kendim-icin/kart-kampanyalari/divaresede-vade-farksiz-4-aya-varan-taksit-firsati,2026-08-25T00:26:37+00:00,official_source_date_gated
140,Kuveyt Türk,Doğtaş Grubu'nda 5 Aya Varan Taksit İmkanı!,Kart / Taksit Kampanyası,card_campaign,,5 taksit,"Kart Sahipleri,Bireysel Müşteriler",5 taksit,,,,,,,,,,,2025-10-13,2026-12-31,,".10.2025 - 31.12.2026 Kampanyayı Paylaş Kuveyt Türk Bireysel Kredi Kartları ile, 31 Aralık 2026 tarihine kadar Doğtaş , Kelebek , Lova markaları üzerinden mağaza ve resmi web sitesinden yapacağınız alışverişlerinizde 5 aya varan taksit imkanı sunuyor. İşlemlerin taksitli olabilmesi için ödeme anında taksitli seçimin yapılması gerekmektedir. Kampanya mağazalardan ve web sitesinden yapılacak alışverişlerde geçerlidir. Kampanyaya Kuveyt Türk Bireysel Kredi Kartları (Sağlam Kart, Miles&Smiles Kuveyt Türk Kredi Kartı, Sağlam Kart Kampüs, Sağlam Kart Genç, Özel Bankacılık World Elite Kart) ile bu kartların sanal ve ek kartları dahildir. Kuveyt Türk ve Doğtaş , Kelebek , Lova kampanyayı dilediği zaman durdurma ve/veya",https://kuveytturk.com.tr/kampanyalar/kendim-icin/kart-kampanyalari/dogtas-grubunda-5-aya-varan-taksit-imkani,2026-08-25T00:26:37+00:00,official_source_date_gated
88,Kuveyt Türk,E-Ticaret Harcamalarınıza Her Ay Ekstra 2.000 Mil'e Varan Fırsat!,Kart / Taksit Kampanyası,card_campaign,,2.000 puan / mil,"Ticari Müşteriler,Kart Sahipleri",,,,,,,2.000 puan / mil,5.000 TL,,,,2026-06-25,2026-12-31,,".06.2026 - 31.12.2026 Kampanyayı Paylaş Miles&Smiles Kuveyt Türk Business Kredi Kartları ile e-ticaret harcamalarınızda yıl boyunca avantajlı şekilde mil biriktirebilirsiniz. Yıl sonuna kadar her ay, Miles&Smiles Kuveyt Türk Business kartınızla yapacağınız 5.000 TL ve üzeri e-ticaret harcamalarınızda ekstra %5 , aylık maksimum 2.000 Mil kazanma fırsatı sizi bekliyor. Kampanyaya Kuveyt Türk Mobil üzerinden katılabilirsiniz. Kampanyaya katıldıktan sonra harcamanızı gerçekleştirebilirsiniz. Kampanyaya katılmadan yapılacak harcamalar kampanyaya dahil değildir. Kampanyadan maksimum kazanım tutarı 2.000 Mil'dir. Kampanya, farklı kampanyalar ile birleştirilemez. Kampanyaya; Miles&Smiles Kuveyt Türk Business kartlar, e",https://kuveytturk.com.tr/kampanyalar/isim-icin/kart-kampanyalari/e-ticaret-harcamalariniza-her-ay-ekstra-2000-mile-varan-firsat,2026-08-25T00:26:37+00:00,official_source_date_gated
89,Kuveyt Türk,E-Ticaret Pazaryeri Satıcılarına Özel Vade Farksız 3 Taksit!,Kart / Taksit Kampanyası,card_campaign,,3 taksit,"Ticari Müşteriler,Kart Sahipleri",3 taksit,,Vade farksız (%0),,,,,150.000 TL,,,,2026-02-26,2026-12-31,,".02.2026 - 31.12.2026 Kampanyayı Paylaş Kampanyadan Kimler Faydalanabilir? E-Ticaret pazaryerlerinden satış yapan Esnaf, Şahıs Firması, Çiftçi, KOBİ ve Tüzel Kişiliklerin tamamı kampanyadan faydalanabilir. Gerçek kişiler kampanyadan faydalanamaz. Kampanyalar için katılım şartları koşullarda paylaşılmıştır. 1-İlk Kez Hak Ediş Yönlendiren Satıcılar Ne Kazanıyor ? İlk kez 150.000 TL ve üzeri pazaryeri hak edişini bankamıza yönlendiren satıcılar Sağlam Business Kart ile 10.000 TL - 250.000 TL arası yapacağı ilk harcamaya vade farksız 3 taksit avantajı kazanacaktır. Kampanya Koşulları Nelerdir? 31.01.2026 tarihi ve öncesinde bankamıza pazaryeri hak edişi ödemesi yönlendirmemiş olup 01.02.2026 tarihinden sonra kampan",https://kuveytturk.com.tr/kampanyalar/isim-icin/kart-kampanyalari/e-ticaret-pazaryeri-saticilarina-ozel-vade-farksiz-3-taksit,2026-08-25T00:26:37+00:00,official_source_date_gated
836,Kuveyt Türk,E-İhracatçılara Özel ShipEntegra ile Yurtdışı Kargo Gönderilerinize Vade Farksız 3 Taksit!,Kart / Taksit Kampanyası,card_campaign,,3 taksit,"Ticari Müşteriler,Kart Sahipleri",3 taksit,,Vade farksız (%0),,,,,,,,,2026-08-06,2026-12-31,,.08.2026 - 31.12.2026 Kampanyayı Paylaş E-ihracat yapan müşterilerimizin her adımda çözüm ortağı olmaya devam ediyoruz. E-ihracatın en önemli operasyonel giderlerinden biri olan yurt dışı kargo harcamalarında şimdi Kuveyt Türk ayrıcalığı var. Kuveyt Türk kartlarıyla ShipEntegra üzerinden yapacağınız yurt dışı kargo ödemelerini vade farksız 3 taksit imkanıyla gerçekleştirerek nakit akışınızı daha verimli yönetebilirsiniz. Kampanya Koşulları: Kampanyadan Kuveyt Türk Ticari kredi kartlarına sahip e-ihracat müşterilerimiz faydalanabilir. Sağlam Business Kart ve Miles&Smiles Kuveyt Türk Business Kartlarla yapılacak işlemlerde geçerlidir. Kredi kartı başvurularınızı şubelerimizden yapabilirsiniz. Kampanyadan faydalan,https://kuveytturk.com.tr/kampanyalar/isim-icin/kobi-kampanyalari/e-ihracatcilara-ozel-shipentegra-ile-yurtdisi-kargo-gonderilerinize-vade-farksiz-3-taksit,2026-08-25T00:26:37+00:00,official_source_date_gated
141,Kuveyt Türk,EasyCep‘te Vade Farksız 9 Aya Varan Taksit Fırsatı!,Kart / Taksit Kampanyası,card_campaign,,9 taksit,"Kart Sahipleri,Bireysel Müşteriler",9 taksit,,Vade farksız (%0),,,,,,,,,2026-01-01,2026-08-31,,".01.2026 - 31.08.2026 Kampanyayı Paylaş Kuveyt Türk bireysel kredi kartları ile 31 Ağustos 2026’a kadar EasyCep ’ten yapacağınız alışverişlerinizde vade farksız 9 aya varan taksit imkanı sizi bekliyor. Kampanyaya Kuveyt Türk Bireysel Kredi Kartları (Miles & Smiles Kuveyt Türk Kredi Kartı, Sağlam Kart, Sağlam Kart Kampüs, Sağlam Kart Genç, Özel Bankacılık World Elite Kart) ile bu kartların sanal ve ek kartları dahildir. Mevzuatın öngördüğü taksit sayılarının üzerinde taksitlendirme yapılamayacaktır. İşlemlerin taksitli olabilmesi için ödeme anında taksitli seçimin yapılması gerekmektedir. Kuveyt Türk ve EasyCep önceden haber vermeden kampanya koşullarında değişiklik yapabilir ya da kampanyayı sonlandırabilir.",https://kuveytturk.com.tr/kampanyalar/kendim-icin/kart-kampanyalari/easycepte-vade-farksiz-9-aya-varan-taksit-firsati,2026-08-25T00:26:37+00:00,official_source_date_gated
146,Kuveyt Türk,Enplus ile 3 Aya Varan Vade Farksız Taksit İmkanı!,Kart / Taksit Kampanyası,card_campaign,,3 taksit,Kart Sahipleri,3 taksit,,Vade farksız (%0),,,,,,,,,2026-03-01,2026-12-31,,".03.2026 - 31.12.2026 Kampanyayı Paylaş Kuveyt Türk Kredi Kartları ile Enplus mağazalarından yapacağınız alışverişlerinizde vade farksız 3 aya varan taksit imkanı sizi bekliyor. Enplus web sitesi üzerinden yapacağınız alışverişlere vade farksız 3 aya varan taksit uygulanmaktadır. Kampanyaya tüm Kuveyt Türk Kredi Kartları (Miles & Smiles Kuveyt Türk Kredi Kartı, Sağlam Kart, Sağlam Kart Kampüs, Sağlam Kart Genç, Özel Bankacılık World Elite Kart) ile bu kartların sanal ve ek kartları dahildir. İşlemlerin taksitli olabilmesi için ödeme anında taksitli seçimin yapılması gerekmektedir. Kuveyt Türk önceden haber vermeden kampanya koşullarında değişiklik yapabilir ya da kampanyayı sonlandırabilir.",https://kuveytturk.com.tr/kampanyalar/kendim-icin/kart-kampanyalari/enplus-ile-3-aya-varan-vade-farksiz-taksit-imkani,2026-08-25T00:26:37+00:00,official_source_date_gated
142,Kuveyt Türk,Eğitim Harcamalarınıza 5 Taksit İmkanı,Kart / Taksit Kampanyası,card_campaign,,5 taksit,Kart Sahipleri,5 taksit,,Vade farksız (%0),,,,,1.000 TL,,,,2024-02-12,2026-12-31,,".02.2024 - 31.12.2026 Kampanyayı Paylaş Sağlam Kart Eğitim Kampanyası Artık Kuveyt Türk Mobil ’de! Sağlam Kart ile istediğiniz iki adet eğitim harcamanızı işlem sonrasında Kuveyt Türk Mobil üzerinden vade farksız bir şekilde 2 ila 5 taksite bölebilirsiniz. 1.000 TL ve üzeri taksitlendirmeye uygun işlemlerinizi Kuveyt Türk Mobil içerisindeki Kart işlemleri – Dönem İçi İşlemler menüsünden ""Ücretsiz Taksitlendir"" butonuyla vade farksız 2 ile 5 taksit arasında taksitlendirebilirsiniz. İşlemden önce kart üzerindeki taksit sayısının 0 olması gerekmektedir. İşlemler otomatik olarak bölünmeyecektir. Yalnızca eğitim kurumlarına yapılacak eğitim ödemeleri ve kırtasiye harcamaları taksitlendirilecektir. Servis ücreti, yur",https://kuveytturk.com.tr/kampanyalar/kendim-icin/kart-kampanyalari/egitim-harcamalariniza-5-taksit-imkani,2026-08-25T00:26:37+00:00,official_source_date_gated
143,Kuveyt Türk,Eğitim ve Sağlık Harcamalarınızda 5 Taksit Fırsatı!,Kart / Taksit Kampanyası,card_campaign,,5 taksit,Kart Sahipleri,5 taksit,,Vade farksız (%0),,,,,1.000 TL,,,,2024-06-21,2027-12-31,,".06.2024 - 31.12.2027 Kampanyayı Paylaş Sağlam Kart ile istediğiniz iki adet eğitim ve sağlık harcamanızı işlem sonrasında Kuveyt Türk Mobil üzerinden vade farksız bir şekilde 2 ila 5 taksite bölebilirsiniz. 1.000 TL ve üzeri taksitlendirmeye uygun işlemlerinizi Kuveyt Türk Mobil içerisindeki Kart işlemleri – Dönem İçi İşlemler menüsünden ""Ücretsiz Taksitlendir"" butonuyla vade farksız 2 ile 5 taksit arasında taksitlendirebilirsiniz. İşlemden önce kart üzerindeki taksit sayısının 0 olması gerekmektedir. İşlemler otomatik olarak bölünmeyecektir. Kampanya sağlık, eğitim, kitap ve kırtasiye sektörlerinde yapacağınız harcamalar için geçerlidir. Bir ekstre döneminde toplamda en fazla 2 adet eğitim veya sağlık harcama",https://kuveytturk.com.tr/kampanyalar/kendim-icin/kart-kampanyalari/egitim-ve-saglik-harcamalarinizda-5-taksit-firsati,2026-08-25T00:26:37+00:00,official_source_date_gated
147,Kuveyt Türk,Fakir’de Vade Farksız 3 Aya Varan Taksit Fırsatı,Kart / Taksit Kampanyası,card_campaign,,3 taksit,"Kart Sahipleri,Bireysel Müşteriler",3 taksit,,Vade farksız (%0),,,,,,,,,2025-09-18,2026-12-31,,".09.2025 - 31.12.2026 Kampanyayı Paylaş Kuveyt Türk bireysel kredi kartları ile 31 Aralık 2026 tarihine kadar Fakir’den yapacağınız alışverişlerinizde vade farksız 3 aya varan taksit imkanı sizi bekliyor. Kampanyaya tüm Kuveyt Türk Bireysel Kredi Kartları (Miles & Smiles Kuveyt Türk Kredi Kartı, Sağlam Kart, Sağlam Kart Kampüs, Sağlam Kart Genç, Özel Bankacılık World Elite Kart) ile bu kartların sanal ve ek kartları dahildir. Mevzuatın öngördüğü taksit sayılarının üzerinde taksitlendirme yapılamayacaktır. İşlemlerin taksitli olabilmesi için ödeme anında taksitli seçimin yapılması gerekmektedir. Kuveyt Türk ve Fakir önceden haber vermeden kampanya koşullarında değişiklik yapabilir ya da kampanyayı sonlandırabili",https://kuveytturk.com.tr/kampanyalar/kendim-icin/kart-kampanyalari/fakirde-vade-farksiz-3-aya-varan-taksit-firsati,2026-08-25T00:26:37+00:00,official_source_date_gated
840,Kuveyt Türk,Gree Klima’da Vade Farksız 12 Aya Varan Taksit Fırsatı!,Kart / Taksit Kampanyası,card_campaign,,12 taksit,"Kart Sahipleri,Bireysel Müşteriler",12 taksit,,Vade farksız (%0),,,,,,,,,2026-01-15,2026-08-31,,".01.2026 - 31.08.2026 Kampanyayı Paylaş Kuveyt Türk bireysel kredi kartları ile Gree TLC Klima mağazalarında ve resmi web sitesinde vade farksız 12 aya varan taksit imkanı sizi bekliyor. Kampanyaya tüm Kuveyt Türk Bireysel Kredi Kartları (Miles & Smiles Kuveyt Türk Kredi Kartı, Sağlam Kart, Sağlam Kart Kampüs, Sağlam Kart Genç, Özel Bankacılık World Elite Kart) ile bu kartların ek kartları dahildir. Mevzuatın öngördüğü taksit sayılarının üzerinde taksitlendirme yapılamayacaktır. İşlemlerin taksitli olabilmesi için ödeme anında taksitli seçimin yapılması gerekmektedir. Kuveyt Türk ve Gree TLC Klima önceden haber vermeden kampanya koşullarında değişiklik yapabilir ya da kampanyayı sonlandırabilir.",https://kuveytturk.com.tr/kampanyalar/kendim-icin/kart-kampanyalari/gree-klimada-vade-farksiz-12-aya-varan-taksit-firsati,2026-08-25T00:26:37+00:00,official_source_date_gated
150,Kuveyt Türk,Gündoğdu Mobilya’da Vade Farksız 9 Aya Varan Taksit Fırsatı!,Kart / Taksit Kampanyası,card_campaign,,9 taksit,"Kart Sahipleri,Bireysel Müşteriler",9 taksit,,Vade farksız (%0),,,,,,,,,2025-11-11,2026-12-31,,".11.2025 - 31.12.2026 Kampanyayı Paylaş Kuveyt Türk bireysel kredi kartları ile 31 Aralık 2026 tarihine kadar Gündoğdu Mobilya mağazaları ve resmi web sitesinde yapacağınız alışverişlerinizde vade farksız 9 aya varan taksit imkanı sizi bekliyor. Kampanyaya tüm Kuveyt Türk Bireysel Kredi Kartları (Miles & Smiles Kuveyt Türk Kredi Kartı, Sağlam Kart, Sağlam Kart Kampüs, Sağlam Kart Genç, Özel Bankacılık World Elite Kart) ile bu kartların sanal ve ek kartları dahildir. Mevzuatın öngördüğü taksit sayılarının üzerinde taksitlendirme yapılamayacaktır. İşlemlerin taksitli olabilmesi için ödeme anında taksitli seçimin yapılması gerekmektedir. Kuveyt Türk ve Gündoğdu Mobilya önceden haber vermeden kampanya koşullarında",https://kuveytturk.com.tr/kampanyalar/kendim-icin/kart-kampanyalari/gundogdu-mobilyada-vade-farksiz-9-aya-varan-taksit-firsati,2026-08-25T00:26:37+00:00,official_source_date_gated
151,Kuveyt Türk,Gürgençler'de 9 Aya Varan Taksit İmkanı!,Kart / Taksit Kampanyası,card_campaign,,9 taksit,"Kart Sahipleri,Bireysel Müşteriler",9 taksit,,Vade farksız (%0),,,,,,,,,2025-06-27,2026-12-31,,".06.2025 - 31.12.2026 Kampanyayı Paylaş Kuveyt Türk Bireysel Kredi Kartları, 31 Aralık 2026 tarihine kadar Gürgençler Bilişim mağazalarında ve web sitesinde yapacağınız alışverişlerde vade farksız 9 taksite varan imkanlar sunuyor. Kampanyaya Kuveyt Türk Bireysel Kredi Kartları (Sağlam Kart, Sağlam Kart Kampüs, Sağlam Kart Genç, Miles&Smiles Kuveyt Türk Kredi Kartı, Özel Bankacılık World Elite Kart) ile bu kartların sanal ve ek kartları dahildir. Mevzuatın öngördüğü taksit sayılarının üzerinde taksitlendirme yapılamayacaktır. Bankacılık Düzenleme ve Denetleme Kurulu'nun (BDDK) taksitlendirmeyi düzenleyen yönetmeliğine göre taksit sayısı elektronik eşya alımlarında en fazla 4 ay, elektrikli eşya alımlarında en fa",https://kuveytturk.com.tr/kampanyalar/kendim-icin/kart-kampanyalari/gurgenclerde-9-aya-varan-taksit-imkani,2026-08-25T00:26:37+00:00,official_source_date_gated
152,Kuveyt Türk,Hantech’de Vade Farksız 9 Aya Varan Taksit Fırsatı!,Kart / Taksit Kampanyası,card_campaign,,9 taksit,"Kart Sahipleri,Bireysel Müşteriler",9 taksit,,Vade farksız (%0),,,,,,,,,2026-06-18,2026-12-31,,".06.2026 - 31.12.2026 Kampanyayı Paylaş Kuveyt Türk kredi kartları ile 31 Aralık 2026 tarihine kadar yetkili Hantech satış mağazalarında yapacağınız alışverişlerinizde vade farksız 9 aya varan taksit imkanı sizi bekliyor. Kampanyaya tüm Bireysel Kuveyt Türk Kredi Kartları (Miles & Smiles Kuveyt Türk Kredi Kartı, Sağlam Kart, Sağlam Kart Kampüs, Sağlam Kart Genç, Özel Bankacılık World Elite Kart) ile bu kartların sanal ve ek kartları dahildir. Mevzuatın öngördüğü taksit sayılarının üzerinde taksitlendirme yapılamayacaktır. İşlemlerin taksitli olabilmesi için ödeme anında taksitli seçimin yapılması gerekmektedir. Kuveyt Türk ve Hantech önceden haber vermeden kampanya koşullarında değişiklik yapabilir ya da kampan",https://kuveytturk.com.tr/kampanyalar/kendim-icin/kart-kampanyalari/hantechde-vade-farksiz-9-aya-varan-taksit-firsati,2026-08-25T00:26:37+00:00,official_source_date_gated
153,Kuveyt Türk,Hisse Senedi İşlemleriniz Mil'lere Dönüşsün,Kart / Taksit Kampanyası,card_campaign,,10.000 puan / mil,"Kart Sahipleri,Mevcut Müşteriler,Yeni Müşteriler",,,,,,,10.000 puan / mil,,,,,2026-06-01,2026-08-31,,.06.2026 - 31.08.2026 Kampanyayı Paylaş Kampanya Koşulları Kampanya kapsamında 01.06.2026 ile 31.08.2026 tarihleri arasında Borsa İstanbul pay senedi işlemlerine yönelik olarak; daha önce kurumumuzda hiç işlem gerçekleştirmemiş mevcut müşteriler ile kaldıraçlı alım satım hariç pay piyasası işlemlerine yönelik yeni hesap açarak kurumumuz müşterisi olanlardan; kampanya katılım formunu doldurup asgari 1.000.000 TL tutarında pay senedi işlem hacmi (alım-satım) gerçekleştiren ilk 250 müşterimize Kuveyt Türk Miles&Smiles Kredi Kartlarına 10.000 Mil tanımlanmak suretiyle hediye edilecektir. Kampanyaya katılım için müşterilerin Kuveyt Türk Miles&Smiles Kredi Kartı ürününe en geç 31.08.2026 tarihi itibarıyla sahip olmal,https://kuveytturk.com.tr/kampanyalar/kendim-icin/kart-kampanyalari/hisse-senedi-islemleriniz-millere-donussun,2026-08-25T00:26:37+00:00,official_source_date_gated
841,Kuveyt Türk,Kayra’da Vade Farksız 3 Aya Varan Taksit Fırsatı!,Kart / Taksit Kampanyası,card_campaign,,3 taksit,"Kart Sahipleri,Bireysel Müşteriler",3 taksit,,Vade farksız (%0),,,,,,,,,2026-08-18,2026-12-31,,".08.2026 - 31.12.2026 Kampanyayı Paylaş Kuveyt Türk bireysel kredi kartları ile 31 Aralık 2026 tarihine kadar Kayra mağazalarında yapacağınız alışverişlerinizde vade farksız 3 aya varan taksit imkanı sizi bekliyor. Kampanyaya tüm Kuveyt Türk Bireysel Kredi Kartları (Miles & Smiles Kuveyt Türk Kredi Kartı, Sağlam Kart, Sağlam Kart Kampüs, Sağlam Kart Genç, Özel Bankacılık World Elite Kart) ile bu kartların sanal ve ek kartları dahildir. Mevzuatın öngördüğü taksit sayılarının üzerinde taksitlendirme yapılamayacaktır. İşlemlerin taksitli olabilmesi için ödeme anında taksitli seçimin yapılması gerekmektedir. Kuveyt Türk ve Kayra önceden haber vermeden kampanya koşullarında değişiklik yapabilir ya da kampanyayı sonl",https://kuveytturk.com.tr/kampanyalar/kendim-icin/kart-kampanyalari/kayrada-vade-farksiz-3-aya-varan-taksit-firsati,2026-08-25T00:26:37+00:00,official_source_date_gated
157,Kuveyt Türk,Kiğılı’da Vade Farksız 4 Aya Varan Taksit Fırsatı!,Kart / Taksit Kampanyası,card_campaign,,4 taksit,"Kart Sahipleri,Bireysel Müşteriler",4 taksit,,Vade farksız (%0),,,,,,,,,2025-12-22,2026-12-31,,".12.2025 - 31.12.2026 Kampanyayı Paylaş Kuveyt Türk bireysel kredi kartları ile 31 Aralık 2026 tarihine kadar Kiğılı resmi web sitesinde yapacağınız alışverişlerinizde vade farksız 4 aya varan taksit imkanı sizi bekliyor. Kampanyaya tüm Kuveyt Türk Bireysel Kredi Kartları (Miles & Smiles Kuveyt Türk Kredi Kartı, Sağlam Kart, Sağlam Kart Kampüs, Sağlam Kart Genç, Özel Bankacılık World Elite Kart) ile bu kartların sanal ve ek kartları dahildir. Mevzuatın öngördüğü taksit sayılarının üzerinde taksitlendirme yapılamayacaktır. İşlemlerin taksitli olabilmesi için ödeme anında taksitli seçimin yapılması gerekmektedir. Kuveyt Türk ve Kiğılı önceden haber vermeden kampanya koşullarında değişiklik yapabilir ya da kampany",https://kuveytturk.com.tr/kampanyalar/kendim-icin/kart-kampanyalari/kigilida-vade-farksiz-4-aya-varan-taksit-firsati,2026-08-25T00:26:37+00:00,official_source_date_gated
159,Kuveyt Türk,Konfor‘da Vade Farksız 9 Aya Varan Taksit Fırsatı!,Kart / Taksit Kampanyası,card_campaign,,9 taksit,"Kart Sahipleri,Bireysel Müşteriler",9 taksit,,Vade farksız (%0),,,,,,,,,,2026-12-31,,"Kuveyt Türk Bireysel Kredi Kartları ile 31 Aralık 2026 tarihine kadar Konfor Grubu mağazaları ve online satış kanallarında Kuveyt Türk kartlarına özel alışverişlerinizde peşin fiyatına 9 aya varan taksit imkanı sizi bekliyor. İşlemlerin taksitli olabilmesi için ödeme anında taksitli seçimin yapılması gerekmektedir. Mevzuatın öngördüğü taksit sayılarının üzerinde taksitlendirme yapılamayacaktır. Kampanyaya tüm Kuveyt Türk Bireysel Kredi Kartları (Sağlam Kart, Miles & Smiles Kuveyt Türk Kredi Kartı, Sağlam Kart Kampüs, Sağlam Kart Genç, Özel Bankacılık World Elite Kart) ile bu kartların sanal ve ek kartları dahildir. Kuveyt Türk ve Konfor kampanyayı dilediği zaman durdurma ve/veya kampanya koş",https://milesandsmiles.kuveytturk.com.tr/kampanyalar/konforda-pesin-fiyatina-9-aya-varan-taksit-imkani-1876,2026-08-25T00:26:37+00:00,official_source_date_gated
160,Kuveyt Türk,Konyalı Saat ile 7 Aya Varan Taksit İmkanı!,Kart / Taksit Kampanyası,card_campaign,,7 taksit,"Kart Sahipleri,Bireysel Müşteriler",7 taksit,,Vade farksız (%0),,,,,,,,,2024-12-20,2026-12-31,,".12.2024 - 31.12.2026 Kampanyayı Paylaş Kuveyt Türk Kredi Kartları, 31 Aralık 2026 tarihine kadar Konyalı Saat mağazaları ve web sitesi üzerinden yapacağınız alışverişlerinizde vade farksız 7 aya varan taksit imkanı sunuyor. Kampanyaya Kuveyt Türk Bireysel Kredi Kartları (Sağlam Kart, Miles & Smiles Kuveyt Türk Kredi Kartı, Sağlam Kart Kampüs, Sağlam Kart Genç, Özel Bankacılık World Elite Kart) ile bu kartların sanal ve ek kartları dahildir. İşlemlerin taksitli olabilmesi için ödeme anında taksitli seçimin yapılması gerekmektedir. Mevzuatın öngördüğü taksit sayılarının üzerinde taksitlendirme yapılamayacaktır. Kuveyt Türk ve Konyalı Saat önceden haber vermeden kampanya koşullarında değişiklik yapabilir ya da ka",https://kuveytturk.com.tr/kampanyalar/kendim-icin/kart-kampanyalari/konyali-saat-ile-7-aya-varan-taksit-imkani,2026-08-25T00:26:37+00:00,official_source_date_gated
161,Kuveyt Türk,Korayspor ile Vade Farksız 4'e Varan Taksit İmkanı!,Kart / Taksit Kampanyası,card_campaign,,4 taksit,"Kart Sahipleri,Bireysel Müşteriler",,,Vade farksız (%0),,,,,,,,,2024-12-19,2026-12-31,,".12.2024 - 31.12.2026 Kampanyayı Paylaş Kuveyt Türk Bireysel Kredi Kartları, 31 Aralık 2026 tarihine kadar Korayspor mağazaları ve web sitesi üzerinden yapacağınız alışverişlerinizde vade farksız 4’e varan taksit imkanı sunuyor. Kampanyaya tüm Kuveyt Türk Bireysel Kredi Kartları (Miles & Smiles Kuveyt Türk Kredi Kartı, Sağlam Kart, Sağlam Kart Kampüs, Sağlam Kart Genç, Özel Bankacılık World Elite Kart) ile bu kartların sanal ve ek kartları dahildir. İşlemlerin taksitli olabilmesi için ödeme anında taksitli seçimin yapılması gerekmektedir. Mevzuatın öngördüğü taksit sayılarının üzerinde taksitlendirme yapılamayacaktır. Kuveyt Türk ve Korayspor önceden haber vermeden kampanya koşullarında değişiklik yapabilir ya",https://kuveytturk.com.tr/kampanyalar/kendim-icin/kart-kampanyalari/korayspor-ile-vade-farksiz-4e-varan-taksit-imkani,2026-08-25T00:26:37+00:00,official_source_date_gated
158,Kuveyt Türk,Koçtaş’ta Vade Farksız 6 Aya Varan Taksit Fırsatı!,Kart / Taksit Kampanyası,card_campaign,,6 taksit,"Kart Sahipleri,Bireysel Müşteriler",6 taksit,,Vade farksız (%0),,,,,10.000 TL,,,,2025-12-31,2026-12-31,,".12.2025 - 31.12.2026 Kampanyayı Paylaş Kuveyt Türk bireysel kredi kartları ile 31 Aralık 2026 tarihine kadar Koçtaş resmi web sitesinde yapacağınız 10.000 TL ve üzeri alışverişlerinizde vade farksız 6 aya varan taksit imkanı sizi bekliyor. Kampanyaya tüm Kuveyt Türk Bireysel Kredi Kartları (Miles & Smiles Kuveyt Türk Kredi Kartı, Sağlam Kart, Sağlam Kart Kampüs, Sağlam Kart Genç, Özel Bankacılık World Elite Kart) ile bu kartların sanal ve ek kartları dahildir. Mevzuatın öngördüğü taksit sayılarının üzerinde taksitlendirme yapılamayacaktır. İşlemlerin taksitli olabilmesi için ödeme anında taksitli seçimin yapılması gerekmektedir. Kuveyt Türk ve Koçtaş önceden haber vermeden kampanya koşullarında değişiklik yapa",https://kuveytturk.com.tr/kampanyalar/kendim-icin/kart-kampanyalari/koctasta-vade-farksiz-6-aya-varan-taksit-firsati,2026-08-25T00:26:37+00:00,official_source_date_gated
842,Kuveyt Türk,Kuba Motor’da 12 Aya Varan Taksit Fırsatı!,Kart / Taksit Kampanyası,card_campaign,,12 taksit,"Kart Sahipleri,Bireysel Müşteriler",12 taksit,,,,,,,,,,,2026-08-13,2026-12-31,,".08.2026 - 31.12.2026 Kampanyayı Paylaş Kuveyt Türk Bireysel Kredi Kartları ile 31 Aralık 2026 tarihine kadar Kuba Motor’da yapacağınız alışverişlerinizde 12 aya varan taksit imkanı sizi bekliyor. Kampanyaya tüm Kuveyt Türk Bireysel Kredi Kartları (Miles & Smiles Kuveyt Türk Kredi Kartı, Sağlam Kart, Sağlam Kart Kampüs, Sağlam Kart Genç, Özel Bankacılık World Elite Kart) ile bu kartların ek kartları dahildir. Mevzuatın öngördüğü taksit sayılarının üzerinde taksitlendirme yapılamayacaktır. İşlemlerin taksitli olabilmesi için ödeme anında taksitli seçimin yapılması gerekmektedir. Kuveyt Türk ve Yuki Motor önceden haber vermeden kampanya koşullarında değişiklik yapabilir ya da kampanyayı sonlandırabilir.",https://kuveytturk.com.tr/kampanyalar/kendim-icin/kart-kampanyalari/kuba-motorda-12-aya-varan-taksit-firsati,2026-08-25T00:26:37+00:00,official_source_date_gated
164,Kuveyt Türk,"Kuveyt Türk Müşterilerine Özel %2,99 Oranlı Kar Paylı Taksitlendirme Fırsatı!",Kart / Taksit Kampanyası,card_campaign,,9 taksit,"Kart Sahipleri,Bireysel Müşteriler",9 taksit,,Vade farksız (%0),,,,,100 TL,,,,2026-07-07,2026-12-31,,".07.2026 - 31.12.2026 Kampanyayı Paylaş Kuveyt Türk bireysel kredi kart sahiplerine %2.99 oranlı kar paylı taksitlendirme imkanı! Kuveyt Türk bireysel kredi kart müşterilerine özel, yapacakları harcamalarda %2.99 vade farkı ile 9 aya kadar taksit imkanı! Kuveyt Türk bireysel kredi kart ile harcama yapmadan önce Kart Ayarları sekmesinden 2 ila 9 taksit arasında seçim yaparak, 100 TL ve üzeri harcamalarınızı %2.99 oranında kar payı ile taksitlendirebilirsiniz. Kampanya kapsamında maksimum 9 taksit uygulanmaktadır. Taksit sayısı belirlendikten sonra yapılan tüm işlemler otomatik olarak taksitlendirilmektedir. Taksitlendirilmesi istenmeyen işlemler için işlem öncesinde taksit sayısının 0 olarak güncellenmesi gerekm",https://kuveytturk.com.tr/kampanyalar/kendim-icin/kart-kampanyalari/kuveyt-turk-musterilerine-ozel-299-oranli-kar-payli-taksitlendirme-firsati,2026-08-25T00:26:37+00:00,official_source_date_gated
115,Kuveyt Türk,Kuveyt Türk'ten Eğitime Özel Taksitli POS Kampanyası,Kart / Taksit Kampanyası,card_campaign,,5 taksit,"Ticari Müşteriler,Kart Sahipleri,Dijital Müşteriler,Bireysel Müşteriler,Yeni Müşteriler",5 taksit,,Vade farksız (%0),,,,,,,,,2026-07-01,2026-09-30,,".07.2026 - 30.09.2026 Kampanyayı Paylaş Kuveyt Türk'ten eğitime destek! Kolejler, özel anaokulları ve özel üniversiteler için, Kuveyt Türk bireysel kredi kartlarıyla Kuveyt Türk POS'larından yapılan 2-7 taksitli işlemlere ek vade farksız +5 taksit fırsatı sunuyoruz. Kampanya Detayları İlgili sektörde faaliyet gösteren üye işyerinin POS’tan minimum 2 taksit seçmesi durumunda kart kampanyası olarak otomatik +5 taksit eklenecektir. Ekstra +5 taksit için herhangi bir seçim yapılması gerekmez. Kampanya + taksit eklenmiş olarak 12 taksit ile sınırlıdır. Kampanyamıza Kuveyt Türk Mobil'den müşterimiz olarak ya da şubelerimizden katılabilirsiniz. Kampanyaya Kuveyt Türk Sağlam kartları ve Miles & Smiles bireysel kartları",https://kuveytturk.com.tr/kampanyalar/isim-icin/pos-kampanyalari/kuveyt-turkten-egitime-ozel-taksitli-pos-kampanyasi,2026-08-25T00:26:37+00:00,official_source_date_gated
166,Kuveyt Türk,Lajivert ve Ritmik Mobilya’da Vade Farksız 9 Aya Varan Taksit Fırsatı,Kart / Taksit Kampanyası,card_campaign,,9 taksit,"Kart Sahipleri,Bireysel Müşteriler",9 taksit,,Vade farksız (%0),,,,,,,,,2026-03-06,2026-12-31,,".03.2026 - 31.12.2026 Kampanyayı Paylaş Kuveyt Türk bireysel kredi kartları ile 31 Aralık 2026’ya kadar Lajivert Mobilya ve Ritmik Mobilya mağazaları ve resmi web sitesinde yapacağınız alışverişlerinizde 9 aya varan taksit imkanı sizi bekliyor. Kampanyaya tüm Kuveyt Türk Bireysel Kredi Kartları (Miles & Smiles Kuveyt Türk Kredi Kartı, Sağlam Kart, Sağlam Kart Kampüs, Sağlam Kart Genç, Özel Bankacılık World Elite Kart) ile bu kartların sanal ve ek kartları dahildir. Mevzuatın öngördüğü taksit sayılarının üzerinde taksitlendirme yapılamayacaktır. İşlemlerin taksitli olabilmesi için ödeme anında taksitli seçimin yapılması gerekmektedir. Kuveyt Türk önceden haber vermeden kampanya koşullarında değişiklik yapabilir",https://kuveytturk.com.tr/kampanyalar/kendim-icin/kart-kampanyalari/lajivert-ve-ritmik-mobilyada-vade-farksiz-9-aya-varan-taksit-firsati,2026-08-25T00:26:37+00:00,official_source_date_gated
167,Kuveyt Türk,Lastikcim.com'da Vade Farksız 6 Aya Varan Taksit Fırsatı!,Kart / Taksit Kampanyası,card_campaign,,6 taksit,Kart Sahipleri,6 taksit,,Vade farksız (%0),,,,,,,,,2025-11-01,2026-12-31,,.11.2025 - 31.12.2026 Kampanyayı Paylaş Kuveyt Türk kredi kartıyla Lastikcim.com'da 6 aya varan vade farksız taksit imkanı sizleri bekliyor. Kampanyaya tüm Kuveyt Türk Kredi Kartları ile bu kartların sanal ve ek kartları dahildir. Mevzuatın öngördüğü taksit sayılarının üzerinde taksitlendirme yapılamayacaktır. İşlemlerin taksitli olabilmesi için ödeme anında taksitli seçimin yapılması gerekmektedir. Kuveyt Türk önceden haber vermeden kampanya koşullarında değişiklik yapabilir ya da kampanyayı sonlandırabilir.,https://kuveytturk.com.tr/kampanyalar/kendim-icin/kart-kampanyalari/lastikcimcomda-vade-farksiz-6-aya-varan-taksit-firsati,2026-08-25T00:26:37+00:00,official_source_date_gated
168,Kuveyt Türk,Lazzoni’de 9 Aya Varan Taksit Fırsatı!,Kart / Taksit Kampanyası,card_campaign,,9 taksit,"Kart Sahipleri,Bireysel Müşteriler",9 taksit,,,,,,,,,,,2025-10-28,2026-12-31,,".10.2025 - 31.12.2026 Kampanyayı Paylaş Kuveyt Türk bireysel kredi kartları ile 31 Aralık 2026 tarihine kadar Lazzoni mağazalarında yapacağınız alışverişlerinizde 9 aya varan taksit imkanı sizi bekliyor. Kampanyaya tüm Kuveyt Türk Bireysel Kredi Kartları (Miles & Smiles Kuveyt Türk Kredi Kartı, Sağlam Kart, Sağlam Kart Kampüs, Sağlam Kart Genç, Özel Bankacılık World Elite Kart) ile bu kartların sanal ve ek kartları dahildir. Mevzuatın öngördüğü taksit sayılarının üzerinde taksitlendirme yapılamayacaktır. İşlemlerin taksitli olabilmesi için ödeme anında taksitli seçimin yapılması gerekmektedir. Kuveyt Türk ve Lazzoni önceden haber vermeden kampanya koşullarında değişiklik yapabilir ya da kampanyayı sonlandırabil",https://kuveytturk.com.tr/kampanyalar/kendim-icin/kart-kampanyalari/lazzonide-9-aya-varan-taksit-firsati,2026-08-25T00:26:37+00:00,official_source_date_gated
91,Kuveyt Türk,Market ve Gıda Harcamalarınıza Her Ay Ekstra 2.000 Mil'e Varan Fırsat!,Kart / Taksit Kampanyası,card_campaign,,2.000 puan / mil,"Ticari Müşteriler,Kart Sahipleri",,,,,,,2.000 puan / mil,4.000 TL,,,,2026-06-25,2026-12-31,,".06.2026 - 31.12.2026 Kampanyayı Paylaş Miles&Smiles Kuveyt Türk Business Kredi Kartları ile market ve gıda harcamalarınızda yıl boyunca avantajlı şekilde mil biriktirebilirsiniz. Yıl sonuna kadar her ay, Miles&Smiles Kuveyt Türk Business kartınızla yapacağınız 4.000 TL ve üzeri market ve gıda harcamalarınızda ekstra %5 , aylık maksimum 2.000 Mil kazanma fırsatı sizi bekliyor. Kampanyaya Kuveyt Türk Mobil üzerinden katılabilirsiniz. Kampanyaya katıldıktan sonra harcamanızı gerçekleştirebilirsiniz. Kampanyaya katılmadan yapılacak harcamalar kampanyaya dahil değildir. Kampanyadan maksimum kazanım tutarı 2.000 Mil'dir. Kampanya, farklı kampanyalar ile birleştirilemez. Kampanyaya; Miles&Smiles Kuveyt Türk Business",https://kuveytturk.com.tr/kampanyalar/isim-icin/kart-kampanyalari/market-ve-gida-harcamalariniza-her-ay-ekstra-2000-mile-varan-firsat,2026-08-25T00:26:37+00:00,official_source_date_gated
92,Kuveyt Türk,Miles&Smiles Business Kart QR Ödeme ile Ekstra 4.000 Mil!,Kart / Taksit Kampanyası,card_campaign,,4.000 puan / mil,"Ticari Müşteriler,Kart Sahipleri",,,,,,,4.000 puan / mil,000 TL,,,,2026-06-25,2026-12-31,,".06.2026 - 31.12.2026 Kampanyayı Paylaş Miles&Smiles Kuveyt Türk Business Kredi Kartları yıl sonuna kadar her ay sizlere mil kazandırıyor! QR kod kullanarak yaptığınız 5 .000 TL ve üzeri her harcamanızda ekstra %5, toplamda 4.000 Mil kazandırıyor. Kampanyaya Kuveyt Türk Mobil üzerinden katılabilirsiniz. Kampanyaya katıldıktan sonra QR harcamanızı gerçekleştirebilirsiniz. Kampanyaya katılmadan yapılacak QR harcamaları kampanyaya dahil değildir. Kampanyadan maksimum kazanım 4.000 TL Mil’dir. Kampanyaya Miles&Smiles Business Kart ile bu kartların sanal ve ek kartları dahildir. QR kod ile Kuveyt Türk Mobil - QR Kod İşlemleri- Ödeme Yap menüsünden okutarak ödeme yapabilirsiniz. Kampanya, farklı kampanyalarla birleşt",https://kuveytturk.com.tr/kampanyalar/isim-icin/kart-kampanyalari/milesandsmiles-business-kart-qr-odeme-ile-ekstra-4000-mil,2026-08-25T00:26:37+00:00,official_source_date_gated
843,Kuveyt Türk,Monster Notebook'ta 12 Aya Varan Taksit Fırsatı!,Kart / Taksit Kampanyası,card_campaign,,12 taksit,Kart Sahipleri,12 taksit,,Vade farksız (%0),,,,,90.000 TL,,,,2026-01-28,2026-08-31,,".01.2026 - 31.08.2026 Kampanyayı Paylaş Kuveyt Türk Kredi Kartları ile 31 Ağustos 2026 tarihine kadar Monster Notebook’tan yapacağınız alışverişlerinizde 90.000 TL'ye kadar vade farksız 6 taksit, 90.000 TL ve üzeri alışverişlerde 9 taksit, 120.000 TL ve üzeri alışverişlerde vade farksız 12 aya varan taksit imkanı sizi bekliyor. Kampanyaya tüm Kuveyt Türk kredi kartları (Miles & Smiles Kuveyt Türk Kredi Kartı, Sağlam Kart, Sağlam Kart Kampüs, Sağlam Kart Genç, Özel Bankacılık World Elite Kart, Business Plus, Sağlam Business Finansman, Miles&Smiles Kuveyt Türk Business Kredi Kartı) ile bu kartların sanal ve ek kartları dahildir. Mevzuatın öngördüğü taksit sayılarının üzerinde taksitlendirme yapılamayacaktır. İşle",https://kuveytturk.com.tr/kampanyalar/kendim-icin/kart-kampanyalari/monster-notebookta-12-aya-varan-taksit-firsati,2026-08-25T00:26:37+00:00,official_source_date_gated
170,Kuveyt Türk,Penelope ve Othello’da Vade Farksız 4 Aya Varan Taksit Fırsatı!,Kart / Taksit Kampanyası,card_campaign,,4 taksit,"Kart Sahipleri,Bireysel Müşteriler",4 taksit,,Vade farksız (%0),,,,,,,,,2026-01-15,2026-12-31,,".01.2026 - 31.12.2026 Kampanyayı Paylaş Kuveyt Türk bireysel kredi kartları ile 31 Aralık 2026 tarihine kadar Penelope ve Othello mağazalarında ve resmi web sitelerinde yapacağınız alışverişlerinizde vade farksız 4 aya varan taksit imkanı sizi bekliyor. Kampanyaya tüm Kuveyt Türk Bireysel Kredi Kartları (Miles & Smiles Kuveyt Türk Kredi Kartı, Sağlam Kart, Sağlam Kart Kampüs, Sağlam Kart Genç, Özel Bankacılık World Elite Kart) ile bu kartların ek kartları dahildir. Mevzuatın öngördüğü taksit sayılarının üzerinde taksitlendirme yapılamayacaktır. İşlemlerin taksitli olabilmesi için ödeme anında taksitli seçimin yapılması gerekmektedir. Kuveyt Türk, Penelope ve Othello önceden haber vermeden kampanya koşullarında",https://kuveytturk.com.tr/kampanyalar/kendim-icin/kart-kampanyalari/penelope-ve-othelloda-vade-farksiz-4-aya-varan-taksit-firsati,2026-08-25T00:26:37+00:00,official_source_date_gated
171,Kuveyt Türk,Ramsey’de Vade Farksız 4 Aya Varan Taksit Fırsatı!,Kart / Taksit Kampanyası,card_campaign,,4 taksit,"Kart Sahipleri,Bireysel Müşteriler",4 taksit,,Vade farksız (%0),,,,,,,,,2025-08-01,2026-12-31,,".08.2025 - 31.12.2026 Kampanyayı Paylaş Kuveyt Türk kredi kartları ile 31 Aralık 2026 tarihine kadar Ramsey ve Kip’ten yapacağınız alışverişlerinizde vade farksız 4 aya varan taksit imkanı sizi bekliyor. Kampanyaya tüm Kuveyt Türk Bireysel Kredi Kartları (Miles & Smiles Kuveyt Türk Kredi Kartı, Sağlam Kart, Sağlam Kart Kampüs, Sağlam Kart Genç, Özel Bankacılık World Elite Kart) ile bu kartların sanal ve ek kartları dahildir. Mevzuatın öngördüğü taksit sayılarının üzerinde taksitlendirme yapılamayacaktır. İşlemlerin taksitli olabilmesi için ödeme anında taksitli seçimin yapılması gerekmektedir. Kuveyt Türk ve Ramsey önceden haber vermeden kampanya koşullarında değişiklik yapabilir ya da kampanyayı sonlandırabili",https://kuveytturk.com.tr/kampanyalar/kendim-icin/kart-kampanyalari/ramseyde-vade-farksiz-4-aya-varan-taksit-firsati,2026-08-25T00:26:37+00:00,official_source_date_gated
172,Kuveyt Türk,Saat&Saat Alışverişlerinizde 5'e Varan Taksit İmkanı!,Kart / Taksit Kampanyası,card_campaign,,5 taksit,"Kart Sahipleri,Bireysel Müşteriler",,,Vade farksız (%0),,,,,,,,,2024-11-19,2026-12-31,,".11.2024 - 31.12.2026 Kampanyayı Paylaş Kuveyt Türk Kredi Kartları, 31 Aralık 2026 tarihine kadar Saat&Saat mağazaları ve web sitesi üzerinden yapacağınız alışverişlerinizde vade farksız 5'e varan taksit imkanı sunuyor. Kampanyaya tüm Kuveyt Türk bireysel kredi kartları (Sağlam Kart, Miles & Smiles Kuveyt Türk Kredi Kartı, Sağlam Kart Kampüs, Sağlam Kart Genç, Özel Bankacılık World Elite Kart) ile bu kartların sanal ve ek kartları dahildir. İşlemlerin taksitli olabilmesi için ödeme anında taksitli seçimin yapılması gerekmektedir. Mevzuatın öngördüğü taksit sayılarının üzerinde taksitlendirme yapılamayacaktır. Kuveyt Türk ve Saat&Saat önceden haber vermeden kampanya koşullarında değişiklik yapabilir ya da kampan",https://kuveytturk.com.tr/kampanyalar/kendim-icin/kart-kampanyalari/saatandsaat-alisverislerinizde-5e-varan-taksit-imkani,2026-08-25T00:26:37+00:00,official_source_date_gated
174,Kuveyt Türk,Sağlık Harcamalarınıza 5 Taksit İmkanı,Kart / Taksit Kampanyası,card_campaign,,5 taksit,Kart Sahipleri,5 taksit,,Vade farksız (%0),,,,,1.000 TL,,,,2024-02-14,2026-12-31,,".02.2024 - 31.12.2026 Kampanyayı Paylaş Sağlam Kart Sağlık Kampanyası Artık Kuveyt Türk Mobil ’de! Sağlam Kart ile istediğiniz iki adet sağlık harcamanızı işlem sonrasında Kuveyt Türk Mobil üzerinden vade farksız bir şekilde 2 ila 5 taksite bölebilirsiniz. 1.000 TL ve üzeri taksitlendirmeye uygun işlemlerinizi Kuveyt Türk Mobil içerisindeki Kart işlemleri – Dönem İçi İşlemler menüsünden ""Ücretsiz Taksitlendir"" butonuyla vade farksız 2 ile 5 taksit arasında taksitlendirebilirsiniz. İşlemden önce kart üzerindeki taksit sayısının 0 olması gerekmektedir. İşlemler otomatik olarak bölünmeyecektir. Veteriner harcamaları kampanyaya dahildir. Bir ekstre döneminde toplamda en fazla 2 adet eğitim veya sağlık harcaması tak",https://kuveytturk.com.tr/kampanyalar/kendim-icin/kart-kampanyalari/saglik-harcamalariniza-5-taksit-imkani,2026-08-25T00:26:37+00:00,official_source_date_gated
175,Kuveyt Türk,Starwood Yapı Market’te Vade Farksız 3 Aya Varan Taksit Fırsatı!,Kart / Taksit Kampanyası,card_campaign,,3 taksit,"Kart Sahipleri,Bireysel Müşteriler",3 taksit,,Vade farksız (%0),,,,,,,,,2025-08-21,2026-12-31,,".08.2025 - 31.12.2026 Kampanyayı Paylaş Kuveyt Türk bireysel kredi kartları ile 31 Aralık 2026 tarihine kadar Starwood Yapı Market ’ ten yapacağınız alışverişlerinizde vade farksız 3 aya varan taksit imkanı sizi bekliyor. Kampanyaya tüm Kuveyt Türk Bireysel Kredi Kartları (Miles & Smiles Kuveyt Türk Kredi Kartı, Sağlam Kart, Sağlam Kart Kampüs, Sağlam Kart Genç, Özel Bankacılık World Elite Kart) ile bu kartların sanal ve ek kartları dahildir. Mevzuatın öngördüğü taksit sayılarının üzerinde taksitlendirme yapılamayacaktır. İşlemlerin taksitli olabilmesi için ödeme anında taksitli seçimin yapılması gerekmektedir. Kuveyt Türk ve Starwood Yapı Market önceden haber vermeden kampanya koşullarında değişiklik yapabilir",https://kuveytturk.com.tr/kampanyalar/kendim-icin/kart-kampanyalari/starwood-yapi-markette-vade-farksiz-3-aya-varan-taksit-firsati,2026-08-25T00:26:37+00:00,official_source_date_gated
176,Kuveyt Türk,Tergan’da Vade Farksız 3 Aya Varan Taksit Fırsatı!,Kart / Taksit Kampanyası,card_campaign,,3 taksit,"Kart Sahipleri,Bireysel Müşteriler",3 taksit,,Vade farksız (%0),,,,,,,,,2025-08-21,2026-12-31,,".08.2025 - 31.12.2026 Kampanyayı Paylaş Kuveyt Türk bireysel kredi kartları ile 31 Aralık 2026 tarihine kadar Tergan’dan yapacağınız alışverişlerinizde vade farksız 3 aya varan taksit imkanı sizi bekliyor. Kampanyaya tüm Kuveyt Türk Bireysel Kredi Kartları (Miles & Smiles Kuveyt Türk Kredi Kartı, Sağlam Kart, Sağlam Kart Kampüs, Sağlam Kart Genç, Özel Bankacılık World Elite Kart) ile bu kartların sanal ve ek kartları dahildir. Mevzuatın öngördüğü taksit sayılarının üzerinde taksitlendirme yapılamayacaktır. İşlemlerin taksitli olabilmesi için ödeme anında taksitli seçimin yapılması gerekmektedir. Kuveyt Türk ve Tergan önceden haber vermeden kampanya koşullarında değişiklik yapabilir ya da kampanyayı sonlandırabi",https://kuveytturk.com.tr/kampanyalar/kendim-icin/kart-kampanyalari/terganda-vade-farksiz-3-aya-varan-taksit-firsati,2026-08-25T00:26:37+00:00,official_source_date_gated
99,Kuveyt Türk,Toptancı Harcamalarınıza Her Ay Ekstra 2.000 Mil'e Varan Fırsat!,Kart / Taksit Kampanyası,card_campaign,,2.000 puan / mil,"Ticari Müşteriler,Kart Sahipleri",,,,,,,2.000 puan / mil,20.000 TL,,,,2026-06-25,2026-12-31,,".06.2026 - 31.12.2026 Kampanyayı Paylaş Miles&Smiles Kuveyt Türk Business Kredi Kartları ile toptancı harcamalarınızda yıl boyunca avantajlı şekilde mil biriktirebilirsiniz. Yıl sonuna kadar her ay, Miles&Smiles Kuveyt Türk Business kartınızla yapacağınız 20.000 TL ve üzeri toptancı harcamalarınızda ekstra %5 , aylık maksimum 2.000 Mil kazanma fırsatı sizi bekliyor. Kampanyaya Kuveyt Türk Mobil üzerinden katılabilirsiniz. Kampanyaya katıldıktan sonra harcamanızı gerçekleştirebilirsiniz. Kampanyaya katılmadan yapılacak harcamalar kampanyaya dahil değildir. Kampanyadan maksimum kazanım tutarı 2.000 Mil'dir. Kampanya, farklı kampanyalar ile birleştirilemez. Kampanyaya; Miles&Smiles Kuveyt Türk Business kartlar, ek",https://kuveytturk.com.tr/kampanyalar/isim-icin/kart-kampanyalari/toptanci-harcamalariniza-her-ay-ekstra-2000-mile-varan-firsat,2026-07-31T10:44:13+00:00,official_source_date_gated
177,Kuveyt Türk,Vaillant’ta 12 Taksit Fırsatı!,Kart / Taksit Kampanyası,card_campaign,,12 taksit,"Kart Sahipleri,Bireysel Müşteriler",12 taksit,,,,,,,,,,,2026-05-01,2026-12-31,,".05.2026 - 31.12.2026 Kampanyayı Paylaş Kuveyt Türk Bireysel Kredi Kartları ile 31 Aralık 2026 tarihine kadar Vaillant'ta yapacağınız alışverişlerinizde 12 aya varan taksit imkanı sizleri bekliyor. İşlemlerin taksitli olabilmesi için ödeme anında taksitli seçimin yapılması gerekmektedir. Mevzuatın öngördüğü taksit sayılarının üzerinde taksitlendirme yapılamayacaktır. Kampanyaya tüm Kuveyt Türk Bireysel Kredi Kartları (Sağlam Kart, Miles & Smiles Kuveyt Türk Kredi Kartı, Sağlam Kart Kampüs, Sağlam Kart Genç, Özel Bankacılık World Elite Kart ) ile bu kartların sanal ve ek kartları dahildir. Kuveyt Türk ve Vaillant kampanyayı dilediği zaman durdurma ve/veya kampanya koşullarını değiştirme hakkına sahiptir.",https://kuveytturk.com.tr/kampanyalar/kendim-icin/kart-kampanyalari/vaillantta-12-taksit-firsati,2026-08-25T00:26:37+00:00,official_source_date_gated
178,Kuveyt Türk,Vatan Bilgisayar’da Vade Farksız 3 Taksit Fırsatı!,Kart / Taksit Kampanyası,card_campaign,,3 taksit,"Kart Sahipleri,Bireysel Müşteriler",3 taksit,,Vade farksız (%0),,,,,,,,,2026-05-04,2026-12-31,,".05.2026 - 31.12.2026 Kampanyayı Paylaş Kuveyt Türk bireysel kredi kartları ile 31 Aralık 2026 tarihine kadar Vatan Bilgisayar’da yapacağınız alışverişlerinizde vade farksız 3 aya varan taksit imkanı sizi bekliyor. Kampanyaya tüm Kuveyt Türk Bireysel Kredi Kartları (Miles & Smiles Kuveyt Türk Kredi Kartı, Sağlam Kart, Sağlam Kart Kampüs, Sağlam Kart Genç, Özel Bankacılık World Elite Kart) ile bu kartların ek kartları dahildir. Mevzuatın öngördüğü taksit sayılarının üzerinde taksitlendirme yapılamayacaktır. Yasal düzenlemeler gereği; telekomünikasyon, doğrudan pazarlama ile ilgili harcamalar, yurt dışında yapılan harcamalar ve yemek, gıda, alkollü içecek, akaryakıt, fatura ödemeleri, kozmetik, ofis malzemesi ve",https://kuveytturk.com.tr/kampanyalar/kendim-icin/kart-kampanyalari/vatan-bilgisayarda-vade-farksiz-3-taksit-firsati,2026-08-25T00:26:37+00:00,official_source_date_gated
845,Kuveyt Türk,Vivense’de Vade Farksız 5 Aya Varan Taksit Fırsatı!,Kart / Taksit Kampanyası,card_campaign,,5 taksit,"Kart Sahipleri,Bireysel Müşteriler",5 taksit,,Vade farksız (%0),,,,,5.000 TL,,,,2026-08-21,2026-12-31,,".08.2026 - 31.12.2026 Kampanyayı Paylaş Kuveyt Türk bireysel kredi kartları ile 31 Aralık 2026 tarihine kadar yetkili Vivense mağazalarında 5.000 TL ve üzeri yapacağınız alışverişlerinizde vade farksız 5 aya varan taksit imkanı sizi bekliyor. Kampanyaya tüm Kuveyt Türk Bireysel Kredi Kartları (Miles & Smiles Kuveyt Türk Kredi Kartı, Sağlam Kart, Sağlam Kart Kampüs, Sağlam Kart Genç, Özel Bankacılık World Elite Kart) ile bu kartların sanal ve ek kartları dahildir. Mevzuatın öngördüğü taksit sayılarının üzerinde taksitlendirme yapılamayacaktır. İşlemlerin taksitli olabilmesi için ödeme anında taksitli seçimin yapılması gerekmektedir. Kuveyt Türk ve Vivense önceden haber vermeden kampanya koşullarında değişiklik y",https://kuveytturk.com.tr/kampanyalar/kendim-icin/kart-kampanyalari/vivensede-vade-farksiz-5-aya-varan-taksit-firsati,2026-08-25T00:26:37+00:00,official_source_date_gated
179,Kuveyt Türk,Weltew’de 9 Aya Varan Taksit Fırsatı!,Kart / Taksit Kampanyası,card_campaign,,9 taksit,"Kart Sahipleri,Bireysel Müşteriler",9 taksit,,,,,,,,,,,2025-12-10,2026-12-31,,".12.2025 - 31.12.2026 Kampanyayı Paylaş Kuveyt Türk bireysel kredi kartları ile 31 Aralık 2026’e kadar Weltew mağazaları ve resmi web sitesinde yapacağınız alışverişlerinizde 9 aya varan taksit imkanı sizi bekliyor. Kampanyaya tüm Kuveyt Türk Bireysel Kredi Kartları (Miles & Smiles Kuveyt Türk Kredi Kartı, Sağlam Kart, Sağlam Kart Kampüs, Sağlam Kart Genç, Özel Bankacılık World Elite Kart) ile bu kartların sanal ve ek kartları dahildir. Mevzuatın öngördüğü taksit sayılarının üzerinde taksitlendirme yapılamayacaktır. İşlemlerin taksitli olabilmesi için ödeme anında taksitli seçimin yapılması gerekmektedir. Kuveyt Türk ve Weltew önceden haber vermeden kampanya koşullarında değişiklik yapabilir ya da kampanyayı so",https://kuveytturk.com.tr/kampanyalar/kendim-icin/kart-kampanyalari/weltewde-9-aya-varan-taksit-firsati,2026-08-25T00:26:37+00:00,official_source_date_gated
180,Kuveyt Türk,Wome Deluxe Hotel’de 9 Aya Varan Taksit Fırsatı!,Kart / Taksit Kampanyası,card_campaign,,9 taksit,"Kart Sahipleri,Bireysel Müşteriler",9 taksit,,Vade farksız (%0),,,,,,,,,2025-03-28,2026-12-31,,".03.2025 - 31.12.2026 Kampanyayı Paylaş Kuveyt Türk kredi kartları, 31 Aralık 2026 tarihine kadar Wome Deluxe’ten yapacağınız harcamalarınızda vade farksız 9'a varan taksit imkanı sunuyor. Kampanyaya tüm Kuveyt Türk Bireysel Kredi Kartları (Miles & Smiles Kuveyt Türk Kredi Kartı, Sağlam Kart, Sağlam Kart Kampüs, Sağlam Kart Genç, Özel Bankacılık World Elite Kart) ile bu kartların sanal ve ek kartları dahildir. İşlemlerin taksitli olabilmesi için ödeme anında taksitli seçimin yapılması gerekmektedir. Mevzuatın öngördüğü taksit sayılarının üzerinde taksitlendirme yapılamayacaktır. Kuveyt Türk ve Wome Deluxe Hotel önceden haber vermeden kampanya koşullarında değişiklik yapabilir ya da kampanyayı sonlandırabilir.",https://kuveytturk.com.tr/kampanyalar/kendim-icin/kart-kampanyalari/wome-deluxe-hotelde-9-aya-varan-taksit-firsati,2026-08-25T00:26:37+00:00,official_source_date_gated
100,Kuveyt Türk,Yapı ve İnşaat Harcamalarınıza Her Ay Ekstra 2.000 Mil'e Varan Fırsat!,Kart / Taksit Kampanyası,card_campaign,,2.000 puan / mil,"Ticari Müşteriler,Kart Sahipleri",,,,,,,2.000 puan / mil,20.000 TL,,,,2026-06-25,2026-12-31,,".06.2026 - 31.12.2026 Kampanyayı Paylaş Miles&Smiles Kuveyt Türk Business Kredi Kartları ile yapı ve inşaat harcamalarınızda yıl boyunca avantajlı şekilde mil biriktirebilirsiniz. Yıl sonuna kadar her ay, Miles&Smiles Kuveyt Türk Business kartınızla yapacağınız 20.000 TL ve üzeri yapı ve inşaat harcamalarınızda ekstra %5 , aylık maksimum 2.000 Mil kazanma fırsatı sizi bekliyor. Kampanyaya Kuveyt Türk Mobil üzerinden katılabilirsiniz. Kampanyaya katıldıktan sonra harcamanızı gerçekleştirebilirsiniz. Kampanyaya katılmadan yapılacak harcamalar kampanyaya dahil değildir. Kampanyadan maksimum kazanım tutarı 2.000 Mil'dir. Kampanya, farklı kampanyalar ile birleştirilemez. Kampanyaya; Miles&Smiles Kuveyt Türk Business",https://kuveytturk.com.tr/kampanyalar/isim-icin/kart-kampanyalari/yapi-ve-insaat-harcamalariniza-her-ay-ekstra-2000-mile-varan-firsat,2026-07-31T10:44:13+00:00,official_source_date_gated
194,Kuveyt Türk,Yeni Kuveyt Türk Mobil Müşterilerine 10.000 Mil'e Varan Fırsat!,Kart / Taksit Kampanyası,card_campaign,,10.000 puan / mil,"Kart Sahipleri,Dijital Müşteriler,Bireysel Müşteriler,Yeni Müşteriler",,,,,,,10.000 puan / mil,1.000 TL,,,,2026-04-30,2026-12-31,,".04.2026 - 31.12.2026 Kampanyayı Paylaş Miles&Smiles Kuveyt Türk kredi kartları ile yapacağınız ilk 1.000 TL ve üzeri harcamada kart limitinize göre 10.000 Mil'e varan Mil kazanma fırsatı sizi bekliyor. Kampanya Kuveyt Türk Mobil'den 30.04.2026 tarihi itibariyle müşteri olan ve Miles&Smiles Kuveyt Türk kredi kartı alan müşterilerimize geçerlidir. Bireysel kredi kartı başvurularını şubelerimizden yapabilirsiniz. Miles&Smiles kart limiti; 100.000 TL ve altında olan müşterilere 3.000 Mil, 100.000 TL'den 300.000 TL'ye kadar olan (300.000 dahil) müşterilere 6.000 Mil, 300.000 TL üzeri olan müşterilere 10.000 Mil verilecektir. Kampanyadan faydalanabilmek için müşteri olduktan en az 1 gün sonra harcama yapılması gerek",https://kuveytturk.com.tr/kampanyalar/kendim-icin/musteri-ol-kampanyalari/yeni-kuveyt-turk-mobil-musterilerine-10000-mile-varan-firsat,2026-08-25T00:26:37+00:00,official_source_date_gated
181,Kuveyt Türk,Yeni Sağlam Kart Troy'lulara Özel Vade Farksız 5 Aya Varan Taksit İmkanı!,Kart / Taksit Kampanyası,card_campaign,,5 taksit,Kart Sahipleri,5 taksit,,Vade farksız (%0),,,,,,,,,2026-08-01,2026-08-31,,".08.2026 - 31.08.2026 Kampanyayı Paylaş 1 Ağustos - 31 Ağustos tarihleri arasında Sağlam Kart Troy başvurusu yapan müşteriler, 30 Eylül tarihine kadar vade farksız sonradan taksitlendirme yapabilecektir. Sağlam Kart Troy ile her ay Eğitim ve Sağlık sektörlerinde geçerli toplamda iki işleminizde, işlem sonrasında Kuveyt Türk Mobil üzerinden vade farksız şekilde 2 ila 5 taksite bölebilirsiniz. Yeni Sağlam Kart Troy’lulara Özel kampanya kapsamında Sağlam Troy Kart’ını yeni alan müşteriler 30 Eylül’e kadar bir taksitlendirme işlem hakkını sektör kısıtı olmadan kullanabilmektedir. Bu harcamaya ait uygulanacak taksitlendirmede maksimum tutar 50.000 TL’dir. Taksitlendirmeye uygun işlemlerinizi Kuveyt Türk Mobil içeris",https://kuveytturk.com.tr/kampanyalar/kendim-icin/kart-kampanyalari/yeni-saglam-kart-troylulara-ozel-vade-farksiz-5-aya-varan-taksit-imkani,2026-08-25T00:26:37+00:00,official_source_date_gated
182,Kuveyt Türk,Yenilio'ya Özel Vade Farksız 12'ye Varan Taksit İmkanı!,Kart / Taksit Kampanyası,card_campaign,,12 taksit,"Kart Sahipleri,Bireysel Müşteriler",,,Vade farksız (%0),,,,,,,,,2025-03-03,2026-12-31,,".03.2025 - 31.12.2026 Kampanyayı Paylaş Kuveyt Türk Bireysel Kredi kartları, 31 Aralık 2026 tarihine kadar Yenilio mağazaları ve web sitesi üzerinden yapacağınız alışverişlerinizde vade farksız 12'ye varan taksit imkanı sunuyor. Kampanyaya tüm Kuveyt Türk bireysel kredi kartları (Sağlam Kart, Miles & Smiles Kuveyt Türk Kredi Kartı, Sağlam Kart Kampüs, Sağlam Kart Genç, Özel Bankacılık World Elite Kart) ile bu kartların sanal ve ek kartları dahildir. İşlemlerin taksitli olabilmesi için ödeme anında taksitli seçimin yapılması gerekmektedir. Mevzuatın öngördüğü taksit sayılarının üzerinde taksitlendirme yapılamayacaktır. Kuveyt Türk ve Yenilio önceden haber vermeden kampanya koşullarında değişiklik yapabilir ya da",https://kuveytturk.com.tr/kampanyalar/kendim-icin/kart-kampanyalari/yenilioya-ozel-vade-farksiz-12ye-varan-taksit-imkani,2026-08-25T00:26:37+00:00,official_source_date_gated
184,Kuveyt Türk,Yuki Motor’da Vade Farksız 12 Aya Varan Taksit Fırsatı,Kart / Taksit Kampanyası,card_campaign,,12 taksit,"Kart Sahipleri,Bireysel Müşteriler",12 taksit,,Vade farksız (%0),,,,,,,,,2026-04-27,2026-12-31,,".04.2026 - 31.12.2026 Kampanyayı Paylaş Kuveyt Türk bireysel kredi kartları ile 31 Aralık 2026 tarihine kadar Yuki Motor’da yapacağınız alışverişlerinizde vade farksız 12 aya varan taksit imkanı sizi bekliyor. Kampanyaya tüm Kuveyt Türk Bireysel Kredi Kartları (Miles & Smiles Kuveyt Türk Kredi Kartı, Sağlam Kart, Sağlam Kart Kampüs, Sağlam Kart Genç, Özel Bankacılık World Elite Kart) ile bu kartların ek kartları dahildir. Mevzuatın öngördüğü taksit sayılarının üzerinde taksitlendirme yapılamayacaktır. İşlemlerin taksitli olabilmesi için ödeme anında taksitli seçimin yapılması gerekmektedir. Kuveyt Türk ve Yuki Motor önceden haber vermeden kampanya koşullarında değişiklik yapabilir ya da kampanyayı sonlandırabil",https://kuveytturk.com.tr/kampanyalar/kendim-icin/kart-kampanyalari/yuki-motorda-vade-farksiz-12-aya-varan-taksit-firsati,2026-08-25T00:26:37+00:00,official_source_date_gated
155,Kuveyt Türk,İmza’da Vade Farksız 6 Aya Varan Taksit Fırsatı,Kart / Taksit Kampanyası,card_campaign,,6 taksit,"Kart Sahipleri,Bireysel Müşteriler",6 taksit,,Vade farksız (%0),,,,,,,,,2025-10-22,2026-12-31,,".10.2025 - 31.12.2026 Kampanyayı Paylaş Kuveyt Türk bireysel kredi kartları ile 31 Aralık 2026 tarihine kadar İmza mağazalarında yapacağınız alışverişlerinizde vade farksız 6 aya varan taksit imkanı sizi bekliyor. Kampanyaya tüm Kuveyt Türk Bireysel Kredi Kartları (Miles & Smiles Kuveyt Türk Kredi Kartı, Sağlam Kart, Sağlam Kart Kampüs, Sağlam Kart Genç, Özel Bankacılık World Elite Kart) ile bu kartların sanal ve ek kartları dahildir. Mevzuatın öngördüğü taksit sayılarının üzerinde taksitlendirme yapılamayacaktır. İşlemlerin taksitli olabilmesi için ödeme anında taksitli seçimin yapılması gerekmektedir. Kuveyt Türk ve İmza önceden haber vermeden kampanya koşullarında değişiklik yapabilir ya da kampanyayı sonlan",https://kuveytturk.com.tr/kampanyalar/kendim-icin/kart-kampanyalari/imzada-vade-farksiz-6-aya-varan-taksit-firsati,2026-08-25T00:26:37+00:00,official_source_date_gated
156,Kuveyt Türk,İşbir Yatak ile 6’ya Varan Taksit İmkanı!,Kart / Taksit Kampanyası,card_campaign,,6 taksit,"Kart Sahipleri,Bireysel Müşteriler",6 taksit,,Vade farksız (%0),,,,,,,,,2025-04-24,2026-12-31,,".04.2025 - 31.12.2026 Kampanyayı Paylaş Kuveyt Türk Kredi Kartları ile, 31 Aralık 2026 tarihine kadar Yataş grubu markaları üzerinden mağazalarda yapacağınız alışverişlerinizde peşin fiyatına 6 aya varan taksit imkanı sunuyor. Kuveyt Türk Kredi Kartları, 31 Aralık 2026 tarihine kadar İşbir Yatak mağazalarında yapacağınız alışverişlerinizde vade farksız 6'ya varan taksit imkanı sunuyor. İşlemlerin taksitli olabilmesi için ödeme anında taksitli seçimin yapılması gerekmektedir. Kampanya mağazalardan ve web sitesinden yapılacak alışverişlerde geçerlidir. Kampanyaya Kuveyt Türk Bireysel Kredi Kartları (Sağlam Kart, Miles&Smiles Kuveyt Türk Kredi Kartı, Sağlam Kart Kampüs, Sağlam Kart Genç, Özel Bankacılık World Elit",https://kuveytturk.com.tr/kampanyalar/kendim-icin/kart-kampanyalari/isbir-yatak-ile-6ya-varan-taksit-imkani,2026-08-25T00:26:37+00:00,official_source_date_gated
844,Kuveyt Türk,Okula Dönüşte 300 TL'ye Varan Altın Puan!,Puan Kampanyası,points_campaign,,300 puan,Kart Sahipleri,,,,,,,300 puan,2.000 TL,300 TL,,,2026-08-20,2026-12-31,,".08.2026 - 31.12.2026 Kampanyayı Paylaş Sağlam Nakit Kart, 31 Ekim 2026 tarihine kadar tek seferde yapacağınız 2.000 TL ve üzeri giyim, eğitim ve kırtasiye alışverişlerinizde 100 TL, toplamda 300 TL Altın Puan kazandırıyor. ✅ NASIL YARARLANILIR? Kuveyt Türk Mobil üzerinden kampanyaya katılın. 31 Ekim 2026 tarihine kadar Sağlam Nakit Kartınız ile tek seferde 2.000 TL ve üzeri giyim, eğitim veya kırtasiye alışverişi yaparak Altın Puan kazanın. 💳 KAMPANYA DETAYLARI Tek seferde gerçekleştirilen 2.000 TL ve üzeri giyim, eğitim ve kırtasiye harcamalarına 100 TL Altın Puan verilir. Kampanya kapsamında müşteri başına toplamda en fazla 300 TL Altın Puan kazanılabilir. Kampanya yalnızca Kuveyt Türk Bireysel Sağlam Nakit",https://kuveytturk.com.tr/kampanyalar/kendim-icin/kart-kampanyalari/okula-donuste-300-tlye-varan-altin-puan,2026-08-25T00:26:37+00:00,official_source_date_gated
95,Kuveyt Türk,Sağlam Business Kart Akaryakıt Harcamalarınıza 600 TL’ye Varan Altın Puan Fırsatı!,Puan Kampanyası,points_campaign,,600 puan,"Ticari Müşteriler,Kart Sahipleri",,,,,,,600 puan,2.000 TL,600 TL,,,2026-06-25,2026-12-31,,".06.2026 - 31.12.2026 Kampanyayı Paylaş Sağlam Business Kredi Kartları yıl sonuna kadar her ay sizlere mil kazandırıyor! 2.000 TL ve üzeri akaryakıt harcamalarınızda 100 TL , toplamda 600 TL Altın Puan kazandırıyor! Kampanyaya Kuveyt Türk Mobil üzerinden katılabilirsiniz. Kampanyaya katılmadan yapılacak harcamalar kampanyaya dahil değildir. Kampanyaya Sağlam Business Kredi Kartları ile bu kartların sanal ve ek kartları dahildir. Kampanya kazanımı müşteri bazlıdır. Kampanyadan maksimum kazanım tutarı 600 TL Altın Puan’dır. Kampanya, farklı kampanyalar ile birleştirilemez. Kampanya; 5172 (Petrol ve Petrol Ürünleri), 5541 (Servis İstasyonları), 5542 (Yakıt Dolum Otomatları) ve 5983 (Yakıt Satıcıları) MCC kodlu üye",https://kuveytturk.com.tr/kampanyalar/isim-icin/kart-kampanyalari/saglam-business-kart-akaryakit-harcamalariniza-600-tlye-varan-altin-puan-firsati,2026-08-25T00:26:37+00:00,official_source_date_gated
96,Kuveyt Türk,Sağlam Business Kart QR Ödeme ile 4.000 TL' ye Varan Altın Puan Fırsatı!,Puan Kampanyası,points_campaign,,4.000 puan,"Ticari Müşteriler,Kart Sahipleri",,,,,,,4.000 puan,5.000 TL,4.000 TL,,,2026-06-25,2026-12-31,,".06.2026 - 31.12.2026 Kampanyayı Paylaş Sağlam Business Kredi Kartları yıl sonuna kadar her ay sizlere mil kazandırıyor! QR kod kullanarak yapacağınız 5.000 TL ve üzeri her harcamanızda %5, toplamda 4.000 TL Altın Puan kazandırıyor! Kampanyaya Kuveyt Türk Mobil üzerinden katılabilirsiniz. Kampanyaya katıldıktan sonra QR harcamanızı gerçekleştirebilirsiniz. Kampanyaya katılmadan yapılacak QR harcamaları kampanyaya dahil değildir. Kampanyadan maksimum kazanım 4.000 TL Altın Puan'dır. Kampanyaya Sağlam Business Kart ile bu kartların sanal ve ek kartları dahildir. QR kod ile Kuveyt Türk Mobil - QR Kod İşlemleri- Ödeme Yap menüsünden QR okutarak ödeme yapabilirsiniz. Kampanya, farklı kampanyalarla birleştirilemez. E",https://kuveytturk.com.tr/kampanyalar/isim-icin/kart-kampanyalari/saglam-business-kart-qr-odeme-ile-4000-tl-ye-varan-altin-puan-firsati,2026-08-25T00:26:37+00:00,official_source_date_gated
106,Kuveyt Türk,Tarımda Kuveyt Türk ile Büyüme Zamanı!,Tarım Leasing Finansmanı,finance_campaign,Tarım Leasing Finansmanı,Kampanya Tarihleri 19.03.2026 - 31.12.2026 Kampanyayı Paylaş Tarımda Kuveyt Türk ile büyüme zamanı!,Ticari Müşteriler,,,,,,,,,,,,2026-03-19,2026-12-31,,".03.2026 - 31.12.2026 Kampanyayı Paylaş Tarımda Kuveyt Türk ile büyüme zamanı! Tarım makineleri, ekipman ve üretim yatırımlarında Leasing finansmanı ile bütçeni koru, nakit akışını planla! Esnek ödeme seçenekleri ve ödemesiz dönem avantajı sayesinde, hasat zamanına uygun geri ödeme planı oluşturabilir, finansal yükünü daha rahat yönetebilirsin. Uygun finansman oranı ile yatırımlarını daha düşük maliyetle hayata geçirebilirsin. Hızlı başvuru süreci ile işlemlerini pratik bir şekilde tamamlayabilir, zaman kaybetmeden yatırımlarına odaklanabilirsin. 📌 Leasing ön başvurunuzu hemen yapın, sizinle iletişime geçelim. KAMPANYA KOŞULLARI Kampanya 18/03/2026 –31/12/2026 tarihleri arasında geçerlidir. Leasing finansmanı B",https://kuveytturk.com.tr/kampanyalar/isim-icin/kobi-kampanyalari/tarimda-kuveyt-turk-ile-buyume-zamani,2026-08-25T00:26:37+00:00,official_source_date_gated
97,Kuveyt Türk,"Sağlam Business Kart’tan Dev Kampanya 3 Ay Erteleme ve %3,49 Oranla 9 Taksit İmkanı!",Ticari Kart Taksitlendirme,finance_campaign,Ticari Kart Taksitlendirme,9 taksit,"Ticari Müşteriler,Kart Sahipleri",9 taksit,9 ay,"%3,49",,,,,,,,,2026-05-18,2026-12-31,,".05.2026 - 31.12.2026 Kampanyayı Paylaş Kuveyt Türk Müşterilerine özel Sağlam Business Kartınız ile üst tutar sınırı olmaksızın yaptığınız tüm harcamaların ödemesini 3 ay erteleyebilirsiniz. Sağlam Business kartınız ile 3 ay ertelemeyle birlikte harcamalarınızı %3,49 kâr payıyla toplamda 9 taksite bölebilirsiniz. Harcama yapmadan önce mobil şubeden taksit sayısını veya ertelemeyi seçmeniz gerekmektedir. Kampanya 31.12.2026 tarihine kadar geçerlidir. Kuveyt Türk, önceden haber vermeden kampanya koşullarında değişiklik yapabilir ya da kampanyayı sonlandırabilir. Sağlam Business Kart Nedir? Sağlam Business Kart, küçük veya orta büyüklükteki işletmelerinizin günlük alımlarını finanse edebilmek ve kendi nakit akışla",https://kuveytturk.com.tr/kampanyalar/isim-icin/kart-kampanyalari/saglam-business-karttan-dev-kampanya-3-ay-erteleme-ve-349-oranla-9-taksit-imkani,2026-08-25T00:26:37+00:00,official_source_date_gated
118,Kuveyt Türk,Diyanet Umre Finansmanı ile Vade Farksız 3 Taksit İmkanı!,Umre Finansmanı,finance_campaign,Umre Finansmanı,3 taksit,,3 taksit,3 ay,%0,,,,,,,,,2024-08-13,2027-01-01,,".08.2024 - 1.01.2027 Kampanyayı Paylaş Diyanet Umre Finansmanı ile kutsal topraklara ziyaretlerinizi herhangi bir finansal kaygı yaşamadan gerçekleştirebilirsiniz. Kampanya kapsamında Kutsal toprakları ziyaret etmek isteyen müşterilerimiz toplam umre tutarının en fazla yüzde altmışı için vade farksız 3 taksit imkanından yararlanabilir. Kuveyt Türk müşterileri için Diyanet Umre Finansmanı başvurusu yapmak son derece kolaydır. Finansman başvurunuzu size en yakın şubemize uğrayarak yapabilirsiniz. Eğer Kuveyt Türk müşterisi değilseniz, hızlı ve pratik bir şekilde Kuveyt Türk Mobil ile Kuveyt Türk müşterisi olabilirsiniz. Diyanet Umre Finansmanı’ndan, 18 yaşını tamamlamış tüm Kuveyt Türk müşterileri yararlanabilir.",https://kuveytturk.com.tr/kampanyalar/kendim-icin/finansman-kampanyalari/diyanet-umre-finansmani-ile-vade-farksiz-3-taksit-imkani,2026-08-25T00:26:37+00:00,official_source_date_gated
104,Kuveyt Türk,Kuveyt Türk’ten KFK Destekli Yatırım Finansmanı!,Yatırım Finansmanı,finance_campaign,Yatırım Finansmanı,60 ay vade,Ticari Müşteriler,,60 ay,,,,,,,,,,2026-07-09,2026-12-31,,".07.2026 - 31.12.2026 Kampanyayı Paylaş KFK Destekli Yatırım Finansmanıyla İşletmenizi Büyütün! Kuveyt Türk’ün KFK destekli yatırım finansman paketi ile işletmenizin büyüme ve yenilenme yatırımlarını ertelemeden gerçekleştirebilirsiniz. 6 aya kadar ödemesiz dönem ve 60 aya varan vade imkânı sayesinde, yatırım sürecinde nakit akışınızı zorlamadan geri ödemelerinizi planlayabilir, taksitlerinizi işletmenizin gelir döngüsüne uygun şekilde düzenleyebilirsiniz. Makine, teçhizat, ekipman ve benzeri yatırım ihtiyaçlarınızı finanse ederek üretim kapasitenizi artırabilir, operasyonel verimliliğinizi yükseltebilir ve rekabet gücünüzü güçlendirebilirsiniz. Böylece işletmenizin hem mevcut ihtiyaçlarına cevap verirken hem d",https://kuveytturk.com.tr/kampanyalar/isim-icin/kobi-kampanyalari/kuveyt-turkten-kfk-destekli-yatirim-finansmani,2026-08-25T00:26:37+00:00,official_source_date_gated
185,Kuveyt Türk,Akademisyenlere Özel Avantaj Paketi,Yeni Müşteri Kampanyası,new_customer_campaign,,10.000 puan / mil,"Kart Sahipleri,Bireysel Müşteriler,Yeni Müşteriler",,,,,,,10.000 puan / mil,1.000 TL,,,,2025-08-11,2026-12-31,,".08.2025 - 31.12.2026 Kampanyayı Paylaş Miles&Smiles Kuveyt Türk Kart Avantajları Miles&Smiles Kuveyt Türk Kart ile 10.000 Mil Avantajı: Miles&Smiles Kuveyt Türk kredi kartları ile yapacağınız ilk 1.000 TL ve üzeri harcamada kart limitinize göre 10.000 Mil'e varan hediye kazanabilirsiniz. Bireysel kredi kartı başvurularını şubelerimizden yapabilirsiniz. Miles&Smiles kart limiti; 100.000 TL ve altında olan müşterilere 3.000 Mil, 100.000 TL'den 300.000 TL'ye kadar olan (300.000 dahil) müşterilere 6.000 Mil, 300.000 TL üzeri olan müşterilere 10.000 hediye edilir. Kampanyadan faydalanabilmek için müşteri olduktan en az 1 gün sonra harcama yapılması gerekmektedir. Kampanyaya; Miles&Smiles Kuveyt Türk Platinum ve Pri",https://kuveytturk.com.tr/kampanyalar/kendim-icin/musteri-ol-kampanyalari/akademisyenlere-ozel-avantaj-paketi,2026-08-25T00:26:37+00:00,official_source_date_gated
107,Kuveyt Türk,"Esnaf, Çiftçi ve Tüzel Şirketlere Özel 16.000 TL Değerinde Finansal Ürün Paketi Hediye!",Yeni Müşteri Kampanyası,new_customer_campaign,,16.000 TL ödül,"Ticari Müşteriler,Yeni Müşteriler",,,,,,16.000 TL,,,16.000 TL,,,2024-02-09,2027-12-31,,".02.2024 - 31.12.2027 Kampanyayı Paylaş Siz de Kuveyt Türk Mobil' den şahıs firması, çiftçi veya tüzel şirket hesabı açın, 16.000 TL değerindeki finansal ürün paketimizden ücretsiz faydalanın! 16.000 TL Değerindeki Finansal Ürün Paketinde Neler Var? 2 adet 10 yaprak çek karnesi (vergiler hariç) 100 adet çek tahsilatı 2 adet HGS etiketi Paket kapsamındaki ürünler için şubelerimize kolayca başvurabilirsiniz. Ayrıca Business Plus Kart, Sağlam Business Finansman Kart ve Tohum Kart'a ücretsiz sahip olabilirsiniz. Kampanya Koşulları: 31 Aralık 2027 tarihine kadar Kuveyt Türk Mobil üzerinden şahıs firması , çiftçi veya tüzel şirket hesabı açarak Kuveyt Türklü olan müşterilerimiz kampanyadan faydalanabilir. Müşteriler",https://kuveytturk.com.tr/kampanyalar/isim-icin/musteri-ol-kampanyalari/esnaf-ciftci-ve-tuzel-sirketlere-ozel-16000-tl-degerinde-finansal-urun-paketi-hediye,2026-08-25T00:26:37+00:00,official_source_date_gated
108,Kuveyt Türk,"Esnaf, Çiftçi ve Tüzel Şirketlerin Faturası Bizden!",Yeni Müşteri Kampanyası,new_customer_campaign,,1.000 TL ödül,"Ticari Müşteriler,Dijital Müşteriler,Yeni Müşteriler",,,,,,1.000 TL,,,1.000 TL,,,2025-02-14,2027-12-31,,".02.2025 - 31.12.2027 Kampanyayı Paylaş 31 Aralık 2027 tarihine kadar Kuveyt Türk Mobil ’den müşterimiz olan şahıs firması, çiftçiler ve tüzel şirketler 3 adet fatura talimatı vererek 1000 TL kazanıyor. Esnaf, Çiftçi ve Tüzel Şirketlerin Faturası Bizden kampanyası kapsamında mobilden müşterimiz olan şahıs firması ve çiftçiler tarafından verilecek fatura talimatının otomatik ödenmesiyle otomatik ödenmesiyle birinci faturaya 250 TL, ikinciye 350TL, üçüncüye 400TL toplamda 1.000 TL kazanır. Müşteri olduktan sonra kartınızın gelmesini beklemeden Kuveyt Türk Mobil üzerinden kart bilgilerinizi görüntüleyebilir ve alışveriş yapabilirsiniz. Kampanyadan 31 Aralık 2027 tarihine kadar K uveyt Türk Mobil 'den müşterimiz ol",https://kuveytturk.com.tr/kampanyalar/isim-icin/musteri-ol-kampanyalari/esnaf-ciftci-ve-tuzel-sirketlerin-faturasi-bizden,2026-08-25T00:26:37+00:00,official_source_date_gated
188,Kuveyt Türk,Fatura Talimatlarınıza Toplam 500 TL Hediye!,Yeni Müşteri Kampanyası,new_customer_campaign,,500 TL ödül,"Bireysel Müşteriler,Yeni Müşteriler",,,,,,500 TL ödül,,,500 TL,,,2025-06-16,2026-12-31,,".06.2025 - 31.12.2026 Kampanyayı Paylaş Kuveyt Türk Mobil ’den ya da XTM'den 16 Haziran'dan sonra müşterimiz olanlar verdikleri ilk fatura talimatlarında 100, ikincisinde 150, üçüncüsünde ise 250 TL ile toplamda 500 TL ’ye varan hediye kazanıyor! Kampanyadan Kuveyt Türk Mobil ’den ya da XTM'den Kuveyt Türklü olan tüm bireysel müşteriler faydalanabilir. 16 Haziran 2025 - 31 Aralık 2026 tarihleri arasında herhangi bir kanal üzerinden en az 1 en fazla 3 adet fatura talimatı verilmesi ve talimatların otomatik ödenmesi gerekir. İptal kaydı bulunan tesisat numaralarıyla kampanyaya katılım sağlanamaz. Kampanyaya katılım 20.000 kişi ile sınırlıdır. Diğer kampanyalarla birleştirilemez. Kuveyt Türk, önceden haber vermede",https://kuveytturk.com.tr/kampanyalar/kendim-icin/musteri-ol-kampanyalari/fatura-talimatlariniza-toplam-500-tl-hediye,2026-08-25T00:26:37+00:00,official_source_date_gated
191,Kuveyt Türk,Kuveyt Türk Mobil’den Müşterimiz Olun Özel Kur Fırsatını Kaçırmayın!,Yeni Müşteri Kampanyası,new_customer_campaign,,Kampanyaya Katılmak İçin Hemen Başvurun T.C.,"Dijital Müşteriler,Bireysel Müşteriler,Yeni Müşteriler",,,,,,,,,,,,2026-05-15,2026-09-01,,".05.2026 - 1.09.2026 Kampanyayı Paylaş Kuveyt Türk Mobil 'den müşterimiz olan bireysel müşterilerimize özel avantajlı oranlarla, birikimler Kuveyt Türk’te değerleniyor. Size özel döviz ve kıymetli maden kurlarıyla işlem yapmanın tam zamanı! 15 Mayıs-1 Eylül tarihleri arasında Kuveyt Türk Mobil ’den müşterimiz olun avantajlı kurları kaçırmayın. Size özel sunulan kurlar ile birlikte Döviz/Kıymetli Maden alım ve satım işlemlerinizde ayrıcalıklı fiyatlardan yararlanabilirsiniz. Özel kurlar döviz ve kıymetli maden işlemlerinizde geçerlidir ve mobil uygulama üzerinden görüntülenebilir. Mobil uygulamada Döviz Alış/Satış menüsüne girerek size tanımlanan kurları kolayca inceleyebilir ve işlemlerinizi gerçekleştirebilirs",https://kuveytturk.com.tr/kampanyalar/kendim-icin/musteri-ol-kampanyalari/kuveyt-turk-mobilden-musterimiz-olun-ozel-kur-firsatini-kacirmayin,2026-08-25T00:26:37+00:00,official_source_date_gated
117,Kuveyt Türk,Kuveyt Türk’ten Yeni Müşterilere Özel POS Kampanyası,Yeni Müşteri Kampanyası,new_customer_campaign,,"Kampanyalar, kendi aralarında veya diğer kampanyalar ile birleştirilemez.","Ticari Müşteriler,Dijital Müşteriler,Yeni Müşteriler",,,,,,,,,,,,2025-11-01,2026-12-31,,".11.2025 - 31.12.2026 Kampanyayı Paylaş Kuveyt Türk olarak, yeni müşterilerimize özel hazırladığımız cazip POS kampanyası ile sizlere avantajlar sunuyoruz. Tüm POS türleri için geçerli olan bu kampanya kapsamında, ilk defa POS alacak müşterilerimize özel fırsatlar sunuyoruz. İşletmenizin finansal ihtiyaçlarına uygun esnek POS çözümleri ile tanışın. Kampanya Paketleri: Paket 1: 350.000 TL’ye Kadar Kredi Kartları ve Banka Kartlarında POS İşlemleri İçin: Blokesiz %0.99 Komisyon 9 Gün Bloke Komisyonsuz POS Paket 2: 700.000 TL’ye Kadar POS İşlemleri İçin: Kredi Kartlarında Blokesiz %2,39 Komisyon , Banka Kartlarında Blokesiz %1,09 Komisyon ya da Kredi Kartlarında 22 Gün Bloke Komisyonsuz, Banka Kartlarında 15 Gün Bl",https://kuveytturk.com.tr/kampanyalar/isim-icin/pos-kampanyalari/kuveyt-turkten-yeni-musterilere-ozel-pos-kampanyasi,2026-08-25T00:26:37+00:00,official_source_date_gated
195,Kuveyt Türk,"Yeni Müşterilere Özel İhtiyaç Kart'ta %1,99 Oran Fırsatı!",İhtiyaç Finansmanı,finance_campaign,İhtiyaç Finansmanı,12 taksit,"Bireysel Müşteriler,Yeni Müşteriler",12 taksit,12 ay,"%1,99",100.000 TL,,,,100.000 TL,,,,2025-10-22,2026-12-31,,".10.2025 - 31.12.2026 Kampanyayı Paylaş 2 ay ertelemeli İhtiyaç Kart, yeni müşterilere özel 100.000 TL’ye kadar %1,99 oranla 12 aya varan taksit fırsatı sunuyor! Kuveyt Türk Mobil uygulamasından görüntülü görüşme ile Kuveyt Türk müşterisi olan yeni müşteriler kampanyadan yararlanabilirler. Kampanyadan faydalanmak için izlenmesi gereken adımlar: Son 30 gün içerisinde müşteri olan Kuveyt Türk müşterilerinin Kuveyt Türk Mobil veya Kuveyt Türk şubeleri üzerinden İhtiyaç Kart'a başvurmaları gerekmektedir. Kampanya 100.000 TL'ye kadar olan başvurularda 12 aya varan taksit seçenekleri için geçerlidir. 100.000 TL üstü başvurularda İhtiyaç Kart teklifi liste fiyatı üzerinden yapılacaktır. İhtiyaç Kart başvurusu, görüntü",https://kuveytturk.com.tr/kampanyalar/kendim-icin/musteri-ol-kampanyalari/yeni-musterilere-ozel-ihtiyac-kartta-199-oran-firsati,2026-08-25T00:26:37+00:00,official_source_date_gated
130,Kuveyt Türk,Bella Maison'da %25 İndirim Fırsatı!,İndirim Kampanyası,discount_campaign,,%25 indirim / iade · 3 taksit,"Kart Sahipleri,Bireysel Müşteriler",3 taksit,,Vade farksız (%0),,%25 indirim / iade,,,,5.000 TL,,,2026-07-01,2076-07-31,,".07.2026 - 31.07.2076 Kampanyayı Paylaş Kuveyt Türk bireysel kredi kartları, 31 Temmuz 2026 tarihine kadar Bella Maison resmi web sitesi üzerinden yapacağınız taksitli alışverişlerde %25 indirim ve vade farksız 3 aya varan taksit imkanı sunuyor. NASIL YARARLANILIR? 31 Temmuz 2026’ya kadar Bella Maison resmi web sitesi üzerinden Kuveyt Türk bireysel kredi kartlarınız ile taksitli alışveriş yapın. Ödeme sırasında taksitli alışverişi tercih ederek indirimden faydalanabilirsiniz. KAMPANYA DETAYLARI Taksitli yapılan alışverişlerde %25 indirim uygulanır. Kampanya kapsamında tek işlemde maksimum 5.000 TL indirim kazanılabilir. Kampanyadan tüm Kuveyt Türk bireysel kredi kartları ile ek ve sanal kartlar faydalanabilir.",https://kuveytturk.com.tr/kampanyalar/kendim-icin/kart-kampanyalari/bella-maisonda-25-indirim-firsati,2026-08-25T00:26:37+00:00,official_source_date_gated
186,Kuveyt Türk,"Davet Kodunla Gel, Memnuniyet Anketine Katıl, 750 TL Kazan!",İndirim Kampanyası,discount_campaign,,750 TL ödül,"Bireysel Müşteriler,Yeni Müşteriler",,,,,,750 TL,,500 TL,750 TL,,,2026-07-20,2026-12-31,,".07.2026 - 31.12.2026 Kampanyayı Paylaş Davet kodu ile müşteri ol, ilk 500 TL ve üzeri harcamana 500 TL kazan! Memnuniyet anketini doldur, 250 TL daha hediye al! Toplam 750 TL fırsatı kaçırma! Davet Kodunla Gel Davet kodu kullanarak Kuveyt Türk Mobil veya Self Nokta üzerinden hesap açan müşteriler, müşteri olduktan sonra gerçekleştirecekleri 500 TL ve üzeri Sağlam Nakit Kart harcamasına 500 TL harcama iadesi kazanır. Harcamanın müşteri olma tarihinden en az 1 gün sonra yapılması gerekmektedir. Kampanya kapsamında kazanılan ödül tutarı şartların sağlanmasını takip eden 5 gün içerisinde hesaba yatırılır. Sanal kart ödemeleri kampanya dahilinde geçerlidir. Dijital cüzdan işlemleri, para transferleri, nakit çekim i",https://kuveytturk.com.tr/kampanyalar/kendim-icin/musteri-ol-kampanyalari/davet-kodunla-gel-memnuniyet-anketine-katil-750-tl-kazan,2026-08-25T00:26:37+00:00,official_source_date_gated
144,Kuveyt Türk,Elçi Tur’dan Kuveyt Türk Müşterilerine Özel Yaz Fırsatı,İndirim Kampanyası,discount_campaign,,%10 indirim / iade · 9 taksit,Kart Sahipleri,9 taksit,,Vade farksız (%0),,%10 indirim / iade,,,,,,,2026-05-20,2026-09-15,,".05.2026 - 15.09.2026 Kampanyayı Paylaş Bu yaz tatil planlarınızı avantajla buluşturun. Kuveyt Türk Kredi Kartlarınızla Elçi Tur üzerinden yapacağınız seçili rezervasyonlarda indirim ve taksit fırsatlarından yararlanın. Kampanya kapsamında; Yıldızlı otellerde %10 indirim, Helal hassasiyetli yurt dışı turlarında %8 indirim, Tüm umre turlarında %6 indirim, yurt içi Otel rezervasyonlarında vade farksız 9 taksit avantajları sizleri bekliyor. Kampanyadan yararlanmak için rezervasyon sırasında ilgili kupon kodunu girmeniz yeterlidir. Kupon Kodları Otel: KUVEYTOTEL Yurt Dışı Turu: KUVEYTTUR Umre: KUVEYTUMRE Kampanya 15.09.2026 tarihine kadar geçerlidir. Kampanya yalnızca Kuveyt Türk kredi kartları ile yapılan ödemeler",https://kuveytturk.com.tr/kampanyalar/kendim-icin/kart-kampanyalari/elci-turdan-kuveyt-turk-musterilerine-ozel-yaz-firsati,2026-08-25T00:26:37+00:00,official_source_date_gated
187,Kuveyt Türk,Evlenecek Olan veya Yeni Evli Çiftlere Kuveyt Türk’ten Müjde Evlilik Paketi!,İndirim Kampanyası,discount_campaign,,10 taksit · %50 indirim/iade · 10 puan,"Kart Sahipleri,Bireysel Müşteriler,Yeni Müşteriler",10 taksit,,Vade farksız (%0),,,,10 puan,,10.000 TL,,,2026-04-22,2026-12-31,,".04.2026 - 31.12.2026 Kampanyayı Paylaş Evlilik süreci, pek çok çift için hayatlarının en özel ve anlamlı dönemlerinden biri olduğu kadar, aynı zamanda planlama, bütçe yönetimi ve karar süreçleri açısından oldukça yoğun ve maliyetli bir dönem olabilir. Kuveyt Türk olarak, siz değerli müşterilerimizin bu özel yolculuğunda yanlarında olmak ve süreci daha kolay, planlı ve keyifli hale getirmek amacıyla Müjde Evlilik Paketi’mizi oluşturduk. Bu paketimizi tasarlarken, evlilik sürecinin yalnızca düğün günüyle sınırlı olmadığını; çeyiz alışverişinden ev kurmaya, balayından araç ihtiyacına kadar uzanan tüm aşamaları kapsadığını biliyor ve müşterilerimizin A’dan Z’ye tüm ihtiyaçlarını dikkate alıyoruz. Müjde Evlilik Pak",https://kuveytturk.com.tr/kampanyalar/kendim-icin/musteri-ol-kampanyalari/evlenecek-olan-veya-yeni-evli-ciftlere-kuveyt-turkten-mujde-evlilik-paketi,2026-08-25T00:26:37+00:00,official_source_date_gated
190,Kuveyt Türk,Kuveyt Türk Kampüs’e Gelenlere Toplamda 13.500 TL Hediye!,İndirim Kampanyası,discount_campaign,,13.500 TL ödül,"Dijital Müşteriler,Bireysel Müşteriler,Yeni Müşteriler",,,,,,13.500 TL ödül,,,10.500 TL,,,2025-06-23,2026-12-31,,".06.2025 - 31.12.2026 Kampanyayı Paylaş 13.500 TL Hediye’de Neler Var? Davet kodunu kullanarak Kuveyt Türk Mobil'den Kuveyt Türklü olup 500 TL harcama iadesi kazanabilirsiniz. Ayrıca kendi davet kodunuzu da yakınlarınız ile paylaşarak Kuveyt Türk Mobil’den müşterimiz olan 10 yakınınız için 10.000 TL, toplamda 10.500 TL kazanabilirsiniz. Kampanya hakkında detaylı bilgi için tıklayınız. Kampüs Hoş Geldin kampanyasından 500 TL Hediye! Detaylı bilgi için tıklayınız. Kampüslülere Özel yılda tek sefer ücretsiz yurt dışı çıkış harcı! Detaylı bilgi için tıklayınız. Kampüs Kart harcamalarında 1.500 TL’ye varan hediye! Detaylı bilgi için tıklayınız. Kampanya Koşulları Davet et kazan kampanyasından mobilden Kuveyt Türklü",https://kuveytturk.com.tr/kampanyalar/kendim-icin/musteri-ol-kampanyalari/kuveyt-turk-kampuse-gelenlere-toplamda-13500-tl-hediye,2026-08-25T00:26:37+00:00,official_source_date_gated
162,Kuveyt Türk,"Kuveyt Türk Kredi Kartlarına Toprak Turizm Yurt Dışı Turlarında %10, Umre Turlarında %7 İndirim",İndirim Kampanyası,discount_campaign,,%7 indirim / iade,"Kart Sahipleri,Bireysel Müşteriler",,,,,%7 indirim / iade,,,,,,,2026-07-30,2026-09-30,,".07.2026 - 30.09.2026 Kampanyayı Paylaş Yeni rotalar keşfetmek ya da umre yolculuğunuzu planlamak için Kuveyt Türk kredi kartınıza özel avantajlardan yararlanın. Kuveyt Türk ve Toprak Turizm iş birliği kapsamında, Kuveyt Türk Bireysel Kredi Kartları (Miles & Smiles Kuveyt Türk Kredi Kartı, Sağlam Kart, Sağlam Kart Kampüs, Özel Bankacılık World Elite Kart) ile ödeyeceğiniz 2026-2027 dönemindeki tüm yurt dışı tur programlarında %10, umre turlarında ise %7 indirim fırsatı sizi bekliyor. Kampanyadan yararlanmak için öncelikle Kuveyt Türk Mobil’de yer alan ilgili kampanya sayfasına girerek size özel tek kullanımlık kampanya kodunuzu almanız gerekmektedir. Aldığınız kodu, Toprak Turizm Çağrı Merkezi (0850 550 9191) ü",https://kuveytturk.com.tr/kampanyalar/kendim-icin/kart-kampanyalari/kuveyt-turk-kredi-kartlarina-toprak-turizm-yurt-disi-turlarinda-10-umre-turlarinda-7-indirim,2026-08-25T00:26:37+00:00,official_source_date_gated
163,Kuveyt Türk,Kuveyt Türk Mobil'den Pratik BES planınıza 2000 TL Hediye!,İndirim Kampanyası,discount_campaign,,2.000 TL indirim / iade · 2000 TL ödül,"Kart Sahipleri,Bireysel Müşteriler",,,,,2.000 TL indirim / iade,2000 TL ödül,,,2.000 TL,,,2025-11-05,2026-12-31,,".11.2025 - 31.12.2026 Kampanyayı Paylaş Kuveyt Türk Mobil 'den aylık minimum 2.000 TL’lik Pratik BES ürünü sözleşmesi yapıp, ödemesini Kuveyt Türk Bireysel Kredi Kartları üzerinden yapan müşterilerimize özel 2.000 TL iade yapılacaktır. Kampanyaya konu BES ürünü, Pratik BES planıdır. Başka bir BES planı kampanyaya dahil değildir. Kampanyadan yararlanabilecek katılımcılar 1 Ocak 2026 tarihinden sonra Kuveyt Türk Mobilden müşteri olup Kuveyt Türk Mobilden Pratik BES planı yapan kişilerdir. Bireysel kredi kartı başvurularını şubelerimizden yapabilirsiniz. Bir katılımcı, ilgili kampanyadan en fazla 1 kez yararlanabilecektir. Nakit iade için yapılacak hesaplamalarda tahsilat tarihi dikkate alınacaktır. Tahsilat tarih",https://kuveytturk.com.tr/kampanyalar/kendim-icin/kart-kampanyalari/kuveyt-turk-mobilden-pratik-bes-planiniza-2000-tl-hediye,2026-08-25T00:26:37+00:00,official_source_date_gated
110,Kuveyt Türk,Kuveyt Türk Veteriner Klinik Müşterilerine Özel Fugevet Dijital Yönetim Çözümlerinden %30 İndirim,İndirim Kampanyası,discount_campaign,,%30 indirim / iade,"Ticari Müşteriler,Yeni Müşteriler",,,,,%30 indirim / iade,,,,,,,2026-05-14,2026-12-31,,.05.2026 - 31.12.2026 Kampanyayı Paylaş Kuveyt Türk müşterilerine özel modern veteriner klinik yönetimi hizmetleri sunan Fuguvet web sitesi üzerinden yapacakları hizmet satın alımlarında %30 indirim sunulacaktır. Kampanyaya Kuveyt Türk Mobil Şube üzerinden alacağınız ‘Promosyon kodu’ ile Fiyatlar | Fugevet web sitesi üzerinden katılım sağlayabilirsiniz. Kampanya kapsamında kazanılan indirim hakkı devredilemez. Kampanyaya Kuveyt Türk Mobil Şube üzerinden alacağınız promosyon kodları ile 1 defa katılım sağlayabilirsiniz. Kampanya başka kampanyalarla birleştirilemez. Kuveyt Türk önceden haber vermeden kampanya koşullarında değişiklik yapabilir ya da kampanyayı sonlandırabilir.,https://kuveytturk.com.tr/kampanyalar/isim-icin/musteri-ol-kampanyalari/kuveyt-turk-veteriner-klinik-musterilerine-ozel-fugevet-dijital-yonetim-cozumlerinden-30-indirim,2026-08-25T00:26:37+00:00,official_source_date_gated
90,Kuveyt Türk,Kuveyt Türk ile E-İhracat Gönderilerinizde Mil Kazanın!,İndirim Kampanyası,discount_campaign,,%15 indirim / iade · 10.000 puan / mil,"Ticari Müşteriler,Kart Sahipleri",,,,,%15 indirim / iade,,10.000 puan / mil,,,,,2026-07-16,2026-12-31,,".07.2026 - 31.12.2026 Kampanyayı Paylaş Kuveyt Türk Miles&Smiles kartlarınızla yapacağınız e-ihracat kargo harcamalarınız mile dönüşüyor. Harcamalarınızdan her ay %10, ayda maksimum 10.000 Mil kazanarak yıl sonuna kadar 60.000 Mil kazanma fırsatını yakalayabilirsiniz. Üstelik ilk defa Navlungo kullanacak Kuveyt Türk müşterilerini %15 indirim bekliyor! Kampanya Koşulları: Kampanyadan Kuveyt Türk Miles&Smiles kredi kartlarına sahip e-ihracat yapan müşterilerimiz faydalanabilir. Kampanya süresi boyunca tüm gönderilerinizden %10 oranında mil kazanırsınız. İlk kez Navlungo kullanacak Kuveyt Türk müşterilerine %15 indirim tanımlanacaktır. Kampanya kazanımına ait miller ekstre tarihinizde kartınıza tanımlanacaktır. Ka",https://kuveytturk.com.tr/kampanyalar/isim-icin/kart-kampanyalari/kuveyt-turk-ile-e-ihracat-gonderilerinizde-mil-kazanin,2026-08-25T00:26:37+00:00,official_source_date_gated
197,Kuveyt Türk,Kuveyt Türk ile Yurt Dışı Seyahatlerinde Ayrıcalıklar Sizinle!,İndirim Kampanyası,discount_campaign,,%35 indirim / iade,"Kart Sahipleri,Bireysel Müşteriler",,,,,%35 indirim / iade,,,,,,,2026-02-02,2026-12-31,,".02.2026 - 31.12.2026 Kampanyayı Paylaş Pocket SIM ile Yurt Dışında Bağlantın Kesilmesin: 1 GB Hediye İnternet ve %35 İndirim! PocketSIM e-SIM paketlerinde sunulan 1 GB hediye internet ile yurt dışında sevdikleriniz ile iletişimde kalabilirsiniz. ' KT POCKETSIM26 ' yazıp 2848 'e göndererek alacağınız kodu Pocket eSIM ödeme ekranındaki 'İndirim Kodu' alanına girdikten sonra avantajdan yararlanabilirsiniz. Kampanyadan kazanılan internet bir hafta boyunca geçerlidir ve indirim kodu tek kullanımlıktır. Diğer kampanyalar veya indirim kodlarıyla birleştirilemez. Avantajlı fiyatlardan yararlanmaya devam etmek için sonraki satın alma işlemlerinde PocketSIM uygulaması üzerinden, eSIM planını seçtikten sonra ödeme adımın",https://kuveytturk.com.tr/kampanyalar/kendim-icin/seyahat-kampanyalari/kuveyt-turk-ile-yurt-disi-seyahatlerinde-ayricaliklar-sizinle,2026-08-25T00:26:37+00:00,official_source_date_gated
165,Kuveyt Türk,Kuveyt Türk'lülere Windy Car'da %30 İndirim Fırsatı!,İndirim Kampanyası,discount_campaign,,%30 indirim / iade,Kart Sahipleri,,,,,%30 indirim / iade,,,,,,,2026-07-01,2026-12-31,,".07.2026 - 31.12.2026 Kampanyayı Paylaş Kuveyt Türk Bireysel ve Tüzel Kredi Kartlarınızla WindyCar’da %30 indirim fırsatı sizi bekliyor! 0 Muafiyet Güvencesi dahil avantajlı fiyatlarla araç kiralayın. NASIL YARARLANILIR? www.windycar.com.tr üzerinden araç seçimi yapın. Ödeme aşamasında “İndirim Kuponu” alanına KT2026 kodunu girerek indirimli fiyatlarla rezervasyonunuzu tamamlayın. KAMPANYA DETAYLARI Kampanya kapsamında, WindyCar resmi web sitesi üzerinden yapılan online rezervasyonlarda %30 indirim uygulanır. İndirim, 0 Muafiyet Güvencesi paketi dahil şekilde geçerlidir. Kampanya yalnızca Kuveyt Türk Bireysel ve Tüzel Kredi Kartları ile yapılan ödemelerde geçerlidir. 1–24 gün arası araç kiralamalarda kullanılab",https://kuveytturk.com.tr/kampanyalar/kendim-icin/kart-kampanyalari/kuveyt-turklulere-windy-carda-30-indirim-firsati,2026-08-25T00:26:37+00:00,official_source_date_gated
103,Kuveyt Türk,Kuveyt Türk'ten E-Ticaret Yapan KOBİ'lere %75’e Varan Kargo İndirimi,İndirim Kampanyası,discount_campaign,,%75 indirim/iade,"Ticari Müşteriler,Kart Sahipleri",,,,,,,,,,,,2026-05-15,2026-12-31,,".05.2026 - 31.12.2026 Kampanyayı Paylaş Değerli müşterimiz, e-ticaret alışverişlerinizde kargo masraflarını dert etmeyin! Geliver iş birliği ile %75'e varan kargo indirimi fırsatını kaçırmayın. 🛍️ Tasarruf edin, alışveriş keyfinizi artırın! 📦 Kampanya Detayları Akıllı bir kargo pazaryeri olan Geliver, tüm kargolama sürecinizi otomatik şekilde yönetir, istediğiniz firmadan indirimli teklif almanızı sağlar. Geliver'e üye olmak ve kampanyadan yararlanabilmek için linke tıklayarak kayıt oluşturmanız gerekmektedir. Geliver, kendi kullanıcılarına %70’e varan indirim sağlamakla birlikte E-Ticaret yapan Kuveyt Türklü KOBİ'lere ek indirimler sağlamaktadır. İndirim oranları ve ek avantajlar kargo şirketi, gönderi ebatı",https://kuveytturk.com.tr/kampanyalar/isim-icin/kobi-kampanyalari/kuveyt-turkten-e-ticaret-yapan-kobilere-75e-varan-kargo-indirimi,2026-08-25T00:26:37+00:00,official_source_date_gated
833,Kuveyt Türk,"Kuveyt Türk'ten E-Ticaret, E-İhracat ve Tekno Girişimcilere Özel Fırsat!",İndirim Kampanyası,discount_campaign,,%15 indirim/iade,"Ticari Müşteriler,Kart Sahipleri",,,,,,,,,,,,2026-07-20,2026-12-31,,".07.2026 - 31.12.2026 Kampanyayı Paylaş Kuveyt Türk Ticari kartlar ile Marqby'da %15'e varan paket indirim avantajı sizi bekliyor! Markanız ile ilgili ihtiyaçlarınıza göz atabilir marka araştırması, marka başvurusu, durum takibi ve portföy izleme gibi ürün çözümlerine ulaşabilirsiniz. Kampanya Detayları Kuveyt Türk Ticari Kartları ile Marqby web sitesinden yapacağınız (Resmi Harçlar/Devlet Harçları hariç olmak üzere) başvuru ücretinde %15'e varan indirim oranından yararlanabilirsiniz. Kampanyaya Kuveyt Türk Ticari Kredi Kartları ile kullanımda geçerlidir. Kampanya yalnızca E-Ticaret, E-İhracat ve Tekno Girişimci müşterileri içeren hedef kitleye özeldir. Kampanya, app.marqby.us/tr/ web sitesinden yapılacak ödeme",https://kuveytturk.com.tr/kampanyalar/isim-icin/kart-kampanyalari/kuveyt-turkten-e-ticaret-e-ihracat-ve-tekno-girisimcilere-ozel-firsat,2026-08-25T00:26:37+00:00,official_source_date_gated
112,Kuveyt Türk,Mobilden Kuveyt Türklü Olan Esnaf ve Çiftçilere 22.000 TL'ye Varan Hediye!,İndirim Kampanyası,discount_campaign,,22.000 TL ödül,"Ticari Müşteriler,Kart Sahipleri,Dijital Müşteriler,Yeni Müşteriler",,,,,,22.000 TL ödül,,1000 TL,22.000 TL,,,2025-07-30,2026-12-31,,".07.2025 - 31.12.2026 Kampanyayı Paylaş 30 Temmuz 2025- 31 Aralık 2026 tarihleri arası mobilden müşterimiz olan esnaf ve çiftçilere kart harcamaları, fatura talimatı ve davet kodu kampanyalarından 22.000 TL'ye kadar kazanma fırsatı! 22.000 TL Hediye’de Neler Var? Kendi davet kodunuzu yakınlarınız ile paylaşarak Kuveyt Türk Mobil ’den müşterimiz olan her Şahıs firması, Esnaf ve Çiftçi hesabı için 2.000 TL, toplamda 10 yakınınız için 20.000 TL, kazanabilirsiniz. 1000 TL’lik Sağlam Business Nakit kart harcamasına 1000 TL harcama iadesi hediye! Sağlam Business Nakit Kart ile 1000 TL ve üzeri yapacağınız ilk alışverişte 1000 TL harcama iadesi alabilirsiniz. Kampanya hakkında detaylı bilgi için tıklayınız. 3 fatura t",https://kuveytturk.com.tr/kampanyalar/isim-icin/musteri-ol-kampanyalari/mobilden-kuveyt-turklu-olan-esnaf-ve-ciftcilere-22000-tlye-varan-hediye,2026-08-25T00:26:37+00:00,official_source_date_gated
113,Kuveyt Türk,Mobilden Kuveyt Türklü Olan Tüzel Firmalara 22.000 TL'ye Varan Hediye!,İndirim Kampanyası,discount_campaign,,22.000 TL ödül,"Ticari Müşteriler,Dijital Müşteriler,Yeni Müşteriler",,,,,,22.000 TL ödül,,1.000 TL,22.000 TL,,,2025-07-30,2027-12-31,,".07.2025 - 31.12.2027 Kampanyayı Paylaş 30 Temmuz 2025- 31 Aralık 2027 tarihleri arası mobilden tüzel hesap açanlara kart harcamaları, fatura talimatı ve davet kodu kampanyalarından 22.000 TL'ye kadar kazanma fırsatı! 22.000 TL Hediye’de Neler Var? Kendi davet kodunuzu yakınlarınız ile paylaşarak Kuveyt Türk Mobil ’den müşterimiz olan her Tüzel hesap için 2.000 TL, toplamda 10 yakınınız için 20.000 TL, kazanabilirsiniz. 1000 TL’lik Sağlam Business Nakit Kart harcamasına 1.000 TL harcama iadesi hediye! Sağlam Business Nakit Kart ile 1.000 TL ve üzeri yapacağınız ilk alışverişte 1.000 TL harcama iadesi alabilirsiniz. Kampanya hakkında detaylı bilgi için tıklayınız. 3 fatura talimatına 1.000 TL hediye! Herhangi bi",https://kuveytturk.com.tr/kampanyalar/isim-icin/musteri-ol-kampanyalari/mobilden-kuveyt-turklu-olan-tuzel-firmalara-22000-tlye-varan-hediye,2026-08-25T00:26:37+00:00,official_source_date_gated
192,Kuveyt Türk,Mobilden Kuveyt Türklü Olanlara Toplamda 7.250 TL Hediye!,İndirim Kampanyası,discount_campaign,,7.250 TL ödül,"Kart Sahipleri,Dijital Müşteriler,Bireysel Müşteriler,Yeni Müşteriler",,,,,,7.250 TL ödül,,,7.250 TL,,,2024-02-01,2026-12-31,,".02.2024 - 31.12.2026 Kampanyayı Paylaş Mobilden müşterimiz olanlara özel kart harcamaları, fatura talimatı ve davet kodu kampanyalarından toplamda 7.250 TL kazanma fırsatı. 7.250 TL Hediye’de Neler Var? Davet kodunu kullanarak mobilden veya Self Nokta'dan Kuveyt Türklü olup 500 TL harcama iadesi kazanabilirsiniz. Ayrıca kendi davet kodunuzu da yakınlarınız ile paylaşarak Kuveyt Türk Mobil’den müşterimiz olan 10 yakınınız için 5.000 TL, toplamda 5.500 TL kazanabilirsiniz. Kampanya hakkında detaylı bilgi için tıklayınız. Kuveyt Türk Mobil ’den ya da Self Nokta'dan müşterimiz olanlar 16 Haziran 2025 tarihi sonrasında verdikleri ilk fatura talimatlarında 100, ikincisinde 150, üçüncüsünde ise 250 TL ile toplamda 50",https://kuveytturk.com.tr/kampanyalar/kendim-icin/musteri-ol-kampanyalari/mobilden-kuveyt-turklu-olanlara-toplamda-7250-tl-hediye,2026-08-25T00:26:37+00:00,official_source_date_gated
114,Kuveyt Türk,Mobilden Kuveyt Türklü Tüzel Firmalara Özel 1000 TL Hediye!,İndirim Kampanyası,discount_campaign,,1000 TL ödül,"Ticari Müşteriler,Yeni Müşteriler",,,,,,1000 TL ödül,,1000 TL,1.000 TL,,,2025-07-24,2026-12-31,,".07.2025 - 31.12.2026 Kampanyayı Paylaş Kuveyt Türk Mobil ’den müşterimiz olan Tüzel firma hesapları için 1000 TL ’lik Sağlam Business Nakit Kart harcamasına 1000 TL harcama iadesi hediye! Müşteri olduktan sonra kartınızın gelmesini beklemeden Kuveyt Türk Mobil üzerinden Sağlam Business Nakit Sanal Kartınızı oluşturarak sanal kart bilgilerinizle alışveriş yapabilirsiniz. Kampanya kapsamında 24 Temmuz 2025-31 Aralık 2026 tarihleri arasında Tüzel hesap açan müşterilerimiz ilk kez tek seferde yapacakları 1000 TL ve üzeri Sağlam Business Nakit Kart harcamasına 1000 TL harcama iadesi kazanır. Kampanyadan faydalanılabilmesi için 1000 TL harcamanın, müşteri olma tarihinin üzerinden en az 1 gün geçtikten sonra yapılmas",https://kuveytturk.com.tr/kampanyalar/isim-icin/musteri-ol-kampanyalari/mobilden-kuveyt-turklu-tuzel-firmalara-ozel-1000-tl-hediye,2026-08-25T00:26:37+00:00,official_source_date_gated
111,Kuveyt Türk,"Mobilden Kuveyt Türklü olan Esnaf, Çiftçi ve Şahıs Firmalarına Özel 1000 TL Hediye!",İndirim Kampanyası,discount_campaign,,1000 TL ödül,"Ticari Müşteriler,Yeni Müşteriler",,,,,,1000 TL ödül,,1000 TL,1.000 TL,,,2025-07-24,2026-12-31,,".07.2025 - 31.12.2026 Kampanyayı Paylaş Kuveyt Türk Mobil ’den müşterimiz olan esnaflar, çiftçiler ve şahıs firması hesapları için için 1000 TL ’lik Sağlam Nakit Kart harcamasına 1000 TL harcama iadesi hediye! Kuveyt Türk Mobil üzerinden Sağlam Nakit Sanal Kart'ınızı oluşturarak sanal kart bilgilerinizle alışveriş yapabilirsiniz. Kampanya kapsamında 24 Temmuz 2025-31 Aralık 2026 tarihleri arasında esnaflar, çiftçiler ve şahıs firması hesabı açan müşterilerimiz ilk kez-tek seferde-yapacakları 1000 TL ve üzeri Sağlam Nakit Kart harcamasına 1000 TL harcama iadesi kazanır. Kampanyadan faydalanılabilmesi için 1000 TL harcamanın, müşteri olma tarihinin üzerinden en az 1 gün geçtikten sonra yapılması gerekmektedir. Mü",https://kuveytturk.com.tr/kampanyalar/isim-icin/musteri-ol-kampanyalari/mobilden-kuveyt-turklu-olan-esnaf-ciftci-ve-sahis-firmalarina-ozel-1000-tl-hediye,2026-08-25T00:26:37+00:00,official_source_date_gated
94,Kuveyt Türk,"Proemtia Sağlam Bayi Kart: Tedarikte Güç, Ödemede Esneklik!",İndirim Kampanyası,discount_campaign,,%1 indirim / iade,"Ticari Müşteriler,Kart Sahipleri",,,,,%1 indirim / iade,10.000 TL,,100.000 TL,,,,2026-06-29,2026-12-31,,".06.2026 - 31.12.2026 Kampanyayı Paylaş Proemtia Sağlam Bayi Kart sahibi olacak müşterilerimize 100.000 TL ve üzeri ilk işleme özel %1 nakit iade kazanın. Proemtia web sitesini ziyaret etmek için buraya tıklayınız. Kampanya Detayları KOBİ'lere özel Proemtia Sağlam Bayi Kart ile 100.000 TL ve üzeri ilk harcama için geçerli olacak şekilde %1 nakit iade kazanma imkanı sizleri bekliyor. Proemtia Sağlam Bayi Kartı olmayan müşterilerimiz Mobil Şube üzerinden , web sitemiz üzerinden veya şubelerimizden hemen başvuru yapabilir ve ücretsiz sahip olabilirsiniz. Proemtia Sağlam Bayi Kart ile 3 aya kadar öteleme seçeneğinden faydalanabilirsiniz. Proemtia Sağlam Bayi Kart kapalı devre sistemi, esnek vade imkanı, QR kod ve M",https://kuveytturk.com.tr/kampanyalar/isim-icin/kart-kampanyalari/proemtia-saglam-bayi-kart-tedarikte-guc-odemede-esneklik,2026-08-25T00:26:37+00:00,official_source_date_gated
173,Kuveyt Türk,Sağlam Kart Sahipleri Halalbooking'de de Avantajlı!,İndirim Kampanyası,discount_campaign,,9 taksit,Kart Sahipleri,9 taksit,,Vade farksız (%0),,,,,10.000 TL,1.000 TL,,,2025-07-30,2026-12-31,,".07.2025 - 31.12.2026 Kampanyayı Paylaş 31 Aralık 2026 tarihine kadar yapacağınız tatil harcamalarınızda 9 aya varan taksit avantajından yararlanabilir, Halalbooking’e kaydolurken 1.000 TL değerinde indirim kazanabilirsiniz. İndirim kampanyası Halalbooking’e ilk defa link üzerinden kaydolan müşteriler için geçerlidir ve 10.000 TL ve üzerindeki rezervasyonlarda kullanılabilecektir. Halalbooking harcamalarınızı ödeme esnasında taksitlendirmeniz gerekmektedir. Kredi kartı segmentinize göre ilk yıl Gold, Platin veya Diamond üyelik kazanarak seçili otellerde %20'ye varan indirim, private hizmetler ve ücretsiz havaalanı transferi ayrıcalıklarından faydalanabilirsiniz. Sağlam Kart Platinum/Gold Sağlam Kart Klasik Kamp",https://kuveytturk.com.tr/kampanyalar/kendim-icin/kart-kampanyalari/saglam-kart-sahipleri-halalbookingde-de-avantajli,2026-08-25T00:26:37+00:00,official_source_date_gated
98,Kuveyt Türk,Sağlam Tohum Kart QR Ödeme ile 2.000 TL' ye Varan İndirim Fırsatı!,İndirim Kampanyası,discount_campaign,,2.000 TL indirim / iade,"Ticari Müşteriler,Kart Sahipleri",,,,,2.000 TL indirim / iade,,,1.000 TL,2.000 TL,,,2026-06-25,2026-12-31,,".06.2026 - 31.12.2026 Kampanyayı Paylaş Sağlam Tohum Kredi Kartları ile yıl sonuna kadar her ay QR kod kullanarak yaptığınız 1.000 TL ve üzeri her harcamanızda %5, toplamda 2.000 TL indirim kazandırıyor! Kampanya kazanımı müşteri bazlıdır. Kampanya Otomatik Katılımlıdır. Kampanyaya katıldıktan sonra QR harcamanızı gerçekleştirebilirsiniz. Kampanyadan maksimum kazanım 2.000 TL indirimdir. Kampanyaya Sağlam Tohum Kart ile bu kartların sanal ve ek kartları dahildir. QR kod ile Kuveyt Türk Mobil - QR Kod İşlemleri- Ödeme Yap menüsünden QR okutarak ödeme yapabilirsiniz. Kampanya farklı kampanyalarla birleştirilemez. Kuveyt Türk, önceden haber vermeden kampanya koşullarında değişiklik yapabilir ya da kampanyayı sonla",https://kuveytturk.com.tr/kampanyalar/isim-icin/kart-kampanyalari/saglam-tohum-kart-qr-odeme-ile-2000-tl-ye-varan-indirim-firsati,2026-08-25T00:26:37+00:00,official_source_date_gated
193,Kuveyt Türk,Yakınlarını Kuveyt Türk'e Davet Et Toplamda 5.000 TL'ye Varan Hediye Kazan!,İndirim Kampanyası,discount_campaign,,5.000 TL ödül,"Bireysel Müşteriler,Yeni Müşteriler",,,,,,5.000 TL ödül,,500 TL,5.000 TL,,,2025-06-15,2026-12-31,,".06.2025 - 31.12.2026 Kampanyayı Paylaş Siz de Kuveyt Türk lü iseniz size iletilen davet kodunu yakınlarınızla paylaşarak Kuveyt Türk Mobil’den veya Self Noktadan müşteri olan her yakınınız için 500 TL , toplamda 5.000 TL ’ye kadar kazanabilirsiniz. Üstelik davet koduyla Kuveyt Türklü olan yakınlarınıza da 500 TL harcama iadesi! Yakınlarınızı Kuveyt Türk’e davet edin, birlikte kazanın. Kampanya Koşulları Davet Kodu ile Yakınlarını Davet Edenler İçin, Kampanya kapsamında; davet kodunu paylaşan Kuveyt Türklüler, mobilden veya Self noktadan müşterimiz olan ve aşağıdaki koşulu sağlayan her yakını için 500 TL , toplamda 10 yakını için 5.000 TL ’ye varan kazanç elde edebilir. Kampanyadan yararlanabilmek için davet et",https://kuveytturk.com.tr/kampanyalar/kendim-icin/musteri-ol-kampanyalari/yakinlarini-kuveyt-turke-davet-et-toplamda-5000-tlye-varan-hediye-kazan,2026-08-25T00:26:37+00:00,official_source_date_gated
183,Kuveyt Türk,Yolcu360'ta Araç Kiralamada İndirim Fırsatı!,İndirim Kampanyası,discount_campaign,,%15 indirim/iade,Kart Sahipleri,,,,,,,,,,,,2025-08-05,2026-12-31,,".08.2025 - 31.12.2026 Kampanyayı Paylaş Araç Kiralama İndirim Kampanyası Detaylar: Kampanya son geçerlilik tarihi: 31 Aralık 2026 İndirim, 1-29 gün arası kiralamalarda geçerlidir. Aylık ve uzun dönem kiralamaları kapsamamaktadır. Tüm Bireysel Kuveyt Türk kartlarında geçerlidir. İndirim fiyatları, günlük net araç kiralama fiyatları üzerinden indirimli olarak hesaplanır. Araç kiralama ücreti dışında yapılan ödemeler kampanya kapsamı dışındadır. İlgili araç grubuna ait teminat tutarları (depozito) kiralama başlangıcında misafirin şahsi kredi kartından tahsil edilir. İndirim, kampanyaya katılım sağlayan araç kiralama firmalarında geçerlidir. Araç gruplarına göre kiralama işlemleri minimum 21 yaş ve en az 1 yıllık e",https://kuveytturk.com.tr/kampanyalar/kendim-icin/kart-kampanyalari/yolcu360ta-arac-kiralamada-indirim-firsati,2026-08-25T00:26:37+00:00,official_source_date_gated
196,Kuveyt Türk,Yurt Dışı Çıkış Harcı Hediye Fırsatı!,İndirim Kampanyası,discount_campaign,,Kampanyaya Katılmak İçin Hemen Başvurun T.C.,"Kart Sahipleri,Bireysel Müşteriler,Yeni Müşteriler",,,,,,,,,,,,2026-01-01,2026-12-31,,".01.2026 - 31.12.2026 Kampanyayı Paylaş Kuveyt Türk Mobil üzerinden 01.01.2026 tarihinden itibaren müşteri olup, Kuveyt Türk bireysel kredi kartıyla mobilden Yurt Dışı Çıkış Harcı satın alındığında harç tutarının tamamı altın puan olarak iade verilecektir. Kuveyt Türk Mobil 'den Yurt dışı çıkış harcı almak için; Ödemeler/ Vergi/Resmi Kurumlar/ Yurt Dışı Çıkış Harcı Ödemesi’ne tıklayarak Yurt Dışı Çıkış Harcı alabilirsiniz. Ödemenin Kuveyt Türk Mobil üzerinden yapılması gerekmektedir. Kampanyadan Kuveyt Türk Mobil ’den müşteri olan ve Kuveyt Türk bireysel kredi kartı olan tüm müşteriler faydalanabilir. Bireysel kredi kartı başvurularını şubelerimizden yapabilirsiniz. Kampanya kazanımı müşteri bazlıdır ve her müş",https://kuveytturk.com.tr/kampanyalar/kendim-icin/musteri-ol-kampanyalari/yurt-disi-cikis-harci-hediye-firsati,2026-08-25T00:26:37+00:00,official_source_date_gated
154,Kuveyt Türk,İdefix'te 3.000 TL'ye Varan İndirim Fırsatı!,İndirim Kampanyası,discount_campaign,,3.000 TL indirim / iade,"Kart Sahipleri,Bireysel Müşteriler",,,,,3.000 TL indirim / iade,,,1.000 TL,3.000 TL,,,2026-06-10,2026-08-31,,".06.2026 - 31.08.2026 Kampanyayı Paylaş Troy logolu Kuveyt Türk bireysel kredi kartları ve banka kartları ile 31 Ağustos 2026 tarihine kadar İdefix üzerinden tek seferde yapacağınız 1.000 TL ve üzeri alışverişlerinize 200 TL, toplamda 3.000 TL'ye varan indirim kazanabilirsiniz. Nasıl Yararlanılır? İdefix web sitesi veya mobil uygulamasından alışveriş yapın. Sepet aşamasında “İndirim Kodu/Uygula” alanından TROY kuponunu seçin veya TROY200TL kodunu girin. Ödemeyi TROY logolu kartınızla tamamlayın. Kampanya Detayları 10 Haziran – 31 Ağustos 2026 tarihleri arasında geçerlidir. Tek seferde 1.000 TL ve üzeri alışverişte 200 TL indirim uygulanır. Ayda en fazla 1.000 TL, kampanya boyunca toplam 3.000 TL indirim kazanıl",https://kuveytturk.com.tr/kampanyalar/kendim-icin/kart-kampanyalari/idefixte-3000-tlye-varan-indirim-firsati,2026-08-25T00:26:37+00:00,official_source_date_gated
102,Kuveyt Türk,İhracatınız Fazlaysa Avantajınız da Fazla!,İndirim Kampanyası,discount_campaign,,Kampanya kazanımı tek seferliktir.,"Ticari Müşteriler,Kart Sahipleri",,,,,,,,,,,,2026-06-15,2026-12-31,,".06.2026 - 31.12.2026 Kampanyayı Paylaş Kampanya Detayları Kampanya paketinden sadece Net İhracatçılar yararlanabilir. Net İhracatçı Tanımı: Son 1 yılda ihracatı ithalatından en az %10 yüksek olan firmalardır. Net İhracatçı tanımınızı en yakın şubemizden yaptırabilirsiniz. Paket 31/12/2026 tarihine kadar geçerlidir. Yeni tanım yaptıracak müşterilerimizin paketleri tanım yapıldıktan sonraki ilk Çarşamba günü aktif edilecektir. Kampanya Paket İçeriği: Kampanya Genel Şartları Kart limit başvuruları, bankamızca yapılacak nihai değerlendirme sonucu bir olumsuz duruma rastlanmadığında kesin onaya dönüştürülecektir. Kampanya kapsamında müşterilerimizin harcamalarını taksitlendirmek için İnternet Şube, Kuveyt Türk Mobi",https://kuveytturk.com.tr/kampanyalar/isim-icin/kobi-kampanyalari/ihracatiniz-fazlaysa-avantajiniz-da-fazla,2026-08-25T00:26:37+00:00,official_source_date_gated
471,T.O.M. Katılım,Cep telefonlarında Çok Kazananlar Kulübü’ne Özel Taksitli Alışveriş Kredisi Vade Farksız 3 Taksit!,Alışveriş Finansmanı,finance_campaign,Alışveriş Finansmanı,3 taksit,,3 taksit,3 ay,%0,,,10.000 TL,,,10.000 TL,,,2026-07-01,2026-12-31,,"Kampanya Detayları: Taksitli Alışveriş Kredisi ile A101 Ekstra’daki cep telefonlarında vade farksız 3 taksit fırsatı! Çok Kazananlar Kulübü’ne üye ol, avantajdan yararlan! Kampanya Koşulları: Kampanya 1 Temmuz – 31 Aralık 2026 tarihleri arasında geçerlidir. Kampanya A101 mobil uygulaması ve a101.com.tr üzerinden satın alınacak cep telefonlarında geçerlidir. Kampanyaya sadece Çok Kazanlar Kulübü üyelerinin Taksitli Alışveriş Kredisi ile yaptığı ödemeler dahildir. Kulüp üyeliği için Hadi Black Kredi Kartı’na sahip olman ve Günlük Kazandıran Hesabında minimum 10.000 TL bulunması yeterlidir. Bu iki koşulu sağlayıp TOM Bank Hadi uygulamasındaki Çok Kazananlar Kulübü kampanyasına katıldıktan sonra, ertesi gün kulübün",https://tombankhadi.com/kampanyalar/tom-bank-cok-kazananlar-kulubune-ozel-vade-farksiz-3-taksit-cep-telefonu,2026-08-10T11:27:29+00:00,official_source_date_gated
433,T.O.M. Katılım,Hadi Alışveriş Kredisi ile Çetmen Mağazalarına Özel 15 Taksit!,Alışveriş Finansmanı,finance_campaign,Alışveriş Finansmanı,15 taksit,,15 taksit,,,,,,,,,,,,2026-12-31,,"31.12.2026'ya kadar Hadi Alışveriş Kredisi ile anlaşmalı Çetmen mobilya mağazalarından yapacağın mobilya alışverişlerinde 15 taksit fırsatı seni bekliyor! Başvuru için CETMEN boşluk TCKN boşluk Doğum Tarihi yazıp 3855’e SMS gönderebilir, alışveriş kredisi için limit talebinizin sonucunu anında öğrenebilirsiniz. (ÖRN: CETMEN 11111111111 01.01.1985) Çetmen hakkında detaylı bilgi almak için tıklayın Hadi Alışveriş Kredisi hakkında detaylı bilgi için tıklayın Kampanya Hadi Taksitli Kredi limiti alışveriş tutarına yeterli olan müşteriler için geçerlidir. Alışverişlerdeki vade seçenekleri yasal düzenlemelerdeki vade kısıtlamalarına tabidir. T.O.M. Bank’ın kâr oranlarında, vade farkında, kredi koşullarında değişiklik",https://tombankhadi.com/kampanyalar/hadi-alisveris-kredisi-ile-cetmen-magazalarina-ozel-15-taksit,2026-08-10T11:27:29+00:00,official_source_date_gated
449,T.O.M. Katılım,Hadi Mağazadan Alışveriş Kredisi ile Alpi Diş Hastanelerinde 15 Taksit!,Alışveriş Finansmanı,finance_campaign,Alışveriş Finansmanı,12 taksit,,12 taksit,12 ay,%0,,,,,,,,,,2026-12-31,,"31.12.2026'ya kadar Hadi Mağazadan Alışveriş kredisi ile Alpi Diş Hastanelerinden yapacağın işlemlerde vade farksız 12 aya varan taksit fırsatı seni bekliyor! Başvuru için ALPI boşluk TCKN boşluk Doğum Tarihi yazıp 3855’e SMS gönderebilir, alışveriş kredisi için limit talebinizin sonucunu anında öğrenebilirsiniz. (ÖRN: ALPI 11111111111 01.01.1985) Hadi Mağazadan Alışveriş Kredisi hakkında detaylı bilgi için tıklayın Alpi Diş Hastaneleri hakkında detaylı bilgi almak için tıklayın",https://tombankhadi.com/kampanyalar/hadi-magazadan-alisveris-kredisi-ile-alpi-dis-hastanelerinde-15-taksit,2026-08-10T11:27:29+00:00,official_source_date_gated
451,T.O.M. Katılım,Hadi Mağazadan Alışveriş Kredisi ile Samsung Beyaz Eşya Alışverişlerine 12 Taksit!,Alışveriş Finansmanı,finance_campaign,Alışveriş Finansmanı,12 taksit,,12 taksit,12 ay,,,,,,,,,,,2026-12-31,,"31.12.2026'ya kadar Hadi Mağazadan Alışveriş kredisi Samsung beyaz eşyalarda 12 aya varan taksitlerle anlaşmalı Samsung mağazalarında seni bekliyor! Başvuru için SAMSUNG boşluk TCKN boşluk Doğum Tarihi yazıp 3855’e SMS gönderebilir, alışveriş kredisi için limit talebinizin sonucunu anında öğrenebilirsiniz. (ÖRN: SAMSUNG 11111111111 01.01.1985) Hadi Mağazadan Alışveriş Kredisi hakkında detaylı bilgi için tıkla! Kampanya Hadi Taksitli Kredi limiti alışveriş tutarına yeterli olan müşteriler için geçerlidir. Alışverişlerdeki vade seçenekleri yasal düzenlemelerdeki vade kısıtlamalarına tabi olup Beyaz eşya grubunda 9 ve 12 ay taksit imkanı sunulmaktadır. T.O.M. Bank’ın kâr oranlarında, vade farkında, kredi koşulları",https://tombankhadi.com/kampanyalar/hadi-magazadan-alisveris-kredisi-ile-samsung-beyaz-esya-alisverislerine-12-taksit,2026-08-10T11:27:29+00:00,official_source_date_gated
424,T.O.M. Katılım,Hadi Taksitli Alışveriş Kredisi ile Bellona Mağazalarında 36 Aya Varan Taksit!,Alışveriş Finansmanı,finance_campaign,Alışveriş Finansmanı,36 taksit,,36 taksit,36 ay,,,,,,,,,,,2026-12-31,,"31.12.2026'ya kadar Hadi Taksitli Alışveriş Kredisi ile anlaşmalı Bellona mobilya mağazalarından yapacağın mobilya alışverişlerinde 36 aya varan taksit fırsatı seni bekliyor! Başvuru için TAKSITLE boşluk TCKN boşluk Doğum Tarihi yazıp 3855’e SMS gönderebilir, alışveriş kredisi için limit talebinizin sonucunu anında öğrenebilirsiniz. (ÖRN: TAKSITLE 11111111111 01.01.1985) Detaylı bilgi için tıklayın Bellona hakkında detaylı bilgi almak için tıklayın Kampanya Hadi Taksitli Kredi limiti alışveriş tutarına yeterli olan müşteriler için geçerlidir. Alışverişlerdeki vade seçenekleri yasal düzenlemelerdeki vade kısıtlamalarına tabidir. T.O.M. Bank’ın kâr oranlarında, vade farkında, kredi koşullarında değişiklik yapma h",https://tombankhadi.com/kampanyalar/bellona,2026-08-10T11:27:29+00:00,official_source_date_gated
452,T.O.M. Katılım,Hadi Taksitli Alışveriş Kredisi ile Mondi Mağazalarında 36 Aya Varan Taksit!,Alışveriş Finansmanı,finance_campaign,Alışveriş Finansmanı,36 taksit,,36 taksit,36 ay,,,,,,,,,,,2026-12-31,,"31.12.2026'ya kadar Hadi Taksitli Alışveriş Kredisi ile anlaşmalı Mondi mobilya mağazalarından yapacağın mobilya alışverişlerinde 36 aya varan taksit fırsatı seni bekliyor! Başvuru için TAKSITLE boşluk TCKN boşluk Doğum Tarihi yazıp 3855’e SMS gönderebilir, alışveriş kredisi için limit talebinizin sonucunu anında öğrenebilirsiniz. (ÖRN: TAKSITLE 11111111111 01.01.1985) Detaylı bilgi için tıklayın Mondi hakkında detaylı bilgi almak için tıklayın Kampanya Hadi Taksitli Kredi limiti alışveriş tutarına yeterli olan müşteriler için geçerlidir. Alışverişlerdeki vade seçenekleri yasal düzenlemelerdeki vade kısıtlamalarına tabidir. T.O.M. Bank’ın kâr oranlarında, vade farkında, kredi koşullarında değişiklik yapma hakkı",https://tombankhadi.com/kampanyalar/hadi-taksitli-alisveris-kredisi-ile-mondi-magazalarinda-36-aya-varan-taksit,2026-08-10T11:27:29+00:00,official_source_date_gated
484,T.O.M. Katılım,Hadi Taksitli Alışveriş Kredisi ile Samsung cep telefonlarında 3 Taksit Fırsatı!,Alışveriş Finansmanı,finance_campaign,Alışveriş Finansmanı,3 taksit,,3 taksit,,,,,,,,,,,2026-02-01,2026-12-31,,".02.26-31.12.26 tarihleri arasında Hadi Taksitli Alışveriş Kredisi ile Samsung cep telefonlarında 3 taksit fırsatı anlaşmalı Samsung mağazalarında seni bekliyor! Başvuru için SAMSUNG boşluk TCKN boşluk Doğum Tarihi yazıp 3855’e SMS gönderebilir, alışveriş kredisi için limit talebinizin sonucunu anında öğrenebilirsiniz. (ÖRN: TAKSITLE 11111111111 01.01.1985) Hadi Taksitli Alışveriş Kredisi hakkında detaylı bilgi için tıkla ( https://hadiyanindakibanka.com/hadi-krediler/magazadan-alisveris-kredisi ) Kampanya Hadi Taksitli Kredi limiti alışveriş tutarına yeterli olan müşteriler için geçerlidir. Cep telefonu alışverişlerde vade seçenekleri yasal düzenlemelerdeki vade kısıtlamalarına tabidir.Cep telefonlarında 20bin",https://tombankhadi.com/kampanyalar/tom-bank-hadi-taksitli-alisveris-kredisi-ile-samsung-cep-telefonlarinda-3-taksit-firsati,2026-08-10T11:27:29+00:00,official_source_date_gated
460,T.O.M. Katılım,Hadi Taksitli Alışveriş Kredisi ile İstikbal Mağazalarında 36 Aya Varan Taksit!,Alışveriş Finansmanı,finance_campaign,Alışveriş Finansmanı,36 taksit,,36 taksit,36 ay,,,,,,,,,,,2026-12-31,,"31.12.2026'ya kadar Hadi Taksitli Alışveriş Kredisi ile anlaşmalı İstikbal mobilya mağazalarından yapacağın mobilya alışverişlerinde 36 aya varan taksit fırsatı seni bekliyor! Başvuru için TAKSITLE boşluk TCKN boşluk Doğum Tarihi yazıp 3855’e SMS gönderebilir, alışveriş kredisi için limit talebinizin sonucunu anında öğrenebilirsiniz. (ÖRN: TAKSITLE 11111111111 01.01.1985) Detaylı bilgi için tıklayın İstikbal hakkında detaylı bilgi almak için tıklayın Kampanya Hadi Taksitli Kredi limiti alışveriş tutarına yeterli olan müşteriler için geçerlidir. Alışverişlerdeki vade seçenekleri yasal düzenlemelerdeki vade kısıtlamalarına tabidir. T.O.M. Bank’ın kâr oranlarında, vade farkında, kredi koşullarında değişiklik yapma",https://tombankhadi.com/kampanyalar/istikbal,2026-08-10T11:27:29+00:00,official_source_date_gated
473,T.O.M. Katılım,Hadi'den Alfemo Kampanyası!,Alışveriş Finansmanı,finance_campaign,Alışveriş Finansmanı,150.000 TL finansman · 12 ay vade,,,12 ay,,150.000 TL,,,,,,1.000 TL,150.000 TL,,2026-12-31,,"31.12.2026'ya kadar Hadi Taksitli Alışveriş Kredisi ile anlaşmalı Alfemo mobilya mağazalarından yapacağın mobilya alışverişlerinde vade farkı iade avantajı seni bekliyor! TOM Bank Hadi’nin Hesaplı Kampanyası ile Kazananlar Kulübü Mini Paket üyelerine Doğtaş mağazalarında vade farkı iade! Kampanya Koşulları: 1.000 TL – 150.000 TL arasındaki kredi kullandırımları için geçerlidir. 12 ay vadedeki kredilerde geçerlidir. Kampanyadan müşteriler sadece 1 kez faydalanabilir. TOM Bank Hadi'nin ""Hesaplı"" Kampanyası ve Hadi Kazananlar Kulübü Mini Paket hakkında detaylı bilgi için tıklayın Başvuru için ALFEMO boşluk TCKN boşluk Doğum Tarihi yazıp 3855’e SMS gönderebilir, alışveriş kredisi için limit talebinizin sonucunu anı",https://tombankhadi.com/kampanyalar/tom-bank-hadi-den-alfemo-kampanyasi,2026-08-10T11:27:29+00:00,official_source_date_gated
474,T.O.M. Katılım,Hadi'den Divanev Kampanyası!,Alışveriş Finansmanı,finance_campaign,Alışveriş Finansmanı,150.000 TL finansman · 12 ay vade,,,12 ay,,150.000 TL,,,,,,1.000 TL,150.000 TL,2026-03-12,2026-12-31,,".12.2026'ya kadar Hadi Taksitli Alışveriş Kredisi ile anlaşmalı Divanev mobilya mağazalarından yapacağın mobilya alışverişlerinde vade farkı iade avantajı seni bekliyor! TOM Bank Hadi’nin Hesaplı Kampanyası ile Kazananlar Kulübü Mini Paket üyelerine Divanev mağazalarında vade farkı iade! Kampanya Koşulları: 1.000 TL – 150.000 TL arasındaki kredi kullandırımları için geçerlidir. 12 ay vadedeki kredilerde geçerlidir. Kampanyadan müşteriler sadece 1 kez faydalanabilir. TOM Bank Hadi'nin ""Hesaplı"" Kampanyası ve Hadi Kazananlar Kulübü Mini Paket hakkında detaylı bilgi için tıklayın Başvuru için Divanev boşluk TCKN boşluk Doğum Tarihi yazıp 3855’e SMS gönderebilir, alışveriş kredisi için limit talebinizin sonucunu an",https://tombankhadi.com/kampanyalar/tom-bank-hadi-den-divanev-kampanyasi,2026-08-10T11:27:29+00:00,official_source_date_gated
475,T.O.M. Katılım,Hadi'den Doğtaş Kampanyası!,Alışveriş Finansmanı,finance_campaign,Alışveriş Finansmanı,150.000 TL finansman · 12 ay vade,,,12 ay,,150.000 TL,,,,,,1.000 TL,150.000 TL,,2026-12-31,,"31.12.2026'ya kadar Hadi Taksitli Alışveriş Kredisi ile anlaşmalı Doğtaş mobilya mağazalarından yapacağın mobilya alışverişlerinde vade farkı iade avantajı seni bekliyor! TOM Bank Hadi’nin Hesaplı Kampanyası ile Kazananlar Kulübü Mini Paket üyelerine Doğtaş mağazalarında vade farkı iade! Kampanya Koşulları: 1.000 TL – 150.000 TL arasındaki kredi kullandırımları için geçerlidir. 12 ay vadedeki kredilerde geçerlidir. Kampanyadan müşteriler sadece 1 kez faydalanabilir. TOM Bank Hadi'nin ""Hesaplı"" Kampanyası ve Hadi Kazananlar Kulübü Mini Paket hakkında detaylı bilgi için tıklayın Başvuru için DOGTAS boşluk TCKN boşluk Doğum Tarihi yazıp 3855’e SMS gönderebilir, alışveriş kredisi için limit talebinizin sonucunu anı",https://tombankhadi.com/kampanyalar/tom-bank-hadi-den-dogtas-kampanyasi,2026-08-10T11:27:29+00:00,official_source_date_gated
477,T.O.M. Katılım,Hadi'den Enza Home Kampanyası!,Alışveriş Finansmanı,finance_campaign,Alışveriş Finansmanı,150.000 TL finansman · 12 ay vade,,,12 ay,,150.000 TL,,,,,,1.000 TL,150.000 TL,2026-03-12,2026-12-31,,".12.2026'ya kadar Hadi Taksitli Alışveriş Kredisi ile anlaşmalı Enza Home mobilya mağazalarından yapacağın mobilya alışverişlerinde vade farkı iade avantajı seni bekliyor! TOM Bank Hadi’nin Hesaplı Kampanyası ile Kazananlar Kulübü Mini Paket üyelerine Enza Home mağazalarında vade farkı iade! Kampanya Koşulları: 1.000 TL – 150.000 TL arasındaki kredi kullandırımları için geçerlidir. 12 ay vadedeki kredilerde geçerlidir. Kampanyadan müşteriler sadece 1 kez faydalanabilir. TOM Bank Hadi'nin ""Hesaplı"" Kampanyası ve Hadi Kazananlar Kulübü Mini Paket hakkında detaylı bilgi için tıklayın Başvuru için Enza Home boşluk TCKN boşluk Doğum Tarihi yazıp 3855’e SMS gönderebilir, alışveriş kredisi için limit talebinizin sonuc",https://tombankhadi.com/kampanyalar/tom-bank-hadi-den-enza-home-kampanyasi,2026-08-10T11:27:29+00:00,official_source_date_gated
478,T.O.M. Katılım,Hadi'den Kelebek Kampanyası!,Alışveriş Finansmanı,finance_campaign,Alışveriş Finansmanı,150.000 TL finansman · 12 ay vade,,,12 ay,,150.000 TL,,,,,,1.000 TL,150.000 TL,,,,"TOM Bank Hadi’nin Hesaplı Kampanyası ile Kazananlar Kulübü Mini Paket üyelerine Kelebek mağazalarında vade farkı iade! Kampanya Koşulları: 1.000 TL – 150.000 TL arasındaki kredi kullandırımları için geçerlidir. 12 ay vadedeki kredilerde geçerlidir. Kampanyadan müşteriler sadece 1 kez faydalanabilir. TOM Bank Hadi'nin ""Hesaplı"" Kampanyası ve Hadi Kazananlar Kulübü Mini Paket hakkında detaylı bilgi için tıklayın Başvuru için KELEBEK boşluk TCKN boşluk Doğum Tarihi yazıp 3855’e SMS gönderebilir, alışveriş kredisi için limit talebinizin sonucunu anında öğrenebilirsiniz. (ÖRN: KELEBEK 11111111111 01.01.1985) Hadi Taksitli Alışveriş Kredisi hakkında detaylı bilgi için tıklayın Kelebek hakkında detaylı bilgi almak içi",https://tombankhadi.com/kampanyalar/tom-bank-hadi-den-kelebek-kampanyasi,2026-08-10T11:27:29+00:00,official_source_date_gated
479,T.O.M. Katılım,Hadi'den Puffy Kampanyası!,Alışveriş Finansmanı,finance_campaign,Alışveriş Finansmanı,150.000 TL finansman · 12 ay vade,,,12 ay,,150.000 TL,,,,,,1.000 TL,150.000 TL,2026-03-12,2026-12-31,,".12.2026'ya kadar Hadi Taksitli Alışveriş Kredisi ile anlaşmalı Puffy mobilya mağazalarından yapacağın mobilya alışverişlerinde vade farkı iade avantajı seni bekliyor! TOM Bank Hadi’nin Hesaplı Kampanyası ile Kazananlar Kulübü Mini Paket üyelerine Puffy mağazalarında vade farkı iade! Kampanya Koşulları: 1.000 TL – 150.000 TL arasındaki kredi kullandırımları için geçerlidir. 12 ay vadedeki kredilerde geçerlidir. Kampanyadan müşteriler sadece 1 kez faydalanabilir. TOM Bank Hadi'nin ""Hesaplı"" Kampanyası ve Hadi Kazananlar Kulübü Mini Paket hakkında detaylı bilgi için tıklayın Başvuru için Puffy boşluk TCKN boşluk Doğum Tarihi yazıp 3855’e SMS gönderebilir, alışveriş kredisi için limit talebinizin sonucunu anında ö",https://tombankhadi.com/kampanyalar/tom-bank-hadi-den-puffy-kampanyasi,2026-08-10T11:27:29+00:00,official_source_date_gated
482,T.O.M. Katılım,Hadi'den Yataş Bedding Kampanyası!,Alışveriş Finansmanı,finance_campaign,Alışveriş Finansmanı,150.000 TL finansman · 12 ay vade,,,12 ay,,150.000 TL,,,,,,1.000 TL,150.000 TL,2026-03-12,2026-12-31,,".12.2026'ya kadar Hadi Taksitli Alışveriş Kredisi ile anlaşmalı Yataş Bedding mobilya mağazalarından yapacağın mobilya alışverişlerinde vade farkı iade avantajı seni bekliyor! TOM Bank Hadi’nin Hesaplı Kampanyası ile Kazananlar Kulübü Mini Paket üyelerin Yataş Bedding mağazalarında vade farkı iade! Kampanya Koşulları: 1.000 TL – 150.000 TL arasındaki kredi kullandırımları için geçerlidir. 12 ay vadedeki kredilerde geçerlidir. Kampanyadan müşteriler sadece 1 kez faydalanabilir. TOM Bank Hadi'nin ""Hesaplı"" Kampanyası ve Hadi Kazananlar Kulübü Mini Paket hakkında detaylı bilgi için tıklayın Başvuru için Yataş Bedding boşluk TCKN boşluk Doğum Tarihi yazıp 3855’e SMS gönderebilir, alışveriş kredisi için limit talebi",https://tombankhadi.com/kampanyalar/tom-bank-hadi-den-yatas-bedding-kampanyasi,2026-08-10T11:27:29+00:00,official_source_date_gated
469,T.O.M. Katılım,Petrol Ofisi harcamalarında Hadi Taksitli Alışveriş Kredisi yanında!,Alışveriş Finansmanı,finance_campaign,Alışveriş Finansmanı,3 taksit,,3 taksit,,,,,,,,,,,2026-01-26,2026-09-30,,"ğren, dilediğin akaryakıt istasyonunda harcamanı yap. Ödemeni tamamlamak için TOM Bank Hadi uygulamasına giriş yap: 1) Krediler” → “Taksitli Alışveriş” → “Alışveriş Kredisi ile Öde” seç. 2) “Diğer Mağazalar” alanından Hadi Kullan ile POS üzerindeki QR kodu okutarak, ödemeni tamamla. Kampanya yalnızca 3 taksit ile sınırlıdır. Kampanya Petrol Ofisi istasyonlarında geçerlidir. Satın almak istediğin akaryakıt tutarı, sana özel tanımlanan limitin ile aynı veya daha düşük olmalıdır. Kampanyadan yararlanabilmek için sepetinde yalnızca akaryakıt ürünü bulunmalıdır. Kampanyadan tek seferde yapılabilecek maksimum harcama tutarı 5.000 TL’dir. Aynı ay içinde kampanyadan yapılabilecek maksimum harcama tutarı 5.000 TL’dir. K",https://tombankhadi.com/kampanyalar/petrol-ofisi-harcamalarinda-hadi-taksitli-kredi-yaninda,2026-08-10T11:27:29+00:00,official_source_date_gated
465,T.O.M. Katılım,memorial-hastanesinde-hadi-taksitli-kredi-ile-tedavi-ol-kolayca-ode,Alışveriş Finansmanı,finance_campaign,Alışveriş Finansmanı,12 taksit,,12 taksit,12 ay,"%0,99",,,,,,,,,,2026-12-31,Masraf bilgisi mevcut,"Hadi Taksitli Sağlık Kredisi ile Memorial harcamaların %0,99 vade farkına 3 taksit! Hadi Taksitli Kredi limitini saniyeler içinde öğren, tedavini şimdi başlat! Kampanya Bilgileri: Ödemeni %0.99 vade farkıyla 3 taksit seçeneğiyle ya da aylık sadece %1,99 vade farkıyla 12 aya varan taksit imkanıyla gerçekleştir. Limitin tüm branşlardaki ameliyat masrafları için geçerlidir. Tek yapman gereken: limitini öğrendikten sonra TOM Bank Hadi uygulamasında oluşturduğun QR kodu hastane danışmanına veya ödeme noktasına okutmak. Kampanya Detayları: Hadi Taksitli Kredi Limitini; Ataşehir, Bahçelievler, Şişli, Ankara, Göztepe, Bodrum Memorial Hastanelerindeki ameliyat masraflarında kullanabilirsin. Ameliyat masrafı dışındaki mu",https://tombankhadi.com/kampanyalar/memorial-hastanesinde-hadi-taksitli-kredi-ile-tedavi-ol-kolayca-ode,2026-08-10T11:27:29+00:00,official_source_date_gated
416,T.O.M. Katılım,2026’da Hadi Black Kredi Kartı ile evinin çayı bedava!,Diğer Kampanya,other_campaign,,Diğer marka çay alımlarında kampanya geçerli olmayacaktır.,Kart Sahipleri,,,,,,,,,,,,,2026-08-31,,"Kampanya Bilgileri 31 Ağustos'a kadar, Mastercard logolu Hadi Kredi Kartların ile her ay A101’lerden alacağın Lipton Yellow Label 48’li Demlik Poşet çayın bizden! Kampanya Detayları: Kampanya 31 Ağustos 2026’ya kadar geçerlidir. Kampanyadan yararlanmak için harcamadan önce “Katıl” butonuna basıp kampanyaya katılmalısın. Kampanya katılımı sonrasında Mastercard logolu Hadi Kredi Kartların ile bir takvim ayı içerisinde ile Lipton Yellow Label 48’li Demlik Poşet çay alımının gerçekleşmesi gerekmektedir. Kampanya kapsamında Mastercard logolu Hadi Kredi Kartına ayda 1 adet Lipton Yellow Label 48’li Demlik Poşet çay fiyatı kadar ödül yüklemesi yapılabilir. Kampanyadan ödül kazanımı için kesilen son ekstrenin en az 10.",https://tombankhadi.com/kampanyalar/2026da-evinin-caylari-hadi-kredi-kartindan,2026-08-10T11:27:29+00:00,official_source_date_gated
422,T.O.M. Katılım,A101’lerde süt ürünleri harcamalarında %50 Hediye Bakiye kazan!,Diğer Kampanya,other_campaign,,10.000 TL ödül,Kart Sahipleri,,,,,,10.000 TL,,,10.000 TL,,,2026-08-06,2026-08-31,,"Kampanya Bilgileri: Hadi Kredi Kartları ile A101’lerde yapacağın süt ve süt ürünleri harcamalarından %50 Hediye Bakiye kazanabilirsin! Kampanya Detay: Kampanya 06/08/2026 - 31/08/2026 tarihleri arasında geçerlidir. Kampanyadan yararlanmak için ilk harcamadan önce TOM Bank Hadi uygulamasından kampanya katılım sağlanması gerekmektedir. Kampanya yalnızca A101’lerde, Hadi Kredi Kartları ile gerçekleştirilen süt ve süt ürünleri harcamalarında geçerlidir. Kampanya kapsamında uygun harcamaların %50'si kadar hediye bakiye kazanılır. Kampanya kapsamında kazanılabilecek maksimum A101 hediye bakiye tutarları: Hadi Kredi Kartı ile günlük 25 TL, aylık 100 TL, Hadi Black Kredi Kartı ile günlük 100 TL, aylık 250 TL, Çok Kazan",https://tombankhadi.com/kampanyalar/a101lerde-sut-urunleri-harcamalarinda-50-hediye-bakiye-kazan,2026-08-10T11:27:29+00:00,official_source_date_gated
446,T.O.M. Katılım,"Kredi Kartı limitini artır, harcamalarından toplam 2000 TL’ye kadar A101 hediye bakiye kazan!",Diğer Kampanya,other_campaign,,2.000 TL ödül,Kart Sahipleri,,,,,,2.000 TL,,10.000 TL,2.000 TL,,,2026-07-27,2026-08-31,,"Kampanya Bilgileri: 31 Temmuz’a kadar limitini artırdığın Hadi Kredi Kartın ile 31 Ağustos’a kadar yapacağın harcamalardan 2.000 TL’ye kadar A101 hediye bakiye kazan! Kampanya Detayları: Kampanya 27 Temmuz – 31 Ağustos 2026 tarihleri arasında yapılacak tüm sektör harcamalarında geçerlidir. Kampanyadan faydalanabilmek için tarafınıza ilgili kampanya SMS yolu ile iletilmiş olmalıdır. Kampanya limiti artırılan Hadi Kredi Kartları ile en az 5 farklı günde, toplam en az 10.000 TL harcamada geçerlidir. Kampanya kapsamında size iletilen SMS üzerinde yazan limit arttım ve harcama tutarınıza göre: 10.000 TL harcamana 1000 TL, 20.000 TL harcamana 1250 TL, 35.000 TL harcamana 1500 TL, 50.000 TL harcamana 2000 TL A101 hedi",https://tombankhadi.com/kampanyalar/hadi-kredi-karti-limitini-artir-toplam-2000-tlye-kadar-a101-hediye-bakiye-kazan,2026-08-10T11:27:29+00:00,official_source_date_gated
470,T.O.M. Katılım,Restoran harcamalarında her ay 10.000 TL’ye varan iade!,Diğer Kampanya,other_campaign,,10.000 TL indirim / iade,Kart Sahipleri,,,,,10.000 TL indirim / iade,10.000 TL,,3.500 TL,2.500 TL,,,2025-10-01,2026-08-31,,"ılık Hadi birikim segmentine göre restoranlarda %22.5’e varan iade ile ayda 10.000 TL’ye kadar iade kazanman mümkün! Hadi Özel Bankacılık ayrıcalıkları hep sizinle! Kampanya Detayları: Kampanya 01.10.2025 – 31.8.2026 tarihleri arasında yapılan harcamalar için geçerlidir. Kampanya Özel Bankacılık Classic, Elite, Elite Plus veya Prestige Segment müşterilerine özeldir. “Classic Segment” müşterilerimiz 3.500 TL ve üstü restoran harcamalarında %7.5 oranında iade ile günlük en fazla 250 TL, ayda toplam 2.500 TL iade kazanabilir. “Elite Segment” müşterilerimiz 3.500 TL ve üstü restoran harcamalarında %12.5 oranında iade ile günlük en fazla 500 TL, ayda toplam 5.000 TL iade kazanabilir. “Elite Plus Segment” müşterileri",https://tombankhadi.com/kampanyalar/restoran-harcamalarinda-her-ay-10-000-tlye-varan-iade,2026-08-10T11:27:29+00:00,official_source_date_gated
432,T.O.M. Katılım,Giyim Alışverişlerinde Vade Farksız 3 Taksit! Çok Kazananlar Kulübü’ne özel vade farksız 6 Taksit!,Kart / Taksit Kampanyası,card_campaign,,3 taksit,Kart Sahipleri,3 taksit,,Vade farksız (%0),,,,,,,1.000 TL,20.000 TL,2026-07-01,2026-12-31,,".000 TL – 20.000 TL arası giyim harcamalarında 3 taksit fırsatını kaçırma! Ayrıca Çok Kazananlar Kulübü’ne üye ol, taksit sayını 6 aya çıkar! Kampanya Detayları: Kampanya 1 Temmuz 2026 - 31 Aralık2026 tarihleri arasında geçerlidir. Kampanyadan yararlanmak için ilk harcamadan önce TOM Bank Hadi uygulamasından kampanya seçimi yapılmalıdır. Kampanyaya, yalnızca Hadi Black Kredi Kartı ile giyim sektöründe yapılan, 1.000 TL ile 20.000 TL arasındaki harcamalar dahildir. Bir ekstre döneminde kampanya koşullarına uygun ilk 2 giyim harcaması taksitlendirilir. Belirlenen işlem adedi limitine ulaşıldıktan sonra gerçekleştirilen işlemler kampanya kapsamında değerlendirilmez. Çok Kazananlar Kulübü üyelerinin kampanya koşull",https://tombankhadi.com/kampanyalar/giyim-alisverislerinde-kampanya,2026-08-10T11:27:29+00:00,official_source_date_gated
490,T.O.M. Katılım,Hadi Black Kredi Kartı ile MTV Ödemelerinde Vade Farksız 3 taksit fırsatını kaçırma!,Kart / Taksit Kampanyası,card_campaign,,3 taksit,Kart Sahipleri,3 taksit,,Vade farksız (%0),,,,,,,1.000 TL,30.000 TL,,,,"Kampanya Detayları: Kampanya, 1 Temmuz 2026 – 31 Ağustos2026 tarihleri arasında Hadi Black Kredi Kartı ile gerçekleştirilecek vergi ödemelerinde geçerlidir. Kampanyadan yararlanabilmek için ilk işlemden önce TOM Bank Hadi uygulaması üzerinden kampanyaya katılım sağlanması ve ilgili işlemin TOM Bank Hadi uygulaması üzerinden gerçekleştirilmesi gerekmektedir. Kampanyaya katılım tamamlandıktan sonra gerçekleştirilen ve kampanya koşullarını sağlayan işlemler, dönem içine yansıdığında otomatik olarak vade farksız 3 taksite bölünür. Taksitler ertesi gün, Kart Hareketleri -> Gelecek Dönem ekranında görüntülenir. Kampanya yalnızca Hadi Black Kredi Kartı ile gerçekleştirilen işlemler için geçerlidir. Diğer kredi kartlar",https://tombankhadi.com/kampanyalar/vergi-kampanyasi,2026-08-10T11:27:29+00:00,official_source_date_gated
463,T.O.M. Katılım,Hadi Kredi Kartı ile sonradan taksitlendir!,Kart / Taksit Kampanyası,card_campaign,,Sonradan taksitlendirmeden işlem ücreti alınmamaktadır.,Kart Sahipleri,,,,,,,,,50.000 TL,,,,,,"Hadi Kredi Kartı ile yaptığın peşin işlemlerini, Hadi uygulamasından 12 aya varan vadeler ile sonradan taksitlendir! Detaylı Bilgi: Hadi Kredi Kartı’n ile Eğitim, Sağlık ve Sigorta sektörlerinde yapılan minimum 100 TL maksimum 50.000 TL tutarındaki yurt içi peşin harcamalarını 12 aya kadar Hadi’den sonradan taksitlendirebilirsin. Sonradan taksitlendirme işlemi sadece Hadi uygulamasından yapılabilmektedir. Peşin harcamanı taksitlendirebilmen için işlemin dönem içine yansımış olması gerekmektedir. Taksitlendirme işlemini, ilgili dönemin ekstre kesim tarihinden önce yapabilirsin. Ekstreye dahil olan harcamalar için taksitlendirme işlemi yapılamamaktadır. Taksitlendirilmiş bir işlem için tekrardan taksitlendirme iş",https://tombankhadi.com/kampanyalar/kredi-karti-taksitlendir,2026-08-10T11:27:29+00:00,official_source_date_gated
476,T.O.M. Katılım,Hadi'den Eczane Kampanyası!!,Kart / Taksit Kampanyası,card_campaign,,3 taksit,Kart Sahipleri,3 taksit,,%0 vade farkı,,,,,,,,,,2026-12-31,,"Hadi Kredi Kartlarınla 5.000 TL’ye kadar olan eczane harcamalarını %0 vade farkı ile 3 aya kadar sonradan taksitlendir. Kampanya Detayı: Kampanya, 31 Aralık 2026 tarihine kadar, Hadi Kredi Kartı ve Hadi Black Kredi Kartı ile yapılan 5.000 TL’ye kadar olan eczane harcamaları için geçerlidir. Kampanya kapsamında yapılan uygun harcamalar 2 ve 3 taksit seçeneklerinde %0, 4, 5 ve 6 taksit seçeneklerinde %1,99 vade farkı ile sonradan taksitlendirilebilir. 6 taksit üzerindeki taksitlendirmelerde standart vade farkı oranı uygulanır. Bir ekstre döneminde maksimum 2 işlem kampanyalı olarak taksitlendirilebilmektedir. Sonradan taksitlendirme işlemi, harcamanın dönem içine yansımasının ardından yapılabilir. Ekstre kesim gü",https://tombankhadi.com/kampanyalar/tom-bank-hadi-den-eczane-kampanyasi,2026-08-10T11:27:29+00:00,official_source_date_gated
467,T.O.M. Katılım,Özel okul ödemelerinde vade farksız tam 10 taksit!,Kart / Taksit Kampanyası,card_campaign,,10 taksit,Kart Sahipleri,10 taksit,,Vade farksız (%0),,,,,,,,,2026-01-19,2026-09-30,,"Hadi Black Kredi Kartı ile yapılacak özel okul ödemelerinde TAM 10 taksit fırsatı! Üstelik vade farksız, hemen paketini seç! Paket detaylarını aşağıdan inceleyebilirsin! Kampanya Detayları: Kampanya 19.01.2026 – 30.09.2026 tarihleri arasında Hadi Black Kredi Kartı ile yapılacak özel okul ödemelerinde geçerlidir. Kampanyaya sadece Hadi Black Kredi Kartı dahildir. Diğer Hadi Kredi Kartları ile yapılacak harcamalar kampanya kapsamında değildir. Kampanyadan yararlanmak için ilk harcamandan önce TOM Bank Hadi Kazananlar Kulübü paket seçimini yapman gerekmektedir. STANDART PAKET seçen müşteriler; 250 Bin TL ye kadar yapacakları Özel Okul Ödemelerinde kampanya süresi boyunca her gün, Mega Günlük Hesabında 250 Bin TL b",https://tombankhadi.com/kampanyalar/ozel-okul-odemelerinde-10-taksit-ustelik-vade-farki-iade,2026-08-10T11:27:29+00:00,official_source_date_gated
454,T.O.M. Katılım,Hadi Taksitli Sağlık Kredisi sağlık harcamalarında da yanında!,Sağlık Finansmanı,finance_campaign,Sağlık Finansmanı,12 ay vade · 12 taksit,,12 taksit,12 ay,"%4,99",,,,,,,,,,,,"Kampanya Bilgileri: Taksitli alışveriş limitini saniyeler içinde öğrenebilir, ihtiyaç anında sağlık harcamanı taksitli olarak yapabilirsin. Kampanya Detayları: Ödemeni tamamlamak için Tom Bank Hadi uygulamasına giriş yap, “Hadi Kredilerim”e tıkla, “Akaryakıt ve Sağlık Kredileri” alanındaki “Hadi Kullan”a tıkla sonrasında POS üzerindeki QR kodu okutarak, ödemeni tamamla. Kampanya eczane harcamalarında 4.99 Vade Farkıyla 3 Taksit, diğer sağlık sektörü harcamalarında 4.99 Vade Farkıyla 3-6-9-12 Taksit ile sınırlıdır. Sağlık sektöründe yapılmak istenen harcama limiti, sana özel tanımlanan limitin ile aynı veya daha düşük olmalıdır. Sana özel tanımlanan sağlık sektörü harcama limitini, limitin yettiğince birden fazl",https://tombankhadi.com/kampanyalar/hadi-taksitli-saglik-kredisi-saglik-harcamalarinda-da-yaninda,2026-08-10T11:27:29+00:00,official_source_date_gated
472,T.O.M. Katılım,TOM Bank Çok Kazananlar Kulübüne Özel Vade Farksız Veresiye!,Veresiye Finansmanı,finance_campaign,Veresiye Finansmanı,10.000 TL ödül,,,,%0,,,10.000 TL,,,10.000 TL,,,2026-07-01,2026-12-31,,"Kampanya Detayları: 1 Temmuz – 31 Aralık 2026 arasında, TOM Bank Çok Kazananlar Kulübü müşterilerine Hadi Veresiye ile yapılan tüm alışverişler vade farksız! Ayrıca, Hadi Veresiye’yi ilk kez kullanacak müşterilerin açtıkları ilk kredi de vade farksız! Kampanya Koşulları: Kampanya 1 Temmuz - 31 Aralık 2026 tarihleri arasında Hadi Veresiye ile tüm A101 mağazalarında, A101 Kapıda, English Home ve EVE Shop’larda yapılan tüm harcamalarda geçerli olacaktır. Vade farksız Hadi Veresiye alışverişi yalnızca TOM Bank Çok Kazananlar Kulübü müşterilerine özeldir. Çok Kazananlar Kulübü faydalarından yararlanmak için Hadi Black Kredi Kartı’na sahip olmalı ve minimum 10.000 TL tutarında Günlük Kazandıran Hesap açılışını gerçek",https://tombankhadi.com/kampanyalar/tom-bank-cok-kazananlar-kulubune-ozel-vade-farksiz-veresiye,2026-08-10T11:27:29+00:00,official_source_date_gated
419,T.O.M. Katılım,A101’de her alışverişte %3'e varan nakit iade!,İndirim Kampanyası,discount_campaign,,125 TL indirim / iade,Kart Sahipleri,,,,,125 TL indirim / iade,125 TL,,,,,,,2026-12-31,,"Kampanya 31 Aralık 2026 tarihine kadar geçerlidir. Kampanya kapsamında bir takvim ayında en fazla 125 TL nakit iade kazanılabilir Kampanyadan aynı gün içerisinde en fazla 5 farklı işlemden kazanım sağlanabilir. Kampanya kapsamındaki alışverişlerde iptal/ iade hallerinde kazanılan nakit iadeler T.O.M. Bank ve YENİ MAĞAZACILIK A.Ş. tarafından geri alınır. Kampanya’dan faydalanmak için Hadi Gold üyesi olmalısın. A101 Mağazalarında, a101.com.tr ya da Kapıda uygulamasında Hadi ürünleri ile yapacağın ödemelerde kampanyaya otomatik olarak katılır ve anında %3'e varan nakit iade kazanabilirsin. 1 Eylül 2026 itibarıyla iade oranı %1 olarak güncellenecektir. Hadi Kredi Kartları ile yapılan alışverişlerde %1 harcama iades",https://tombankhadi.com/kampanyalar/a101de-her-alisveriste-3-nakit-iade,2026-08-10T11:27:29+00:00,official_source_date_gated
421,T.O.M. Katılım,A101’lerde meyve sebze alışverişlerinde %10 nakit iade!,İndirim Kampanyası,discount_campaign,,%10 indirim / iade,Kart Sahipleri,,,,,%10 indirim / iade,250 TL,,,,,,,2026-12-31,,"Kampanya 31 Aralık 2026 tarihine kadar geçerlidir. Kampanya kapsamında bir takvim ayında en fazla 250 TL nakit iade kazanılabilir. Meyve sebze harcamalarından kazanılan nakit iade, A101’de %3 kampanyasının sağladığı kazanıma ek olarak %7 olacak şekilde hesaplanır ve TOM Bank Hadi hesabına aktarılır. 1 Eylül 2026 itibarıyla iade oranı A101’de %1 kampanyasının sağladığı kazanıma ek olarak %1.5 olacak şekilde hesaplanır ve TOM Bank Hadi hesabına aktarılr. Kampanyadan aynı gün içerisinde en fazla 5 farklı işlemden kazanım sağlanabilir. Kampanya kapsamındaki alışverişlerde iptal/ iade hallerinde kazanılan iadeler T.O.M. Bank ve YENİ MAĞAZACILIK A.Ş tarafından geri alınır. Kampanyadan faydalanmak için Hadi Gold üyesi",https://tombankhadi.com/kampanyalar/a101lerde-meyve-sebze-alisverislerinde-10-nakit-iade,2026-08-10T11:27:29+00:00,official_source_date_gated
485,T.O.M. Katılım,English Home alışverişlerinde %10 nakit iade!,İndirim Kampanyası,discount_campaign,,%10 indirim / iade,Kart Sahipleri,,,,,%10 indirim / iade,750 TL,,,750 TL,,,,2026-12-31,,"Kampanya 31 Aralık 2026 tarihine kadar geçerlidir. Kampanyadan faydalanmak için Hadi Gold üyesi olmalısın. English Home mağazalarından ya da www.englishhome.com online mağazadan Hadi Kredi Kartların ile yapacağın alışverişlerde kampanyaya otomatik olarak katılır, her alışverişinde tüm indirimlere ek %10 iade kazanırsın. İade oranı 1 Eylül 2026’da %2.5 olarak güncellenecektir. Hadi Kredi Kartları ile yapacağın işlemler için kazandığın iadeler ortalama 5 gün içerisinde kredi kartına yansıtılır. Hadi Kredi Kartları ile kazanım sağlamak için açık kredi kartına sahip olman gerekmektedir. Henüz Hadi Kredi Kartı sahibi değilsen, başvurmak için TOM Bank Hadi uygulamasına bekliyoruz! Kampanyadan aynı gün içerisinde en f",https://tombankhadi.com/kampanyalar/tum-alisverislerine-aninda-10-kazan,2026-08-10T11:27:29+00:00,official_source_date_gated
431,T.O.M. Katılım,Eve alışverişlerinde %10 nakit iade!,İndirim Kampanyası,discount_campaign,,%10 indirim / iade,Kart Sahipleri,,,,,%10 indirim / iade,250 TL,,,250 TL,,,,2026-12-31,,"Eve Ürünlerini İncele! Kampanya 31 Aralık 2026 tarihine kadar geçerlidir. Kampanyadan faydalanmak için Hadi Gold üyesi olmalısın. Eve fiziki mağazalarından ya da www.eveshop.com.tr online mağazadan Hadi Kredi Kartları ile yapacağın alışverişlerde kampanyaya otomatik olarak katılır, her alışverişinde tüm indirimlere ek %10 iade kazanırsın. İade oranı 1 Eylül 2026’da %2.5 olarak güncellenecektir. Kampanyadan aynı gün içerisinde en fazla 5 farklı işlemden kazanım sağlanabilir. Kampanya kapsamında bir takvim ayında en fazla 250 TL iade kazanılabilir. Eve alışverişlerinden iade kazanmak için Hadi Kredi Kartlarını kullanman gerekmektedir. Hadi Kredi Kartları ile yapacağın işlemler için kazandığın iadeler ortalama 5 g",https://tombankhadi.com/kampanyalar/eve-alisverislerinde-10-nakit-iade,2026-08-10T11:27:29+00:00,official_source_date_gated
434,T.O.M. Katılım,Hadi Black Kredi Kartı ile Restoderm’de %30 indirim!,İndirim Kampanyası,discount_campaign,,%30 indirim / iade,Kart Sahipleri,,,,,%30 indirim / iade,,,,,,,2026-08-04,2026-08-30,,"Kampanya Bilgileri: Hadi Black Kredi Kartın ile Restoderm üzerinden yapacağın alışverişinde %30 indirim fırsatı Kampanya Detayları: Kampanya 4 Ağustos -30 Ağustos 2026 tarihleri arasında geçerlidir. Kampanya Hadi Black Kredi Kartı ile yapılacak harcamalarda geçerlidir. “hadi30” indirim kodu Hadi Black Kredi Kartı sahibi müşterilere özel olarak tanımlanmıştır. Kampanya kapsamında %30 indirimden faydalanmak için ödeme adımında ""hadi30"" indirim kodunun ilgili promosyon alanına girilmesi gerekmektedir. ""hadi30"" indirim kodu kullanılmadığı durumlarda indirim geçerli olmayacaktır. Kampanya firmanın devam eden diğer indirim ve kampanyaları ile birleştirilemez. Kampanya, Restoderm tarafından satışı yapılan ve kampanyay",https://tombankhadi.com/kampanyalar/hadi-black-karti-ile-restoderm-alisverislerinde-30-indirim,2026-08-10T11:27:29+00:00,official_source_date_gated
436,T.O.M. Katılım,Hadi Black Kredi Kartı ile tüm Pegasus uçuşlarında %50 iade!,İndirim Kampanyası,discount_campaign,,%50 indirim / iade,Kart Sahipleri,,,,,%50 indirim / iade,2.500 TL,,,2.500 TL,,,2026-07-01,2026-10-31,,"edi Kartı ile Pegasus uçuşlarında 2.500 TL’ye varan iade kazan! Kampanya Detayları: Kampanya 01.07.2026 (saat 12.00’dan itibaren) – 31.10.2026 (saat 23.59’a kadar) tarihleri arasında geçerlidir. Kampanya kapsamında, yalnızca Hadi Black Kredi Kartı ile yapılan Pegasus harcamalarında %50’ye varan iade kazanılabilir. Tek seferde ve günlük en fazla 750 TL, aylık en fazla 1.250 TL, kampanya dönemi boyunca en fazla 2.500 TL iade kazanılabilir. İadeler, harcama yapılan ayı takip eden ayın 21. gününde harcamanın yapıldığı Hadi Black Kredi Kartı’na yüklenecektir. Kampanya, sadece Pegasus Mobil Uygulaması ve Pegasus resmi internet sitesi olan https://www.flypgs.com/ adresinden gerçekleştirilecek harcamalarda geçerlidir.",https://tombankhadi.com/kampanyalar/hadi-black-kredi-karti-ile-pegasus-harcamalarindan-50-iade-kazan,2026-08-10T11:27:29+00:00,official_source_date_gated
443,T.O.M. Katılım,Hadi Kredi Kartı ile AllDayEsim alışverişlerinde %40 indirim!,İndirim Kampanyası,discount_campaign,,%40 indirim / iade,Kart Sahipleri,,,,,%40 indirim / iade,,,,,,,2026-06-02,2026-08-31,,"Kampanya Bilgileri: Hadi Kredi Kartın ile AllDayEsim üzerinden yapacak olduğun E-sim alışverinde %40 indirim fırsatı Kampanya Detayları Kampanya 2 Haziran -31 Ağustos 2026 tarihleri arasında geçerlidir. Kampanya Hadi Kredi Kartı ile yapılacak harcamalarda geçerlidir. “TOM40” indirim kodu Hadi Kredi Kartı sahibi müşterilerine özel olarak tanımlanmıştır. Kampanya kapsamında %40 indirimden faydalanmak için ödeme adımında ""TOM40"" indirim kodunun ilgili promosyon alanına girilmesi gerekmektedir. ""TOM40"" indirim kodu kullanılmadığı durumlarda indirim geçerli olmayacaktır. Kampanyaya dahil olan paketlerin içeriğinde paketlere göre değişen içeriklerde data ve ses kullanımı dahil olabilecektir. eSIM'inizi tanımlayacağın",https://tombankhadi.com/kampanyalar/hadi-kredi-karti-ile-alldayesim-alisverislerinde-40-indirim,2026-08-10T11:27:29+00:00,official_source_date_gated
468,T.O.M. Katılım,"PEGASUS Koduyla TOM Bank Hadi Müşterisi Ol, Pegasus harcamalarından 3.500 TL’ye varan iade kazan!",İndirim Kampanyası,discount_campaign,,3.500 TL indirim / iade,Kart Sahipleri,,,,,3.500 TL indirim / iade,3.500 TL,,,3.500 TL,,,2026-07-01,2026-09-30,,"redi Kartından! Kampanyadan Yararlanabilecek Kişiler: “Pegasus” davet koduyla ilk kez Hadi müşterisi olan ve Çok Kazananlar Kulübüne dahil olan müşteriler kampanyadan yararlanabilir. Kampanya Kuralları: Kampanya 1 Temmuz 2026 (saat 12.00’dan itibaren) – 30 Eylül 2026 (saat 23.59’a kadar) tarihleri arasında “Pegasus” Davet Kodu ile Görüntülü Görüşme yaparak ilk kez TOM Bank Hadi Müşterisi olarak TOM Bank Çok Kazananlar Kulübü şartlarını sağlayan müşteriler için geçerlidir. Daha önceden hiç müşteri olmamış müşteriler kampanyadan yararlanabilir. Kampanyadan yararlanabilmek için, Pegasus internet sitesi ve Pegasus Mobil Uygulaması üzerinden Hadi Black Kredi Kartı ile yapılan harcamaların %50’ye varan tutar ilgili k",https://tombankhadi.com/kampanyalar/pegasus-davet-koduyla-tom-bank-hadi-musterisi-ol-pegasus-harcamalarindan-3-500-tlye-varan-iade-kazan,2026-08-10T11:27:29+00:00,official_source_date_gated
489,T.O.M. Katılım,Uçak bileti alımlarında ayda 3.500 TL kazan!,İndirim Kampanyası,discount_campaign,,"%22,50 indirim/iade · 3.500 TL ödül",,,,,,,3.500 TL,,,1.250 TL,,,2025-10-01,2026-08-31,,"ılık Hadi birikim segmentine göre uçak bileti alımlarında %22.5’e varan iade ile ayda 3.500 TL’ye kadar iade kazanman mümkün! Hadi Özel Bankacılık ayrıcalıkları hep sizinle! Kampanya Detayları: Kampanya 01.10.2025 – 31.8.2026 tarihleri arasında yapılan harcamalar için geçerlidir. Kampanya Özel Bankacılık Classic, Elite, Elite Plus veya Prestige Segment müşterilerine özeldir. “Classic Segment” müşterilerimiz uçak bileti alımlarında %7.5 oranında iade ile günlük en fazla 250 TL, ayda toplam 1.250 TL iade kazanabilir. “Elite Segment” müşterilerimiz uçak bileti alımlarında %12.5 oranında iade ile günlük en fazla 500 TL, ayda toplam 1.750 TL iade kazanabilir. “Elite Plus Segment” müşterilerimiz uçak bileti alımların",https://tombankhadi.com/kampanyalar/ucak-bileti-alimlarinda-ayda-3-500-tl-kazan,2026-08-10T11:27:29+00:00,official_source_date_gated
427,T.O.M. Katılım,"Çok Kazananlar Kulübü, 2 kat kazandıran kampanyaları ile seninle!",İndirim Kampanyası,discount_campaign,,6 taksit · %50 indirim/iade,,6 taksit,,Vade farksız (%0),,,,,,,,,,,,"Kampanya Bilgileri: Kulübe katıl, detaylarda belirtilen koşulları sağla, restoran, akaryakıt, tüm market, Pegasus ve giyim harcamalarında indirimleri yakala! Kampanya Detay: Çok Kazananlar Kulübüne katılmak çok kolay, bunun için Hadi Black Kredi Kartı’na sahip olman ve Mega Günlük Hesabında minimum 10.000 TL bulundurman yeterli. Kampanyaya TOM Bank Hadi uygulamasından katılmayı da unutma! Kulübe katılım, koşullar sağlandıktan sonraki gün gerçekleşir ve kampanya faydaları bu tarihten itibaren geçerli olur. Kulüp kapsamında aranan minimum 10.000 TL Mega Günlük Hesap bakiyesi, her ayın 15. günü ve son günü kontrol edilir. Bu tarihlerde koşullar sağlanırsa, ilgili ay boyunca kulüp üyesi olarak değerlendirilir. Buna",https://tombankhadi.com/kampanyalar/cok-kazananlar-kulubu-kat-kat-kazandiran-kampanyalari-ile-seninle,2026-08-10T11:27:29+00:00,official_source_date_gated
507,Türkiye Emlak Katılım,Paraf ile A101’de Vade Farksız 6 Aya Varan Taksit Fırsatı!,Kart / Taksit Kampanyası,card_campaign,,6 taksit,,6 taksit,,Vade farksız (%0),,,,,300 TL,,,,,2026-08-31,,"31 Ağustos 2026 tarihine kadar Paraf ile A101 Mağazalarında ve www.a101.com.tr ‘de Paraf POS’undan yapılacak 300 TL ve üzeri alışverişlerinizde vade farksız, peşin fiyatına 6 aya varan taksit imkanı sunulacaktır. Peşin fiyatına taksit mağazalarda kasa yetkilisi tarafından uygulanacaktır. Yasal mevzuat uyarınca taksit yapılması mümkün olmayan ürünler için taksit yapılamaz, daha düşük taksit sınırlaması bulunan ü rünler için bu sınırlar uygulanır. Kampanyaya ilişkin geriye dönük yararlandırma ve değişiklik yapılmayacaktır. Birden fazla üründen oluşan siparişlerin taksitlendirilebilmesi için siparişlere konu ürünlerin tamamının taksitlendirmeye el verişli olması gerekmektedir. Ürün stokları satış noktasına göre fa",https://emlakkatilim.com.tr/tr/bireysel/kampanyalar/kampanya/paraf-ile-a101de-vade-farksiz-6-aya-varan-taksit-firsati,2026-08-10T11:28:49+00:00,official_source_date_gated
509,Türkiye Emlak Katılım,Paraf ile ADV Mağazalarında 6 Taksit!,Kart / Taksit Kampanyası,card_campaign,,6 taksit,,6 taksit,,,,,,,,,,,,2026-12-31,,31 Aralık 2026 tarihine kadar ADV mağazalarında Paraf POS’larından yapılacak alışverişlerde 6 taksit imkanı sunulacaktır. Mağazalardan yapılacak alışverişlerde 6 taksitten yararlanabilmek için kampanyanın satış görevlisine belirtilmesi gerekmektedir. Kampanyadan Emlak Katılım Paraf ve Emlak Katılım Paraf Premium kartlar faydalanabilecektir. Sanal ve ek kartlar kampanyaya dahildir. Debit kartlar ve ParafPara kullanarak yapılan işlemler kampanyaya dahil değildir. Türkiye Emlak Katılım Bankası A.Ş. kampanya koşullarının tamamında değişiklik yapma ve/veya kampanyayı durdurma hakkını saklı tutar. × Your browser does not support the audio element.,https://emlakkatilim.com.tr/tr/bireysel/kampanyalar/kampanya/paraf-ile-adv-magazalarinda-6-taksit,2026-08-10T11:28:49+00:00,official_source_date_gated
510,Türkiye Emlak Katılım,Paraf ile Alfemo’da 8 Taksit Fırsatı!,Kart / Taksit Kampanyası,card_campaign,,8 taksit,,8 taksit,,,,,,,,,,,,,,Paraf ile Alfemo mağazalarında veya www.alfemo.com web sayfasından Paraf POS’larından yapacağınız alışverişlerde 8 taksit imkanı sağlanacaktır. Mağazalardan yapılacak alışverişlere sistem tarafından artı taksit uygulanmayacaktır. Yapmak istediğiniz taksit sayısını satış görevlisine bildirmeniz gerekmektedir. Kampanyadan Emlak Katılım Paraf ve Emlak Katılım Paraf Premium kartlar faydalanabilecektir. Sanal ve ek kartlar kampanyaya dahildir. ParafPara kullanılarak yapılan işlemler ile iptal ve iade işlemleri dahil değildir. Türkiye Emlak Katılım Bankası A.Ş. kampanya koşullarının tamamında değişiklik yapma ve/veya kampanyayı durdurma hakkını saklı tutar. × Your browser does not support the audio element.,https://emlakkatilim.com.tr/tr/bireysel/kampanyalar/kampanya/paraf-ile-alfemoda-8-taksit-firsati,2026-08-10T11:28:49+00:00,official_source_date_gated
511,Türkiye Emlak Katılım,Paraf ile Casper.com.tr'de Peşin Fiyatına 6 Taksit Fırsatı!,Kart / Taksit Kampanyası,card_campaign,,6 taksit,"Kart Sahipleri,Bireysel Müşteriler",6 taksit,,,,,,,,,,,,2026-08-31,,"31 Ağustos 2026 tarihine kadar www.casper.com.tr web adresinde Paraf üye işyerlerinden yapılacak alışverişlerinize peşin fiyatına 3 taksit imkanı sunulacaktır. Taksit kampanyasından yararlanabilmek için işlem anında 3 taksitin seçilmesi gerekmektedir. İşlem gerçekleştikten sonra artı taksit uygulanmayacaktır. Kampanyadan Emlak Katılım Paraf ve Emlak Katılım Paraf Premium kartlar faydalanabilecektir. Sanal ve ek kartlar kampanyaya dahildir. Kampanya kapsamında yapılan işlemlerin iade ve iptal edilmesi durumunda, iptal ve iade edilen işlemler kampanyaya dahil edilmeyecektir. Yasal mevzuat gereği, mal veya hizmet alımı sonrası belli bir ücret karşılığı borcun taksitlendirilmesi veya ödemenin ertelendiği dönemler d",https://emlakkatilim.com.tr/tr/bireysel/kampanyalar/kampanya/paraf-ile-caspercomtrde-pesin-fiyatina-6-taksit-firsati,2026-08-10T11:28:49+00:00,official_source_date_gated
512,Türkiye Emlak Katılım,Paraf ile Copa’da 12 Aya Varan Taksit!,Kart / Taksit Kampanyası,card_campaign,,12 taksit,,12 taksit,,,,,,,,,,,2026-08-01,2026-08-31,,"1-31 Ağustos 2026 tarihleri arasında Parafüyesi Copa Isı Bayilerinde ParafPOS’undan yapılması gerekmektedir. Kampanya müşteri bazındadır. Her müşteri kampanyadan ilk işlemi ile sadece bir kez yararlanabilir. Taksit kampanyasından yararlanabilmek için işlem anında satış görevlisine 12 taksit talebinin iletilmesi gerekmektedir. Mağazalardan yada internet mağazasından yapılacak alışverişlere sistem tarafından artı taksit uygulanmayacaktır.Kampanyadan Emlak Katılım Paraf ve Emlak Katılım Paraf Premium kartlar faydalanabilecektir. Sanal ve ek kartlar kampanyaya dahildir. Kampanya kapsamında yapılan işlemlerin iade ve iptal edilmesi durumunda, iptal ve iade edilen işlemler kampanyaya dahil edilmeyecektir. Türkiye Eml",https://emlakkatilim.com.tr/tr/bireysel/kampanyalar/kampanya/paraf-ile-copada-12-aya-varan-taksit,2026-08-10T11:28:49+00:00,official_source_date_gated
514,Türkiye Emlak Katılım,Paraf ile Damat Tween’de 6 Aya Varan Taksit Fırsatı!,Kart / Taksit Kampanyası,card_campaign,,6 taksit,Kart Sahipleri,6 taksit,,,,,,,,,,,,2026-12-31,,31 Aralık 2026 tarihine kadar Damat Tween mağazalarında Paraf POS’larından yapılacak alışverişlerde 6 aya varan taksit imkanı sunulacaktır. Kampanyadan Emlak Katılım Paraf müşterileri faydalanabilecektir. Ek kart sahipleri kampanyadan yararlanabilir. Debit kartlar ve ParafPara kullanarak yapılan işlemler kampanyaya dahil değildir. Mağazalardan yapılacak alışverişlerde 6 taksitten yararlanabilmek için kampanyanın satış görevlisine belirtilmesi gerekmektedir. Debit kartlar ve ParafPara kullanarak yapılan işlemler kampanyaya dahil değildir. Türkiye Emlak Katılım Bankası A.Ş. kampanya koşullarının tamamında değişiklik yapma ve/veya kampanyayı durdurma hakkını saklı tutar. × Your browser does not support the audio e,https://emlakkatilim.com.tr/tr/bireysel/kampanyalar/kampanya/paraf-ile-damat-tweende-6-aya-varan-taksit-firsati,2026-08-10T11:28:49+00:00,official_source_date_gated
515,Türkiye Emlak Katılım,Paraf ile DemirDöküm'de 9 Taksit Fırsatı!,Kart / Taksit Kampanyası,card_campaign,,9 taksit,,9 taksit,,Vade farksız (%0),,,,,,,,,,2026-08-31,,31 Ağustos 2026 tarihine kadar Paraf üyesi DemirDöküm sanal POS’u üzerinden işlemlere vade farksız 9 ay taksit imkanı sunulacaktır. Bayi POS’undan gerçekleşen işlemler dahil değildir. Kampanyaya sadece Demirdöküm’ün kendi POS’undan gerçekleşen işlemler dahildir. Taksit kampanyasından yararlanabilmek için işlem anında satış görevlisine taksit sayısının iletilmesi gerekmektedir. Mağazalardan ya da internet mağazasından yapılacak alışverişlere sistem tarafından artı taksit uygulanmayacaktır. Kampanyadan Emlak Katılım Paraf ve Emlak Katılım Paraf Premium kartlar faydalanabilecektir. Sanal ve ek kartlar kampanyaya dahildir. Türkiye Emlak Katılım Bankası A.Ş. kampanya koşullarının tamamında değişiklik yapma ve/veya k,https://emlakkatilim.com.tr/tr/bireysel/kampanyalar/kampanya/paraf-ile-demirdokumde-9-taksit-firsati,2026-08-10T11:28:49+00:00,official_source_date_gated
516,Türkiye Emlak Katılım,Paraf ile Divarese’de 4 Taksit Fırsatı!,Kart / Taksit Kampanyası,card_campaign,,4 taksit,,4 taksit,,,,,,,,,,,,2026-08-31,,31 Ağustos 2026 tarihine kadar Divarese mağazaları ve www.divarese.com.tr’de Paraf POS’larından yapılacak alışverişlerde 4 taksit imkanı sunulacaktır. Mağazalardan yapılacak alışverişlerde 4 taksitten yararlanabilmek için kampanyanın satış görevlisine belirtilmesi gerekmektedir. Kampanyadan Emlak Katılım Paraf ve Emlak Katılım Paraf Premium kartlar faydalanabilecektir. Sanal ve ek kartlar kampanyaya dahildir. Türkiye Emlak Katılım Bankası A.Ş. kampanya koşullarının tamamında değişiklik yapma ve/veya kampanyayı durdurma hakkını saklı tutar. × Your browser does not support the audio element.,https://emlakkatilim.com.tr/tr/bireysel/kampanyalar/kampanya/paraf-ile-divaresede-4-taksit-firsati,2026-08-10T11:28:49+00:00,official_source_date_gated
519,Türkiye Emlak Katılım,Paraf ile Dyson’da 9 Aya Varan Taksit!,Kart / Taksit Kampanyası,card_campaign,,9 taksit,,9 taksit,,,,,,,,,,,,2026-08-31,,"31 Ağustos 2026 tarihine kadar dyson.com.tr'den peşin fiyatına 6 aya varan taksit fırsatından faydalanabilirsiniz. 6 taksit avantajı firmanın belirlediği tutarın üzerinde yapacağınız alışverişlerde geçerlidir. Taksitten yararlanabilmek için dyson.com.tr üzerinden taksitin seçilmesi gerekmektedir. İşlem anındaki üye işyeri uygulamalarına ve satın alınan ürüne bağlı olarak taksit sayıları değişkenlik gösterebilmektedir. Bireysel ve ticari kartlar için uygulanan azami taksit sayısı yasal düzenlemelere göre farklılık gösterebilmektedir. Yasal mevzuat gereği, elektronik eşya alımlarında (Video, kamera, ses sistemleri, fiyatı 5.000 Türk lirasının üzerinde olan televizyon vb) 4 ay, tablet alımlarında, kulüp ve dernekl",https://emlakkatilim.com.tr/tr/bireysel/kampanyalar/kampanya/paraf-ile-dysonda-9-aya-varan-taksit,2026-08-10T11:28:49+00:00,official_source_date_gated
520,Türkiye Emlak Katılım,Paraf ile Evidea’da 4 Taksit Fırsatı!,Kart / Taksit Kampanyası,card_campaign,,4 taksit,,4 taksit,,,,,,,,,,,,2026-08-31,,31 Ağustos 2026 tarihine kadar Evidea web sitesi ve mağazalarında Paraf POS’u üzerinden yapılan taksitli alışverişlere 4 taksit uygulanacaktır. Mağazalardan ya da internet mağazasından yapılacak alışverişlere sistem tarafından artı taksit uygulanmayacaktır. Kampanyadan faydalanmak için ödeme esnasında POS üzerinden 4 taksitin seçilmesi gerekmektedir. Mağazalardan ya da internet mağazasından yapılacak alışverişlere sistem tarafından artı taksit uygulanmayacaktır. Kampanyaya ilişkin geriye dönük yararlandırma ve değişiklik yapılmayacaktır. Kampanyadan Emlak Katılım Paraf ve Emlak Katılım Paraf Premium kartlar faydalanabilecektir. Sanal ve ek kartlar kampanyaya dahildir. Türkiye Emlak Katılım Bankası A.Ş. kampanya,https://emlakkatilim.com.tr/tr/bireysel/kampanyalar/kampanya/paraf-ile-evideada-4-taksit-firsati,2026-08-10T11:28:49+00:00,official_source_date_gated
521,Türkiye Emlak Katılım,Paraf ile Gürgençler’de Vade Farksız 9 Taksit Fırsatı!,Kart / Taksit Kampanyası,card_campaign,,9 taksit,"Kart Sahipleri,Bireysel Müşteriler",9 taksit,,Vade farksız (%0),,,,,,,,,,2026-08-31,,"31 Ağustos 2026 tarihine kadar Gürgençler Apple mağazaları veya www.gurgencler.com.tr’de Paraf POS’undan yapılacak taksitli alışverişlerde vade farksız 9 aya varan taksit imkanı sunulacaktır. Mağazalardan ya da internet mağazasından yapılacak alışverişlere sistem tarafından artı taksit uygulanmayacaktır. Kampanyadan faydalanmak için ödeme esnasında 3, 6 veya 9 taksitin seçilmesi gerekmektedir. Mağazalardan ya da internet mağazasından yapılacak alışverişlere sistem tarafından artı taksit uygulanmayacaktır.Kampanyaya ilişkin geriye dönük yararlandırma ve değişiklik yapılmayacaktır. Kampanyadan Emlak Katılım Paraf ve Emlak Katılım Paraf Premium kartlar faydalanabilecektir, sanal ve ek kartlar kampanyaya dahildir.",https://emlakkatilim.com.tr/tr/bireysel/kampanyalar/kampanya/paraf-ile-gurgenclerde-vade-farksiz-9-taksit-firsati,2026-08-10T11:28:49+00:00,official_source_date_gated
525,Türkiye Emlak Katılım,Paraf ile ITOPYA.COM'da Vade Farksız 6 Taksit!,Kart / Taksit Kampanyası,card_campaign,,6 taksit,"Kart Sahipleri,Bireysel Müşteriler",6 taksit,,Vade farksız (%0),,,,,,,,,,2026-08-31,,"31 Ağustos 2026 tarihine kadar Itopya mağazaları ve www.itopya.com’dan yapılacak taksitli alışverişinize vade farksız 6 taksit imkanı sunulacaktır. Kampanyadan faydalanmak için ödeme esnasında POS üzerinden 6 taksitin seçilmesi gerekmektedir. Kampanyaya ilişkin geriye dönük yararlandırma ve değişiklik yapılmayacaktır. Kampanya Paraf POS’undan yapılan işlemlerde geçerli olacaktır. Kampanyadan Emlak Katılım Paraf ve Emlak Katılım Paraf Premium kartlar faydalanabilecektir. Sanal ve ek kartlar kampanyaya dahildir. Taksitli satışlarda taksit sayısı ürün gruplarına göre değişmektedir. Taksit sayısı, yasal mevzuat tarafından ürün grupları için açıklanan azami taksit sayısını geçmeyecek şekilde alışveriş esnasında uygu",https://emlakkatilim.com.tr/tr/bireysel/kampanyalar/kampanya/paraf-ile-itopyacomda-vade-farksiz-6-taksit,2026-08-10T11:28:49+00:00,official_source_date_gated
526,Türkiye Emlak Katılım,Paraf ile Kip’te 5 Taksit!,Kart / Taksit Kampanyası,card_campaign,,5 taksit,,5 taksit,,,,,,,,,,,,2026-08-31,,31 Ağustos 2026 tarihine kadar KİP mağazaları ve www.kip.com.tr’de Paraf POS’larından yapılacak alışverişlerde 5 taksit imkanı sunulacaktır. Mağazalardan yapılacak alışverişlerde 5 taksitten yararlanabilmek için kampanyanın satış görevlisine belirtilmesi gerekmektedir. Kampanyadan Emlak Katılım Paraf ve Emlak Katılım Paraf Premium kartlar faydalanabilecektir. Sanal ve ek kartlar kampanyaya dahildir. Debit kartlar ve ParafPara kullanarak yapılan işlemler kampanyaya dahil değildir. Türkiye Emlak Katılım Bankası A.Ş. kampanya koşullarının tamamında değişiklik yapma ve/veya kampanyayı durdurma hakkını saklı tutar. × Your browser does not support the audio element.,https://emlakkatilim.com.tr/tr/bireysel/kampanyalar/kampanya/paraf-ile-kipte-5-taksit,2026-08-10T11:28:49+00:00,official_source_date_gated
527,Türkiye Emlak Katılım,Paraf ile Koçtaş’ta 5 Taksit!,Kart / Taksit Kampanyası,card_campaign,,5 taksit,,5 taksit,,,,,,,,,,,,2026-08-31,,"31 Ağustos 2026 tarihine kadar Koçtaş’ta Paraf POS'undan yapacağınız alışverişlerinde 5 taksit fırsatı sunulacaktır. Taksit kampanyasından yararlanabilmek için işlem anında 5 taksitin seçilmesi gerekmektedir. İşlem gerçekleştikten sonra artı taksit uygulanmayacaktır. Kampanyadan Emlak Katılım Paraf ve Emlak Katılım Paraf Premium kartlar faydalanabilecektir. Sanal ve ek kartlar kampanyaya dahildir. Kampanya kapsamında yapılan işlemlerin iade ve iptal edilmesi durumunda, iptal ve iade edilen işlemler kampanyaya dahil edilmeyecektir. Türkiye Emlak Katılım Bankası A.Ş. kampanya koşullarının tamamında değişiklik yapma ve/veya kampanyayı durdurma hakkını saklı tutar. × Your browser does not support the audio element.",https://emlakkatilim.com.tr/tr/bireysel/kampanyalar/kampanya/paraf-ile-koctasta-5-taksit,2026-08-10T11:28:49+00:00,official_source_date_gated
530,Türkiye Emlak Katılım,Paraf ile Network’te 4 Taksit Fırsatı!,Kart / Taksit Kampanyası,card_campaign,,4 taksit,,4 taksit,,,,,,,,,,,,2026-08-31,,31 Ağustos 2026 tarihine kadar Network mağazaları ve www.network.com.tr’de Paraf POS’larından yapılacak alışverişlerde 4 taksit imkanı sunulacaktır. Mağazalardan yapılacak alışverişlerde 4 taksitten yararlanabilmek için kampanyanın satış görevlisine belirtilmesi gerekmektedir. Kampanyadan Emlak Katılım Paraf ve Emlak Katılım Paraf Premium kartlar faydalanabilecektir. Sanal ve ek kartlar kampanyaya dahildir. Debit kartlar ve ParafPara kullanarak yapılan işlemler kampanyaya dahil değildir. Türkiye Emlak Katılım Bankası A.Ş. kampanya koşullarının tamamında değişiklik yapma ve/veya kampanyayı durdurma hakkını saklı tutar. × Your browser does not support the audio element.,https://emlakkatilim.com.tr/tr/bireysel/kampanyalar/kampanya/paraf-ile-networkte-4-taksit-firsati,2026-08-10T11:28:49+00:00,official_source_date_gated
531,Türkiye Emlak Katılım,Paraf ile Nocturne’de 4 Taksit!,Kart / Taksit Kampanyası,card_campaign,,4 taksit,,4 taksit,,,,,,,,,,,,2026-08-31,,31 Ağustos 2026 tarihine kadar Nocturne mağazalarında Paraf POS’larından yapılacak alışverişlerde 4 taksit imkanı sunulacaktır. Mağazalardan yapılacak alışverişlerde 4 taksitten yararlanabilmek için kampanyanın satış görevlisine belirtilmesi gerekmektedir. www.nocturne.com.tr web sitesinden yapılacak işlemler kampanyaya dahil değildir. Kampanyadan Emlak Katılım Paraf ve Emlak Katılım Paraf Premium kartlar faydalanabilecektir. Debit kartlar ve ParafPara kullanarak yapılan işlemler kampanyaya dahil değildir. Sanal ve ek kartlar kampanyaya dahildir. Türkiye Emlak Katılım Bankası A.Ş. kampanya koşullarının tamamında değişiklik yapma ve/veya kampanyayı durdurma hakkını saklı tutar. × Your browser does not support th,https://emlakkatilim.com.tr/tr/bireysel/kampanyalar/kampanya/paraf-ile-nocturnede-4-taksit,2026-08-10T11:28:49+00:00,official_source_date_gated
532,Türkiye Emlak Katılım,Paraf ile Pazarama’da Peşin Fiyatına 6 Taksit!,Kart / Taksit Kampanyası,card_campaign,,6 taksit,,6 taksit,,Vade farksız (%0),,,,,600 TL,,,,,2026-08-31,,"31 Ağustos 2026 tarihine kadar www.pazarama.com ve mobil uygulamasından tek seferde yapılacak alışverişlerde peşin fiyatına 6 aya varan taksit imkanı sunulmaktadır. Kampanya kapsamında 600 TL ve üzeri alışverişlerde peşin fiyatına 2 taksit, 1.000 TL ve üzeri alışverişlerde peşin fiyatına 3 taksit, 6.000 TL ve üzeri alışverişlerde peşin fiyatına 6 taksit fırsatından yararlanılabilir. Kampanyadan faydalanmak için ödeme esnasında ilgili taksitlerin seçilmesi gerekmektedir. Kampanyaya ilişkin geriye dönük yararlandırma ve değişiklik yapılmayacaktır. Kampanya Paraf POS’undan yapılan işlemlerde geçerli olacaktır. Peşin fiyatına taksit uygulaması belirli ürün, kategori ve/veya satıcılara göre değişkenlik gösterebilir.",https://emlakkatilim.com.tr/tr/bireysel/kampanyalar/kampanya/paraf-ile-pazaramada-pesin-fiyatina-6-taksit,2026-08-10T11:28:49+00:00,official_source_date_gated
533,Türkiye Emlak Katılım,Paraf ile Porland’da Peşin Fiyatına 3 Taksit!,Kart / Taksit Kampanyası,card_campaign,,3 taksit,,3 taksit,,,,,,,,,,,,,,Porland mağazalarında veya www.porland.com web sitelerinden Paraf Posların’dan yapacağınız alışverişlerde peşin fiyatına 3 taksit imkanı sağlanacaktır. Yapılacak alışverişlere sistem tarafından artı taksit uygulanmayacaktır. Yapmak istediğiniz taksit sayısını satış görevlisine bildirilmesi gerekmektedir. Taksitli işlem imkanı diğer taksit seçeneklerinde vade farkı uygulanarak yapılabilecektir. Kampanyadan Emlak Katılım Paraf ve Emlak Katılım Paraf Premium kartlar faydalanabilecektir. Sanal ve ek kartlar kampanyaya dahildir. Türkiye Emlak Katılım Bankası A.Ş. kampanya koşullarının tamamında değişiklik yapma ve/veya kampanyayı durdurma hakkını saklı tutar. × Your browser does not support the audio element.,https://emlakkatilim.com.tr/tr/bireysel/kampanyalar/kampanya/paraf-ile-porlandda-pesin-fiyatina-3-taksit,2026-08-10T11:28:49+00:00,official_source_date_gated
534,Türkiye Emlak Katılım,Paraf ile Ramsey’de 5 Taksit Fırsatı!,Kart / Taksit Kampanyası,card_campaign,,5 taksit,,5 taksit,,,,,,,,,,,,2026-08-31,,31 Ağustos 2026 tarihine kadar Ramsey mağazaları ve www.ramsey.com.tr’de Paraf POS’larından yapılacak alışverişlerde 5 taksit imkanı sunulacaktır. Mağazalardan yapılacak alışverişlerde 5 taksitten yararlanabilmek için kampanyanın satış görevlisine belirtilmesi gerekmektedir. Kampanyadan Emlak Katılım Paraf ve Emlak Katılım Paraf Premium kartlar faydalanabilecektir. Sanal ve ek kartlar kampanyaya dahildir. Debit kartlar ve ParafPara kullanarak yapılan işlemler kampanyaya dahil değildir. Türkiye Emlak Katılım Bankası A.Ş. kampanya koşullarının tamamında değişiklik yapma ve/veya kampanyayı durdurma hakkını saklı tutar. × Your browser does not support the audio element.,https://emlakkatilim.com.tr/tr/bireysel/kampanyalar/kampanya/paraf-ile-ramseyde-5-taksit-firsati,2026-08-10T11:28:49+00:00,official_source_date_gated
535,Türkiye Emlak Katılım,Paraf ile Schafer’de Peşin Fiyatına 9 Taksit!,Kart / Taksit Kampanyası,card_campaign,,9 taksit,,9 taksit,,Vade farksız (%0),,,,,,,,,,,,Paraf ile Schafer mağazalarında ParafPOS’larından yapacağınız alışverişlerde vade farksız 9 aya varan taksit imkanı sağlanacaktır. Mağazalardan yapılacak alışverişlere sistem tarafından artı taksit uygulanmayacaktır. Yapmak istediğiniz taksit sayısını satış görevlisine bildirmeniz gerekmektedir. Kampanyadan Emlak Katılım Paraf ve Emlak Katılım Paraf Premium kartlar faydalanabilecektir. Sanal ve ek kartlar kampanyaya dahildir. Türkiye Emlak Katılım Bankası A.Ş. kampanya koşullarının tamamında değişiklik yapma ve/veya kampanyayı durdurma hakkını saklı tutar. × Your browser does not support the audio element.,https://emlakkatilim.com.tr/tr/bireysel/kampanyalar/kampanya/paraf-ile-schaferde-pesin-fiyatina-9-taksit,2026-08-10T11:28:49+00:00,official_source_date_gated
538,Türkiye Emlak Katılım,Paraf ile Touristica.com.tr’de Peşin Fiyatına 9 Taksit!,Kart / Taksit Kampanyası,card_campaign,,9 taksit,,9 taksit,,,,,,,,,,,,2026-08-31,,"31 Ağustos 2026 tarihine kadar www.touristica.com.tr mağazalarından yapılacak alışverişlerde 9 taksit imkanı sunulacaktır. Taksit sayısı otel bazında değişiklik gösterebilmektedir, işlem tamamlanmadan önce taksit sayısının seçilmesi gerekmektedir. İlgili yasal düzenlemelere istinaden Kuzey Kıbrıs Türk Cumhuriyeti’ne ilişkin harcamalarda taksitlendirme sürelerinin 3 ay olarak uygulanmaktadır, yurt dışına yönelik harcamalarda taksitlendirme yapılamamaktadır. Kampanyadan Emlak Katılım Paraf ve Emlak Katılım Paraf Premium kartlar faydalanabilecektir. Sanal ve ek kartlar kampanyaya dahildir. Türkiye Emlak Katılım Bankası A.Ş. Ve Tourama Tourism Seyahat ve Ticaret A.Ş. kampanya koşullarının tamamında değişiklik yapma",https://emlakkatilim.com.tr/tr/bireysel/kampanyalar/kampanya/paraf-ile-touristicacomtrde-pesin-fiyatina-9-taksit,2026-08-10T11:28:49+00:00,official_source_date_gated
539,Türkiye Emlak Katılım,Paraf ile Trendyol'da Peşin Fiyatına 9 Taksit Fırsatı!,Kart / Taksit Kampanyası,card_campaign,,9 taksit,Bireysel Müşteriler,9 taksit,,,,,,,1.000 TL,,,,2026-08-01,2026-08-31,,1-31 Ağustos 2026 tarihlerinde www.trendyol.com ve mobil uygulamasından tek seferde yapacağınız 1.000 TL ve üzeri taksitli alışverişlerinizde peşin fiyatına 3 taksit; 6.000 TL ve üzeri seçili ürünlerde peşin fiyatına 6 taksit; 10.000 TL ve üzeri seçili ürünlerde 9 taksit fırsatı sunulacaktır. Peşin fiyatına 6 ve 9 taksit kampanyası sadece seçili ürünler özelinde geçerlidir. Kampanyadan faydalanmak için ödeme esnasında ilgili taksitin seçilmesi gerekmektedir. Kampanyaya ilişkin geriye dönük yararlandırma ve değişiklik yapılmayacaktır. Peşin fiyatına Taksit kampanyası tek seferde 200.000 TL’ye kadar olan işlemlerde geçerlidir. Kampanya Paraf POS’undan yapılan işlemlerde geçerli olacaktır. Peşin fiyatına 3 taksit,https://emlakkatilim.com.tr/tr/bireysel/kampanyalar/kampanya/paraf-ile-trendyolda-pesin-fiyatina-9-taksit-firsati,2026-08-10T11:28:49+00:00,official_source_date_gated
540,Türkiye Emlak Katılım,Paraf ile Twist’te 4 Taksit!,Kart / Taksit Kampanyası,card_campaign,,4 taksit,,4 taksit,,,,,,,,,,,,2026-08-31,,31 Ağustos 2026 tarihine kadar Twist mağazaları ve www.twist.com.tr’de Paraf POS’larından yapılacak alışverişlerde 4 taksit imkanı sunulacaktır. Mağazalardan yapılacak alışverişlerde 4 taksitten yararlanabilmek için kampanyanın satış görevlisine belirtilmesi gerekmektedir. Kampanyadan Emlak Katılım Paraf ve Emlak Katılım Paraf Premium kartlar faydalanabilecektir. Sanal ve ek kartlar kampanyaya dahildir. Türkiye Emlak Katılım Bankası A.Ş. kampanya koşullarının tamamında değişiklik yapma ve/veya kampanyayı durdurma hakkını saklı tutar. × Your browser does not support the audio element.,https://emlakkatilim.com.tr/tr/bireysel/kampanyalar/kampanya/paraf-ile-twistte-4-taksit,2026-08-10T11:28:49+00:00,official_source_date_gated
541,Türkiye Emlak Katılım,Paraf ile Vaillant’ta 9 Aya Varan Taksit!,Kart / Taksit Kampanyası,card_campaign,,9 taksit,,9 taksit,,Vade farksız (%0),,,,,,,,,,2026-08-31,,31 Ağustos 2026 tarihine kadar Paraf üyesi Vaillant sanal POS’u üzerinden yapılan işlemlere vade farksız 9 ay taksit imkanı sunulacaktır. Kampanyaya sadece Vaillant’ın kendi POS’undan gerçekleşen işlemler dahildir. Bayi POS’undan gerçekleşen işlemler dahil değildir. Taksit kampanyasından yararlanabilmek için işlem anında satış görevlisine taksit sayısının iletilmesi gerekmektedir. Mağazalardan ya da internet mağazasından yapılacak alışverişlere sistem tarafından artı taksit uygulanmayacaktır. Kampanyadan Emlak Katılım Paraf ve Emlak Katılım Paraf Premium kartlar faydalanabilecektir. Sanal ve ek kartlar kampanyaya dahildir. Türkiye Emlak Katılım Bankası A.Ş. kampanya koşullarının tamamında değişiklik yapma ve/ve,https://emlakkatilim.com.tr/tr/bireysel/kampanyalar/kampanya/paraf-ile-vaillantta-9-aya-varan-taksit,2026-08-10T11:28:49+00:00,official_source_date_gated
542,Türkiye Emlak Katılım,Paraf ile Vatan’da Peşin Fiyatına 6 Aya Varan Taksit Fırsatı!,Kart / Taksit Kampanyası,card_campaign,,6 taksit,"Kart Sahipleri,Bireysel Müşteriler",6 taksit,,Vade farksız (%0),,,,,,,,,,2026-08-31,,"31 Ağustos 2026 tarihine kadar Vatan Bilgisayar mağazalarında ve vatanbilgisayar.com web adresinden Paraf POS’u üzerinden yapılacak taksitli alışverişlerde vade farksız 6 aya varan taksit imkanı sunulacaktır. Kampanyadan faydalanmak için ödeme esnasında POS üzerinden 2, 3, 4 veya 6 taksitin seçilmesi gerekmektedir. Kampanyaya ilişkin geriye dönük yararlandırma ve değişiklik yapılmayacaktır. Kampanya Paraf POS’undan yapılan işlemlerde geçerli olacaktır. Emlak Katılım Paraf, Emlak Katılım Paraf Premium, sanal ve ek kartlar kampanyadan faydalanabilecektir. Taksitli satışlarda taksit sayısı ürün gruplarına göre değişmektedir. Taksit sayısı, yasal mevzuat tarafından ürün grupları için açıklanan azami taksit sayısını",https://emlakkatilim.com.tr/tr/bireysel/kampanyalar/kampanya/paraf-ile-vatanda-pesin-fiyatina-6-aya-varan-taksit-firsati,2026-08-10T11:28:49+00:00,official_source_date_gated
543,Türkiye Emlak Katılım,Paraf ile Vestel’de 9 Aya Varan Taksit Fırsatı!,Kart / Taksit Kampanyası,card_campaign,,9 taksit,,9 taksit,,,,,,,,,,,,2026-08-31,,"31 Ağustos 2026 tarihine kadar Vestel.com.tr'den yapacağınız alışverişlerinizde peşin fiyatına 7 taksit, Paraf üyesi olan Vestel mağazalarında ise 9’a varan taksit fırsatından faydalanabilirsiniz. İşleminiz esnasında satış yetkilisine taksit talebi iletilmelidir. Taksitten yararlanabilmek için POS üzerinden taksitin seçilmesi gerekmektedir. İşlem anındaki üye işyeri uygulamalarına ve satın alınan ürüne bağlı olarak taksit sayıları değişkenlik gösterebilmektedir. Bireysel ve ticari kartlar için uygulanan azami taksit sayısı yasal düzenlemelere göre farklılık gösterebilmektedir. Emlak Katılım Paraf, Emlak Katılım Paraf Premium, sanal ve ek kartlar kampanyadan faydalanabilecektir. Debit kartlar ve ParafPara kullan",https://emlakkatilim.com.tr/tr/bireysel/kampanyalar/kampanya/paraf-ile-vestelde-9-aya-varan-taksit-firsati,2026-08-10T11:28:49+00:00,official_source_date_gated
544,Türkiye Emlak Katılım,Paraf ile Vivense’de 5 Taksit Fırsatı!,Kart / Taksit Kampanyası,card_campaign,,5 taksit,,5 taksit,,,,,,,,,,,,,,Paraf ile Vivense mağazalarında veya www.vivense.com web sayfasından Paraf POS’larından yapacağınız alışverişlerde 5 taksit imkanı sağlanacaktır. Mağazalardan yapılacak alışverişlere sistem tarafından artı taksit uygulanmayacaktır. Yapmak istediğiniz taksit sayısını satış görevlisine bildirmeniz gerekmektedir. Kampanyadan Emlak Katılım Paraf ve Emlak Katılım Paraf Premium kartlar faydalanabilecektir. Sanal ve ek kartlar kampanyaya dahildir. Türkiye Emlak Katılım Bankası A.Ş. kampanya koşullarının tamamında değişiklik yapma ve/veya kampanyayı durdurma hakkını saklı tutar × Your browser does not support the audio element.,https://emlakkatilim.com.tr/tr/bireysel/kampanyalar/kampanya/paraf-ile-vivensede-5-taksit-firsati,2026-08-10T11:28:49+00:00,official_source_date_gated
545,Türkiye Emlak Katılım,Paraf ile Yargıcı Mağazalarında 4 Taksit Fırsatı!,Kart / Taksit Kampanyası,card_campaign,,4 taksit,,4 taksit,,,,,,,,,,,,2026-08-31,,31 Ağustos 2026 tarihine kadar Yargıcı mağazalarında Paraf POS’larından yapılacak alışverişlerde 4 taksit imkanı sunulacaktır. 4 taksitten yararlanabilmek için kampanyanın satış görevlisine belirtilmesi gerekmektedir. www.yargici.com.tr web sitesinden yapılacak işlemler kampanyaya dahil değildir. Kampanyadan Emlak Katılım Paraf ve Emlak Katılım Paraf Premium kartlar faydalanabilecektir. Sanal ve ek kartlar kampanyaya dahildir. Debit kartlar ve ParafPara kullanarak yapılan işlemler kampanyaya dahil değildir. Türkiye Emlak Katılım Bankası A.Ş. kampanya koşullarının tamamında değişiklik yapma ve/veya kampanyayı durdurma hakkını saklı tutar. × Your browser does not support the audio element.,https://emlakkatilim.com.tr/tr/bireysel/kampanyalar/kampanya/paraf-ile-yargici-magazalarinda-4-taksit-firsati,2026-08-10T11:28:49+00:00,official_source_date_gated
546,Türkiye Emlak Katılım,Paraf ile Yataş’ta 8 Taksit Fırsatı!,Kart / Taksit Kampanyası,card_campaign,,8 taksit,,8 taksit,,,,,,,,,,,,,,"Paraf ile Yataş Bedding, Yataş Enza, Yataş Puffy ve Yataş Divanev mağazalarında veya web sitelerinden Paraf Posların’dan yapacağınız alışverişlerde 8 taksit imkanı sağlanacaktır. Mağazalardan yapılacak alışverişlere sistem tarafından artı taksit uygulanmayacaktır. Yapmak istediğiniz taksit sayısını satış görevlisine bildirmeniz gerekmektedir. Franchise mağazalarda taksit sayısı farklılık gösterebilir. Kampanyadan Emlak Katılım Paraf ve Emlak Katılım Paraf Premium kartlar faydalanabilecektir. Sanal ve ek kartlar kampanyaya dahildir. ParafPara kullanılarak yapılan işlemler ile iptal ve iade işlemleri dahil değildir. Türkiye Emlak Katılım Bankası A.Ş. kampanya koşullarının tamamında değişiklik yapma ve/veya kampan",https://emlakkatilim.com.tr/tr/bireysel/kampanyalar/kampanya/paraf-ile-yatasta-8-taksit-firsati,2026-08-10T11:28:49+00:00,official_source_date_gated
547,Türkiye Emlak Katılım,Paraf ile Yenilio’da 12 Aya Varan Taksit Fırsatı!,Kart / Taksit Kampanyası,card_campaign,,12 taksit,,12 taksit,,,,,,,,,,,,2026-08-31,,31 Ağustos 2026 tarihine kadar Yenilio mağazalarında ve www.yenilio.com.tr mağazalarından yapılacak alışverişlerde 12 taksit imkanı sunulacaktır. Taksit kampanyasından yararlanabilmek için işlem anında seçilmesi veya satış görevlisine 12 taksit talebinin iletilmesi gerekmektedir. Mağazalardan ya da internet mağazasından yapılacak alışverişlere sistem tarafından artı taksit uygulanmayacaktır. Kampanyadan Emlak Katılım Paraf ve Emlak Katılım Paraf Premium kartlar faydalanabilecektir. Sanal ve ek kartlar kampanyaya dahildir. Türkiye Emlak Katılım Bankası A.Ş. kampanya koşullarının tamamında değişiklik yapma ve/veya kampanyayı durdurma hakkını saklı tutar. × Your browser does not support the audio element.,https://emlakkatilim.com.tr/tr/bireysel/kampanyalar/kampanya/paraf-ile-yenilioda-12-aya-varan-taksit-firsati,2026-08-10T11:28:49+00:00,official_source_date_gated
548,Türkiye Emlak Katılım,Paraf ile Zsa Zsa Zsu Mağazalarında Peşin Fiyatına 6 Taksit!,Kart / Taksit Kampanyası,card_campaign,,6 taksit,,6 taksit,,,,,,,,,,,,,,Paraf ile Zsa Zsa Zsu mağazalarında Paraf POS’larından yapacağınız alışverişlerde 6 taksit imkanı sağlanacaktır. Mağazalardan yapılacak alışverişlere sistem tarafından artı taksit uygulanmayacaktır. Yapmak istediğiniz taksit sayısını satış görevlisine bildirmeniz gerekmektedir. Kampanyadan Emlak Katılım Paraf ve Emlak Katılım Paraf Premium kartlar faydalanabilecektir. Sanal ve ek kartlar kampanyaya dahildir. Türkiye Emlak Katılım Bankası A.Ş. kampanya koşullarının tamamında değişiklik yapma ve/veya kampanyayı durdurma hakkını saklı tutar. × Your browser does not support the audio element.,https://emlakkatilim.com.tr/tr/bireysel/kampanyalar/kampanya/paraf-ile-zsa-zsa-zsu-magazalarinda-pesin-fiyatina-6-taksit,2026-08-10T11:28:49+00:00,official_source_date_gated
529,Türkiye Emlak Katılım,Paraf ile n11'de Peşin Fiyatına 3 Aya Varan Taksit Fırsatı!,Kart / Taksit Kampanyası,card_campaign,,3 taksit,,3 taksit,,,,,,,2.000 TL,,,,,2026-08-31,,"31 Ağustos 2026 tarihine kadar n11’de tek seferde yapılacak alışverişlerde peşin fiyatına 3 aya varan taksit imkanı sunulmaktadır. Peşin fiyatına 3 taksit uygulaması sepet toplamı 2.000 TL ve üzeri siparişlerde geçerlidir. n11 belirli kategorilerde yer alan ürünleri peşin fiyatına taksit uygulamasından hariç tutabilir. Kampanyadan faydalanmak için ödeme esnasında ilgili taksitlerin seçilmesi gerekmektedir. Kampanyaya ilişkin geriye dönük yararlandırma ve değişiklik yapılmayacaktır. Kampanya Paraf POS’undan yapılan işlemlerde geçerli olacaktır. Taksitler, Bankacılık Düzenleme ve Denetleme Kurulu tarafından taksit kısıtı kapsamında yer almayan ürünler için geçerlidir. Kampanyadan Emlak Katılım Paraf ve Emlak Katı",https://emlakkatilim.com.tr/tr/bireysel/kampanyalar/kampanya/paraf-ile-n11de-pesin-fiyatina-3-aya-varan-taksit-firsati,2026-08-10T11:28:49+00:00,official_source_date_gated
523,Türkiye Emlak Katılım,Paraf ile İncehesap.com'da Peşin Fiyatına 3 Taksit Fırsatı!,Kart / Taksit Kampanyası,card_campaign,,3 taksit,"Kart Sahipleri,Bireysel Müşteriler",3 taksit,,,,,,,,,,,,2026-08-31,,"31 Ağustos 2026 tarihine kadar İncehesap.com web adresinde Paraf POS’undan yapılacak alışverişlerinize peşin fiyatına 3 taksit imkanı sunulacaktır. Taksit kampanyasından yararlanabilmek için işlem anında 3 taksitin seçilmesi gerekmektedir. İşlem gerçekleştikten sonra artı taksit uygulanmayacaktır. Kampanyadan Emlak Katılım Paraf ve Emlak Katılım Paraf Premium kartlar faydalanabilecektir. Sanal ve ek kartlar kampanyaya dahildir. Yasal mevzuat gereği, mal veya hizmet alımı sonrası belli bir ücret karşılığı borcun taksitlendirilmesi veya ödemenin ertelendiği dönemler de dâhil olmak üzere, kredi kartları ile gerçekleştirilecek mal ve hizmet alımları ile nakit çekimlerinde taksitlendirme süresi bireysel kredi kartla",https://emlakkatilim.com.tr/tr/bireysel/kampanyalar/kampanya/paraf-ile-incehesapcomda-pesin-fiyatina-3-taksit-firsati,2026-08-10T11:28:49+00:00,official_source_date_gated
524,Türkiye Emlak Katılım,Paraf ile İpekyol’da 4 Taksit Fırsatı!,Kart / Taksit Kampanyası,card_campaign,,4 taksit,,4 taksit,,,,,,,5.000 TL,,,,,2026-08-31,,31 Ağustos 2026 tarihine kadar İpekyol mağazaları ve www.ipekyol.com.tr’de Paraf POS’larından yapılacak 5.000 TL üzeri alışverişlerde 4 taksit imkanı sunulacaktır. Mağazalardan yapılacak alışverişlerde 4 taksitten yararlanabilmek için kampanyanın satış görevlisine belirtilmesi gerekmektedir. Kampanyadan Emlak Katılım Paraf ve Emlak Katılım Paraf Premium kartlar faydalanabilecektir. Sanal ve ek kartlar kampanyaya dahildir. Türkiye Emlak Katılım Bankası A.Ş. kampanya koşullarının tamamında değişiklik yapma ve/veya kampanyayı durdurma hakkını saklı tutar. × Your browser does not support the audio element.,https://emlakkatilim.com.tr/tr/bireysel/kampanyalar/kampanya/paraf-ile-ipekyolda-4-taksit-firsati,2026-08-10T11:28:49+00:00,official_source_date_gated
553,Türkiye Emlak Katılım,Troy Apple’da vade farksız 5 aya varan taksit,Kart / Taksit Kampanyası,card_campaign,,5 taksit,"Kart Sahipleri,Bireysel Müşteriler",5 taksit,,Vade farksız (%0),,,,,,,,,,2026-08-31,,31 Ağustos 2026 tarihine kadar Troy Apple mağazaları veya www.troyestore.com’de Paraf POS’undan yapılacak taksitli alışverişlerde vade farksız 5 aya varan taksit imkanı sunulacaktır. Kampanyadan faydalanmak için ödeme esnasında 3 veya 5 taksitin seçilmesi gerekmektedir. Mağazalardan ya da internet mağazasından yapılacak alışverişlere sistem tarafından artı taksit uygulanmayacaktır. Kampanyaya ilişkin geriye dönük yararlandırma ve değişiklik yapılmayacaktır. Kampanyadan Emlak Katılım Paraf ve Emlak Katılım Paraf Premium kartlar faydalanabilecektir. Sanal ve ek kartlar kampanyaya dahildir. ParafPara kullanılarak yapılan işlemler ile iptal ve iade işlemleri dahil değildir. Türkiye Emlak Katılım Bankası A.Ş. kampan,https://emlakkatilim.com.tr/tr/bireysel/kampanyalar/kampanya/troy-appleda-vade-farksiz-5-aya-varan-taksit,2026-08-10T11:28:49+00:00,official_source_date_gated
492,Türkiye Emlak Katılım,Akaryakıt Harcamalarınıza 400 TL ParafPara!,Puan Kampanyası,points_campaign,,400 puan · 400 TL ödül,,,,,,,400 TL,400 puan,1.500 TL,400 TL,,,2026-08-01,2026-08-31,,"Kampanyaya Nasıl Katılırım? Kampanyaya katılmak için “AKARYAKIT” yazıp 6026’ya SMS gönderilmesi gerekmektedir. Kampanya katılımının başarılı sayılabilmesi için banka sisteminde adınıza tanımlı telefon numarasından katılım sağlanmalıdır. Katılım SMS’i ücretsiz olup; kampanyaya katılabilmek için SMS’in Turkcell, Vodafone veya Türk Telekom operatörleri üzerinden ve yurt içinden gönderilmesi gerekmektedir. Kampanya Koşulları Kampanya 1-31 Ağustos 2026 tarihleri arasında geçerlidir. Kampanya kapsamında yurt içinde tek seferde yapılacak 1.500 TL ve üzeri ikinci ve dördüncü akaryakıt harcamasına 200 TL, toplam 400 TL ParafPara verilecektir. Kampanya müşteri bazlı olup, bir müşteri kampanyaya bir kez katılabilir ve en",https://emlakkatilim.com.tr/tr/bireysel/kampanyalar/kampanya/akaryakit-harcamalariniza-400-tl-parafpara,2026-08-10T11:28:49+00:00,official_source_date_gated
493,Türkiye Emlak Katılım,Beyaz Eşya ve Elektronik Alışverişlerinize 5.000 TL'ye varan ParafPara!,Puan Kampanyası,points_campaign,,5.000 puan,,,,,,,,5.000 puan,150.000 TL,,15.000 TL,49.999 TL,2026-08-01,2026-08-31,,"Kampanyaya Nasıl Katılırım? Kampanyaya katılmak için “HARCA” yazıp 6026’ya SMS gönderilmesi gerekmektedir. Kampanya katılımının başarılı sayılabilmesi için banka sisteminde adınıza tanımlı telefon numarasından katılım sağlanmalıdır. Katılım SMS’i ücretsiz olup; kampanyaya katılabilmek için SMS’in Turkcell, Vodafone veya Türk Telekom operatörleri üzerinden ve yurt içinden gönderilmesi gerekmektedir. Kampanya Koşulları Kampanya 1-31 Ağustos 2026 tarihleri arasında geçerlidir. Kampanya kapsamında yurt içi beyaz eşya, elektronik ve bilgisayar sektörlerinde tek seferde yapılacak 15.000 TL ile 49.999 TL arasındaki ilk harcamaya 750 TL, 50.000 TL ile 99.999 TL arasındaki ilk harcamaya 1.500 TL, 100.000 TL ile 149.999",https://emlakkatilim.com.tr/tr/bireysel/kampanyalar/kampanya/beyaz-esya-ve-elektronik-alisverislerinize-5000-tlye-varan-parafpara,2026-08-10T11:28:49+00:00,official_source_date_gated
495,Türkiye Emlak Katılım,Elektrikli Araç Şarj İstasyonu Harcamalarınıza 200 TL ParafPara!,Puan Kampanyası,points_campaign,,200 puan · 200 TL ödül,,,,,,,200 TL,200 puan,250 TL,200 TL,,,2026-08-01,2026-08-31,,"Elektrikli Araç Şarj İstasyonu Harcamalarınıza 200 TL’ye Varan ParafPara! Kampanyaya Nasıl Katılırım? Kampanyaya katılmak için “ YOL ” yazıp 6026’ya SMS gönderilmesi gerekmektedir. Kampanya katılımının başarılı sayılabilmesi için banka sisteminde adınıza tanımlı telefon numarasından katılım sağlanmalıdır. Katılım SMS’i ücretsiz olup; kampanyaya katılabilmek için SMS’in Turkcell, Vodafone veya Türk Telekom operatörleri üzerinden ve yurt içinden gönderilmesi gerekmektedir. Kampanya Koşulları Kampanya 1-31 Ağustos 2026 tarihleri arasında geçerlidir. Kampanya kapsamında yurt içi elektrikli araç şarj istasyonlarında tek seferde yapılacak 250 TL ve üzeri harcamaya 50 TL, toplam 200 TL ParafPara verilecektir. Kampanya",https://emlakkatilim.com.tr/tr/bireysel/kampanyalar/kampanya/elektrikli-arac-sarj-istasyonu-harcamalariniza-200-tl-parafpara,2026-08-10T11:28:49+00:00,official_source_date_gated
499,Türkiye Emlak Katılım,Giyim ve Kozmetik Alışverişlerinize 2.500 TL ParafPara!,Puan Kampanyası,points_campaign,,2.500 puan · 2.500 TL ödül,,,,,,,2.500 TL,2.500 puan,3.000 TL,2.000 TL,,,2026-08-01,2026-08-31,,"Kampanyaya Nasıl Katılırım? Kampanyaya katılmak için “GIYIM” yazıp 6026’ya SMS gönderilmesi gerekmektedir. Kampanya katılımının başarılı sayılabilmesi için banka sisteminde adınıza tanımlı telefon numarasından katılım sağlanmalıdır. Katılım SMS’i ücretsiz olup; kampanyaya katılabilmek için SMS’in Turkcell, Vodafone veya Türk Telekom operatörleri üzerinden ve yurt içinden gönderilmesi gerekmektedir. Kampanya Koşulları Kampanya 1-31 Ağustos 2026 tarihleri arasında geçerlidir. Kampanya kapsamında yurt içinde tek seferde yapacağınız 3.000 TL ve üzeri her giyim, kozmetik, optik ve saat alışverişinize 200 TL, toplamda 2.000 TL ParafPara verilecektir. Üstelik mobil/QR ile ödemelerinize özel 3.000 TL ve üzeri her işlem",https://emlakkatilim.com.tr/tr/bireysel/kampanyalar/kampanya/giyim-ve-kozmetik-alisverislerinize-2500-tl-parafpara,2026-08-10T11:28:49+00:00,official_source_date_gated
502,Türkiye Emlak Katılım,Market Alışverişlerinize 2.000 TL ParafPara Hediye!,Puan Kampanyası,points_campaign,,2.000 puan · 2.000 TL ödül,,,,,,,2.000 TL,2.000 puan,2.500 TL,1.500 TL,,,2026-08-01,2026-08-31,,"Kampanyaya Nasıl Katılırım? Kampanyaya katılmak için “ GIDA ” yazıp 6026’ya SMS gönderilmesi gerekmektedir. Kampanya katılımının başarılı sayılabilmesi için banka sisteminde adınıza tanımlı telefon numarasından katılım sağlanmalıdır. Katılım SMS’i ücretsiz olup; kampanyaya katılabilmek için SMS’in Turkcell, Vodafone veya Türk Telekom operatörleri üzerinden ve yurt içinden gönderilmesi gerekmektedir. Kampanya Koşulları Kampanya 1-31 Ağustos 2026 tarihleri arasında geçerlidir. Kampanya kapsamında yurt içi gıda marketi, bakkal, kasap, manav ve şarküteride tek seferde yapılacak yurt içinde tek seferde yapılacak 2.500 TL ve üzeri her market harcamasına 150 TL, toplam 1.500 TL ParafPara verilecektir. Üstelik mobil/QR",https://emlakkatilim.com.tr/tr/bireysel/kampanyalar/kampanya/market-alisverislerinize-2000-tl-parafpara-hediye,2026-08-10T11:28:49+00:00,official_source_date_gated
503,Türkiye Emlak Katılım,Market Alışverişlerinize 800 TL ParafPara Hediye!,Puan Kampanyası,points_campaign,,800 puan · 800 TL ödül,,,,,,,800 TL,800 puan,7.500 TL,700 TL,,,2026-08-01,2026-08-31,,"Kampanyaya Nasıl Katılırım? Kampanyaya katılmak için “ MARKET ” yazıp 6026’ya SMS gönderilmesi gerekmektedir. Kampanya katılımının başarılı sayılabilmesi için banka sisteminde adınıza tanımlı telefon numarasından katılım sağlanmalıdır. Katılım SMS’i ücretsiz olup; kampanyaya katılabilmek için SMS’in Turkcell, Vodafone veya Türk Telekom operatörleri üzerinden ve yurt içinden gönderilmesi gerekmektedir. Kampanya Koşulları Kampanya 1-31 Ağustos 2026 tarihleri arasında geçerlidir. Kampanya kapsamında yurt içi gıda marketi, bakkal, kasap, manav ve şarküteride yurt içinde tek seferde yapılacak 7.500 TL ve üzeri her market harcamasına 350 TL, toplam 700 TL ParafPara verilecektir. Üstelik mobil/QR ile ödemelerinize öze",https://emlakkatilim.com.tr/tr/bireysel/kampanyalar/kampanya/market-alisverislerinize-800-tl-parafpara-hediye,2026-08-10T11:28:49+00:00,official_source_date_gated
504,Türkiye Emlak Katılım,Metatechtr’de Peşin Fiyatına 9 aya varan taksit ve 6.000 TL’ye varan ParafPara!,Puan Kampanyası,points_campaign,,9 taksit,,9 taksit,,,,,6.000 TL,6.000 puan,100.000 TL,6.000 TL,,,2026-08-01,2026-08-31,,"01-31 Ağustos 2026 tarihlerinde https://store.metatechtr.com sitesinde Paraf POS’undan tek seferde yapılacak ilk alışverişinize 25.000 - 44.999 TL arasında ise 1.500 TL; 45.000 - 99.999 TL arasında ise 3.000 TL; 100.000 TL ve üzeri alışverişinize ise 6.000 TL ParafPara verilecektir. İşlemlerin mutlaka kayıt olduktan sonra ve Paraf POS’larından gerçekleştirilmesi gerekmektedir. Kampanya katılım talebinin banka sistemine ulaşmasından sonraki işlemler dikkate alınmaktadır. Ödül kazanım SMS’le bildirilecektir. Kazanılan ParafPara’lar tüm Paraf üye işyerlerinde kullanılabilir. Kazanılan ParafPara’lar 18 Ekim 2026 saat 21:59’a kadar kullanılacak olup, kullanılmayan ParafPara’lar 19 Ekim 2026 tarihinde geri alınacaktı",https://emlakkatilim.com.tr/tr/bireysel/kampanyalar/kampanya/metatechtrde-pesin-fiyatina-9-aya-varan-taksit-ve-6000-tlye-varan-parafpara,2026-08-10T11:28:49+00:00,official_source_date_gated
505,Türkiye Emlak Katılım,"Mobilya, Dekorasyon ve Yapı Marketi Alışverişinize 1.250 TL'ye Varan ParafPara!",Puan Kampanyası,points_campaign,,1.250 puan · 1.250 TL ödül,,,,,,,1.250 TL,1.250 puan,,1.250 TL,15.000 TL,29.999 TL,2026-08-01,2026-08-31,,"Kampanyaya Nasıl Katılırım? Kampanyaya katılmak için “MOBILYA” yazıp 6026’ya SMS gönderilmesi gerekmektedir. Kampanya katılımının başarılı sayılabilmesi için banka sisteminde adınıza tanımlı telefon numarasından katılım sağlanmalıdır. Katılım SMS’i ücretsiz olup; kampanyaya katılabilmek için SMS’in Turkcell, Vodafone veya Türk Telekom operatörleri üzerinden ve yurt içinden gönderilmesi gerekmektedir. Kampanya Koşulları 1-31 Ağustos 2026 tarihlerinde yurt içi mobilya, dekorasyon ve yapı marketi sektörlerinde tek seferde yapılacak 15.000 TL ile 29.999 TL arasındaki ilk harcamaya 750 TL, 30.000 ile 74.999 TL arasındaki ilk harcamaya 1.250 TL ParafPara verilecektir. Kampanya müşteri bazlı olup bir müşteri kampanyad",https://emlakkatilim.com.tr/tr/bireysel/kampanyalar/kampanya/mobilya-dekorasyon-ve-yapi-marketi-alisverisinize-1250-tlye-varan-parafpara,2026-08-10T11:28:49+00:00,official_source_date_gated
508,Türkiye Emlak Katılım,Paraf ile ADV mağazalarında 1.000 TL ParafPara,Puan Kampanyası,points_campaign,,1.000 puan · 1.000 TL ödül,,,,,,,1.000 TL,1.000 puan,10.000 TL,1.000 TL,,,2026-08-01,2026-08-31,,"Kampanyaya Nasıl Katılırım? Kampanyaya katılmak için “ ADV ” yazıp 6026’ya SMS gönderilmesi gerekmektedir. Kampanya katılımının başarılı sayılabilmesi için banka sisteminde adınıza tanımlı telefon numarasından katılım sağlanmalıdır. Katılım SMS’i ücretsiz olup; kampanyaya katılabilmek için SMS’in Turkcell, Vodafone veya Türk Telekom operatörleri üzerinden ve yurt içinden gönderilmesi gerekmektedir. Kampanya Koşulları 01-31 Ağustos 2026 tarihleri arasında ADV mağazalarında Paraf POS’undan tek seferde yapılacak 10.000 TL ve üzeri ilk alışverişe 1.000 TL ParafPara verilecektir. Kampanya dönemi boyunca bir müşteri sadece bir kez 1.000 TL ParafPara kazanabilecektir. Ödül kazanımına ilişkin bilgi SMS ile bildirilecek",https://emlakkatilim.com.tr/tr/bireysel/kampanyalar/kampanya/paraf-ile-adv-magazalarinda-1000-tl-parafpara,2026-08-10T11:28:49+00:00,official_source_date_gated
517,Türkiye Emlak Katılım,Paraf ile DS Damat’ta 1.000 TL ParafPara!,Puan Kampanyası,points_campaign,,1.000 puan · 1.000 TL ödül,,,,,,,1.000 TL,1.000 puan,20.000 TL,1.000 TL,,,2026-08-01,2026-08-31,,"Kampanyaya Nasıl Katılırım? Kampanyaya katılmak için “ DS ” yazıp 6026’ya SMS gönderilmesi gerekmektedir. Kampanya katılımının başarılı sayılabilmesi için banka sisteminde adınıza tanımlı telefon numarasından katılım sağlanmalıdır. Katılım SMS’i ücretsiz olup; kampanyaya katılabilmek için SMS’in Turkcell, Vodafone veya Türk Telekom operatörleri üzerinden ve yurt içinden gönderilmesi gerekmektedir. Kampanya Koşulları 01-31 Ağustos 2026 tarihleri arasında DS Damat’ta Paraf POS’undan tek seferde yapılacak 20.000 TL ve üzeri ilk alışverişe 1.000 TL ParafPara verilecektir. Kampanya dönemi boyunca bir müşteri sadece bir kez 1.000 TL ParafPara kazanabilecektir. Ödül kazanımına ilişkin bilgi SMS ile bildirilecektir. Ka",https://emlakkatilim.com.tr/tr/bireysel/kampanyalar/kampanya/paraf-ile-ds-damatta-1000-tl-parafpara,2026-08-10T11:28:49+00:00,official_source_date_gated
513,Türkiye Emlak Katılım,Paraf ile Damat Tween’de 2.000 TL ParafPara!,Puan Kampanyası,points_campaign,,2.000 puan · 2.000 TL ödül,,,,,,,2.000 TL,2.000 puan,30.000 TL,2.000 TL,,,2026-08-01,2026-08-31,,"Kampanyaya Nasıl Katılırım? Kampanyaya katılmak için “ DAMAT ” yazıp 6026’ya SMS gönderilmesi gerekmektedir. Kampanya katılımının başarılı sayılabilmesi için banka sisteminde adınıza tanımlı telefon numarasından katılım sağlanmalıdır. Katılım SMS’i ücretsiz olup; kampanyaya katılabilmek için SMS’in Turkcell, Vodafone veya Türk Telekom operatörleri üzerinden ve yurt içinden gönderilmesi gerekmektedir. Kampanya Koşulları 01-31 Ağustos 2026 tarihleri arasında DAMAT TWEEN’de Paraf POS’undan tek seferde yapılacak 30.000 TL ve üzeri ilk alışverişe 2.000 TL ParafPara verilecektir. Kampanya dönemi boyunca bir müşteri sadece bir kez 2.000 TL ParafPara kazanabilecektir. Ödül kazanımına ilişkin bilgi SMS ile bildirilecekt",https://emlakkatilim.com.tr/tr/bireysel/kampanyalar/kampanya/paraf-ile-damat-tweende-2000-tl-parafpara,2026-08-10T11:28:49+00:00,official_source_date_gated
536,Türkiye Emlak Katılım,Paraf ile Seçili E-Ticaret Alışverişlerinize 1.500 TL'ye varan ParafPara!,Puan Kampanyası,points_campaign,,1.500 puan · 1.500 TL ödül,,,,,,,1.500 TL,1.500 puan,30.000 TL,1.500 TL,,,2026-08-01,2026-08-31,,"Kampanyaya Nasıl Katılırım? Kampanyaya katılmak için “ ALIŞVERİŞ ” yazıp 6026’ya SMS gönderilmesi gerekmektedir. Kampanya katılımının başarılı sayılabilmesi için banka sisteminde adınıza tanımlı telefon numarasından katılım sağlanmalıdır. Katılım SMS’i ücretsiz olup; kampanyaya katılabilmek için SMS’in Turkcell, Vodafone veya Türk Telekom operatörleri üzerinden ve yurt içinden gönderilmesi gerekmektedir. Kampanya Koşulları Paraf ile 1-31 Ağustos 2026 tarihleri arasında Amazon.com.tr, Çiçek Sepeti, Hepsiburada, İdefix, n11, Pazarama, PttAvm, Trendyol web siteleri ve mobil uygulamaları üzerinden Paraf POS’larından, tek seferde yapılacak 30.000 TL ve üzeri ilk taksitli harcamaya 1.500 TL ParafPara verilecektir. Ka",https://emlakkatilim.com.tr/tr/bireysel/kampanyalar/kampanya/paraf-ile-secili-e-ticaret-alisverislerinize-1500-tlye-varan-parafpara,2026-08-10T11:28:49+00:00,official_source_date_gated
537,Türkiye Emlak Katılım,Paraf ile Seçili E-Ticaret Alışverişlerinize 2.000 TL'ye varan ParafPara!,Puan Kampanyası,points_campaign,,2.000 puan,,,,,,,,2.000 puan,3.000 TL,2.000 TL,,,2026-08-01,2026-08-31,,"Kampanyaya Nasıl Katılırım? Kampanyaya katılmak için “KAZAN” yazıp 6026’ya SMS gönderilmesi gerekmektedir. Kampanya katılımının başarılı sayılabilmesi için banka sisteminde adınıza tanımlı telefon numarasından katılım sağlanmalıdır. Katılım SMS’i ücretsiz olup; kampanyaya katılabilmek için SMS’in Turkcell, Vodafone veya Türk Telekom operatörleri üzerinden ve yurt içinden gönderilmesi gerekmektedir. Kampanya Koşulları Paraf ile 1-31 Ağustos 2026 tarihleri arasında Amazon.com.tr, Çiçek Sepeti, Hepsiburada, İdefix, n11, Pazarama, PttAvm, Trendyol web siteleri ve mobil uygulamaları üzerinden Paraf POS’larından, tek seferde yapılacak her 3.000 TL ve üzeri harcamaya 200 TL, toplamda 2.000 TL ParafPara verilecektir. A",https://emlakkatilim.com.tr/tr/bireysel/kampanyalar/kampanya/paraf-ile-secili-e-ticaret-alisverislerinize-2000-tlye-varan-parafpara,2026-08-10T11:28:49+00:00,official_source_date_gated
552,Türkiye Emlak Katılım,Seyahat Alışverişlerinize 3.500 TL'ye varan ParafPara!,Puan Kampanyası,points_campaign,,3.500 puan · 3.500 TL ödül,,,,,,,3.500 TL,3.500 puan,,3.500 TL,,,2026-08-01,2026-08-31,,"Kampanyaya Nasıl Katılırım? Kampanyaya katılmak için “ TATIL ” yazıp 6026’ya SMS gönderilmesi gerekmektedir. Kampanya katılımının başarılı sayılabilmesi için banka sisteminde adınıza tanımlı telefon numarasından katılım sağlanmalıdır. Katılım SMS’i ücretsiz olup; kampanyaya katılabilmek için SMS’in Turkcell, Vodafone veya Türk Telekom operatörleri üzerinden ve yurt içinden gönderilmesi gerekmektedir. Kampanya Koşulları Kampanya 1-31 Ağustos 2026 tarihleri arasında geçerlidir. Yurt içi seyahat, konaklama ve araç kiralama sektörlerinde toplamda yapılacak 25.000 TL harcamanıza 750 TL, 75.000 TL'ye ulaşan harcamanıza 1.750 TL, 150.000 TL'ye ulaşan harcamanıza 3.500 TL ParafPara verilecektir. Kampanya müşteri bazlı",https://emlakkatilim.com.tr/tr/bireysel/kampanyalar/kampanya/seyahat-alisverislerinize-3500-tlye-varan-parafpara,2026-08-10T11:28:49+00:00,official_source_date_gated
555,Türkiye Emlak Katılım,Uçak Bileti Harcamalarınıza 2.000 TL ParafPara!,Puan Kampanyası,points_campaign,,2.000 puan,,,,,,,,2.000 puan,50.000 TL,,5.000 TL,19.999 TL,2026-08-01,2026-08-31,,"Kampanyaya Nasıl Katılırım? Kampanyaya katılmak için “ BILET ” yazıp 6026’ya SMS gönderilmesi gerekmektedir. Kampanya katılımının başarılı sayılabilmesi için banka sisteminde adınıza tanımlı telefon numarasından katılım sağlanmalıdır. Katılım SMS’i ücretsiz olup; kampanyaya katılabilmek için SMS’in Turkcell, Vodafone veya Türk Telekom operatörleri üzerinden ve yurt içinden gönderilmesi gerekmektedir. Kampanya Koşulları Kampanya 1-31 Ağustos 2026 tarihleri arasında geçerlidir. Hava yolu sektöründe tek seferde yapılacak 5.000 TL ile 19.999 TL arasındaki ilk harcamaya 400 TL, 20.000 TL ile 49.999 TL arasındaki ilk harcamaya 1.000 TL, 50.000 TL ve üzerindeki ilk harcamaya 2.000 TL ParafPara verilecektir. Kampanya m",https://emlakkatilim.com.tr/tr/bireysel/kampanyalar/kampanya/ucak-bileti-harcamalariniza-2000-tl-parafpara,2026-08-10T11:28:49+00:00,official_source_date_gated
497,Türkiye Emlak Katılım,Emlak Katılım Debit Kart ile İlk Harcamanızın Yarısı Nakit İade!,Yeni Müşteri Kampanyası,new_customer_campaign,,500 TL indirim / iade,"Bireysel Müşteriler,Yeni Müşteriler",,,,,500 TL indirim / iade,500 TL,,,500 TL,,,2026-08-01,2026-08-31,,"Emlak Katılım mobil uygulaması üzerinden görüntülü görüşme ile müşteri olanlar, ilk harcamalarının yarısı kadar, toplamda 500 TL’ye varan nakit iade kazanıyor. Kampanyaya Nasıl Katılırım? Kampanyaya katılım için kampanya dönemi boyunca Emlak Katılım mobil uygulaması üzerinden müşteri olunması gerekmektedir. Kampanya Koşulları 01 Ağustos – 31 Ağustos 2026 tarihleri arasında yeni müşteri olanlar, müşteri oldukları ay ve takip eden ayın sonuna kadar gerçekleştirecekleri ilk harcamanın yarısı kadar toplamda 500 TL’ye varan nakit iade kazanacaktır. Kampanyaya katılım için kampanya dönemi boyunca Emlak Katılım Mobil uygulaması üzerinden görüntülü görüşme ile müşteri olunması gerekmektedir. Kampanya, ilk defa Emlak Ka",https://emlakkatilim.com.tr/tr/bireysel/kampanyalar/kampanya/emlak-katilim-debit-kart-ile-ilk-harcamanizin-yarisi-nakit-iade,2026-08-10T11:28:49+00:00,official_source_date_gated
494,Türkiye Emlak Katılım,Biletinial’da %20 indirim!,İndirim Kampanyası,discount_campaign,,%20 indirim / iade,Kart Sahipleri,,,,,%20 indirim / iade,,,,,,,,2026-12-31,,"Emlak Katılım Paraf ve Emlak Katılım Debit ile Biletinial Etkinliklerinde %20 İndirim! Kampanyaya Nasıl Katılırım? Banka iş birliği sayfamız üzerinden gerçekleştirilecek etkinlik bilet alımı işlemlerinde %20 indirim fırsatı sunulmaktadır. Kampanyadan yararlanmak için sepetteki kod alanına emlak20 kupon kodu girilmelidir. Kampanya Koşulları Kampanya, 31.12.2026 tarihine kadar alınacak etkinlik biletlerinde geçerlidir. Kampanyadan Emlak Katılım Paraf, Emlak Katılım Paraf Premium ve Emlak Katılım Debit kart sahipleri yararlanabilir. Kupon kodu, tüm kategorilerde sepette "" %20 "" indirim sağlar. Her bir kupon kodu yalnızca tek seferde kullanım için geçerlidir. Sepete maksimum 9 adet bilet eklenebilir. İndirim kodunu",https://emlakkatilim.com.tr/tr/bireysel/kampanyalar/kampanya/biletinialda-20-indirim,2026-08-10T11:28:49+00:00,official_source_date_gated
496,Türkiye Emlak Katılım,Emekli Musterilerimize Özel Ayricaliklar,İndirim Kampanyası,discount_campaign,,%25 indirim / iade,,,,,,%25 indirim / iade,,5 puan,,,,,,,,"Emekli Müşterilerimize Özel Ayrıcalıklar Emekli müşterilerimize destek olmak amacıyla, para transferi, kiralık kasa, katılma hesabı ve finansman işlemlerinde emekliliklerimizin Bankamızdan ihtiyaç duydukları bankacılık işlemlerinde özel ayrıcalıklar sunulmaktadır. Kampanyanın Avantajları: İndirimli Kiralık Kasa: Kiralık kasa hizmetimizde komisyon fiyatlarımızdan %25 indirimli olarak kiralık kasa kullanabileceklerdir. Yüksek Kâr Paylaşım Oranı: Tüm Türk Lirası katılım hesaplarında 98/2 kar paylaşım oranı ile birikimlerini yüksek kâr paylaşım oranları ile değerlendirebileceklerdir. İndirimli Finansman Kar Oranı: Tüm bireysel finansman taleplerinde liste fiyatlarımızdan 5 puan indirim ile finansman kullanabilecekl",https://emlakkatilim.com.tr/tr/bireysel/kampanyalar/kampanya/emekli-musterilerimize-ozel-ayricaliklar,2026-08-10T11:28:49+00:00,official_source_date_gated
498,Türkiye Emlak Katılım,Enterprise Araç Kiralamalarında %35 İndirim Fırsatı!,İndirim Kampanyası,discount_campaign,,%35 indirim / iade,Kart Sahipleri,,,,,%35 indirim / iade,,,,,,,,2026-12-31,,"Kampanyaya Nasıl Katılırım? Kampanyaya web sitesi banka iş birliğimiz sayfası üzerinden yapılacak araç kiralama işlemlerinde, ödeme aşamasında Emlak Katılım kartınız ile işlem yaparak anında indirimden faydalanabilirsiniz. İndirim, ödeme aşamasında kart doğrulaması ile otomatik olarak uygulanacaktır. Herhangi bir üyelik veya ek kayıt işlemi gerekmemektedir. Kampanya Koşulları Liste fiyatı üzerinden %35 indirim kampanyası 31.12.2026 tarihine kadar Türkiye’deki tüm Enterprise ofislerinde online kiralamalarda geçerlidir. Kampanya, web sitesi banka iş birliğimiz sayfası üzerinden yapılan kiralamalarda geçerlidir. Kampanya koşulları ve indirim oranları rezervasyon ekranında görüntülenecektir. Ödeme yapılacak kartın",https://emlakkatilim.com.tr/tr/bireysel/kampanyalar/kampanya/enterprise-arac-kiralamalarinda-35-indirim-firsati,2026-08-10T11:28:49+00:00,official_source_date_gated
500,Türkiye Emlak Katılım,Hızlı Çiçek’te Tüm İndirimlere Ek %20 İndirim Fırsatı!,İndirim Kampanyası,discount_campaign,,%20 indirim / iade,Kart Sahipleri,,,,,%20 indirim / iade,,,,,,,,2026-12-31,,"Kampanyaya Nasıl Katılırım? Kampanyaya katılmak için sepetinizde EKB20 kodunu kupon kodu alanına girin. Ödemenizi Emlak Katılım Paraf, Emlak Katılım Paraf Premium veya Emlak Katılım Debit kartınızla tamamlayın. Kampanya Koşulları İndirim Hızlı Çiçek internet sitesi ve mobil uygulamasından yapılacak yapılacak alışverişlerde geçerlidir. İndirim oranı tüm indirimlere ek %20’dir. İndirim EKB20 kupon koduyla aktifleşecek olup, alışveriş yaparken sepet aşamasında 'kod kullan' alanına yapıştırılmalıdır. Kampanya 31.12.2026 tarihine kadar geçerlidir. Kampanyadan Emlak Katılım Paraf, Emlak Katılım Paraf Premium ve Emlak Katılım Debit kart sahipleri yararlanabilir. Türkiye Emlak Katılım Bankası A.Ş. kampanyayı dilediği z",https://emlakkatilim.com.tr/tr/bireysel/kampanyalar/kampanya/hizli-cicekte-tum-indirimlere-ek-20-indirim-firsati,2026-08-10T11:28:49+00:00,official_source_date_gated
501,Türkiye Emlak Katılım,Marina Mayo’da Tüm Ürünlerde %15 İndirim!,İndirim Kampanyası,discount_campaign,,%15 indirim / iade,Kart Sahipleri,,,,,%15 indirim / iade,,,,,,,,2026-12-31,,"Kampanyaya Nasıl Katılırım? Marinatr.com web sitesinde sepet sayfasında emlak15 kupon kodu ile indirimden faydalanabilirsiniz. Marina mağazalarında Emlak Katılım kartınızı ibraz ederek indirimden yararlanabilirsiniz. Kampanya Koşulları Kampanya, 31.12.2026 tarihine kadar geçerlidir. Kampanyadan Emlak Katılım Paraf, Emlak Katılım Paraf Premium ve Emlak Katılım Debit kart sahipleri yararlanabilir. Kampanya Marinatr.com web sitesinde ve marina mağazalarında yapılan alışverişlerde geçerlidir. İndirim kodu tek seferliktir, her müşteri kampanyadan yalnızca bir kere faydalanabilecektir. İptal/iade sonrasında kampanya koşulları sağlanmaması durumunda indirim tutarı iadesi yapılmaz veya yeniden kullanım hakkı verilemez.",https://emlakkatilim.com.tr/tr/bireysel/kampanyalar/kampanya/marina-mayoda-tum-urunlerde-15-indirim,2026-08-10T11:28:49+00:00,official_source_date_gated
506,Türkiye Emlak Katılım,Modanisa’da Tüm İndirimlere Ek %15 İndirim Fırsatı!,İndirim Kampanyası,discount_campaign,,%15 indirim / iade,Kart Sahipleri,,,,,%15 indirim / iade,,,1.500 TL,,,,,2026-12-31,,"Kampanyaya Nasıl Katılırım? İndirimden yararlanabilmek için sepette indirim kodu kutucuğunda ""Farklı Bir Kuponum Var"" seçilerek “ EKB15 ” kampanya kodunun ilgili alana girilmesi gerekmektedir. İndirim, ödeme aşamasında kart doğrulaması ile otomatik olarak uygulanacaktır. Herhangi bir üyelik veya ek kayıt işlemi gerekmemektedir. Kampanya Koşulları Kampanyadan faydalanmak için modanisa.com'a üye olunması gerekmektedir. İndirim, Modanisa mobil uygulamasından ve modanisa.com 'dan yapılacak alışverişlerde geçerlidir. İndirim tüm ürünlerde geçerlidir. Modanisa 'daki indirimlere ek olarak faydalanılabilir. 1.500 TL ve üzeri alışverişlerinizde liste fiyatları üzerinden %15 indirim sağlanır. Kampanyadan Emlak Katılım Pa",https://emlakkatilim.com.tr/tr/bireysel/kampanyalar/kampanya/modanisada-tum-indirimlere-ek-15-indirim-firsati,2026-08-10T11:28:49+00:00,official_source_date_gated
522,Türkiye Emlak Katılım,Paraf ile İder Mobilya’da 7 Taksite %15 İndirim Fırsatı!,İndirim Kampanyası,discount_campaign,,%15 indirim / iade · 7 taksit,,7 taksit,,,,%15 indirim / iade,,,,,,,,,,"Paraf ile İder Mobilya mağazalarında Paraf POS’larından yapacağınız alışverişlerde 7 taksit imkanı sunulacak ve %15 indirim uygulanacaktır. Kampanya kapsamıdan %15 indirim sadece 7 taksit ve 6 taksit için sağlanacaktır. %15 indirim satış anında mağazada uygulanacak olup, indirimli fiyat üzerinden satış yapılacaktır. Kredi kartı ekstresinde indirim yer almayacaktır. Mağazalardan yapılacak alışverişlere sistem tarafından artı taksit uygulanmayacaktır. Yapmak istediğiniz taksit sayısını satış görevlisine bildirmeniz gerekmektedir. İder Mobilya Franchise mağazalarında taksit sayısı ve indirim oranı farklılık gösterebilir. Kampanyadan Emlak Katılım Paraf ve Emlak Katılım Paraf Premium kartlar faydalanabilecektir. Sa",https://emlakkatilim.com.tr/tr/bireysel/kampanyalar/kampanya/paraf-ile-ider-mobilyada-7-taksite-15-indirim-firsati,2026-08-10T11:28:49+00:00,official_source_date_gated
549,Türkiye Emlak Katılım,"Paraf'a Özel Yolcu360'ta Yurt İçi Araç Kiralamalarına Net %10 İndirim, Üstelik Peşin Fiyatına 3 Taksit",İndirim Kampanyası,discount_campaign,,%10 indirim / iade · 3 taksit,"Bireysel Âlâ Kart Sahipleri,Bireysel Müşteriler",3 taksit,,,,%10 indirim / iade,,,,,,,,2026-08-31,,"31 Ağustos 2026 tarihine kadar, Paraf kredi kartlarına özel yurt içi araç kiralamalarında net 10% indirim, üstelik peşin fiyatına 3 taksit fırsatı. Kampanyaya katılmak için PARAF360 kodunu, yolcu360.com internet sitesi veya Yolcu360 mobil uygulaması “Paraf'lılara Özel Fırsatlar” sayfası içinde açılan ekrana girerek indirimli fiyatı listeleyebilir ve kiralama işlemini gerçekleştirebilirsiniz. Kampanya sadece yurt içi araç kiralamalarında geçerli olup araç kiralama dışında yapılan harcamalar (depozito, sigorta, muadil araç, drop, farklı yerde bırakma ücreti vs.) kampanyaya dahil değildir. İndirim 1-29 günlük kiralamalarda geçerlidir. Aylık ve uzun dönem kiralamalarda geçerli değildir. İndirim, günlük net araç kir",https://emlakkatilim.com.tr/tr/bireysel/kampanyalar/kampanya/parafa-ozel-yolcu360ta-yurt-ici-arac-kiralamalarina-net-10-indirim-ustelik-pesin-fiyatina-3-taksit,2026-08-10T11:28:49+00:00,official_source_date_gated
550,Türkiye Emlak Katılım,Pazarama’da Ayın İlk Haftası TROY Haftası!,İndirim Kampanyası,discount_campaign,,200 TL indirim / iade,,,,,,200 TL indirim / iade,,,1.000 TL,1.000 TL,,,2026-07-01,2026-09-07,,"TROY logolu Emlak Katılım Debit, Emlak Katılım Paraf ve Emlak Katılım Paraf Premium ile Pazarama’da tek seferde 1.000 TL ve üzeri alışverişe 200 TL indirim! Kampanyaya Nasıl Katılırım? TROY indirim kodu, Pazarama internet sitesi veya mobil uygulamasında sipariş aşaması tamamlanmadan önce sepette ""Kupon Kodu /Uygula"" butonuna tıklanarak seçilmelidir. 2 00 TL indirime hak kazanmak için; kargo bedeli hariç sepet tutarı tek seferde 1.000 TL ve üzeri olmalıdır. Kampanya Koşulları Kampanya 1 Temmuz 2026 saat 09.00 – 7 Temmuz 2026 saat 23.59,1 Ağustos 2026 saat 09.00 – 7 Ağustos 2026 23.59 ve 1 Eylül 2026 saat 09.00 – 7 Eylül 2026 23.59 arasında geçerlidir. Kampanya döneminde TROY logolu Emlak Katılım Debit, Emlak Kat",https://emlakkatilim.com.tr/tr/bireysel/kampanyalar/kampanya/pazaramada-ayin-ilk-haftasi-troy-haftasi,2026-08-10T11:28:49+00:00,official_source_date_gated
551,Türkiye Emlak Katılım,RentGo'da %40 İndirim Fırsatı!,İndirim Kampanyası,discount_campaign,,%40 indirim / iade,Kart Sahipleri,,,,,%40 indirim / iade,,,,,,,,2026-12-31,,"Kampanyaya Nasıl Katılırım? Kampanyalı fiyatlar, günlük araç kiralama ofiste öde-liste fiyatları üzerinden %40 indirim uygulanacaktır. Araç teslimi sırasında Emlak Katılım kartının ofislerimize ibraz edilmesi gereklidir. Kampanya Koşulları Kampanya, 31.12.2026 tarihine kadar yapılacak harcamalarda ve 31.01.2027 teslim tarihli araç kiralamalarda geçerlidir. Kampanyadan Emlak Katılım Paraf, Emlak Katılım Paraf Premium ve Emlak Katılım Debit kart sahipleri yararlanabilir. com web sitesinde Emlak Katılım kart sahiplerine özel %40 oranında ek indirim sunulacaktır. Kampanya rentgo.com web sitesinden, mobil uygulamasından ve fiziki mağazalarında yapılan alışverişlerde geçerlidir. Kampanyalı fiyatlar, günlük araç kiral",https://emlakkatilim.com.tr/tr/bireysel/kampanyalar/kampanya/rentgoda-40-indirim-firsati,2026-08-10T11:28:49+00:00,official_source_date_gated
554,Türkiye Emlak Katılım,TROY ile idefix’te 3.000 TL İndirim Fırsatı!,İndirim Kampanyası,discount_campaign,,3.000 TL indirim / iade,,,,,,3.000 TL indirim / iade,,,1.000 TL,3.000 TL,,,2026-08-01,2026-08-31,,"TROY Logolu Emlak Katılım Paraf ve Emlak Katılım Debit Kart ile idefix’te 3.000 TL’ye Varan Anında İndirim Fırsatı! Kampayaya Nasıl Katılırım? TROY indirim kodu, idefix internet sitesi veya mobil uygulamasında sipariş aşaması tamamlanmadan önce sepette ""İndirim Kodu/Uygula"" butonuna tıklanarak seçilmelidir. 200 TL indirime hak kazanmak için; kargo bedeli hariç sepet tutarı tek seferde 1.000 TL ve üzeri olmalıdır. Kampanya Koşulları Kampanya, 10 Haziran 2026 saat 00.01 – 31 Ağustos 2026 saat 23.59 tarihleri arasında geçerlidir. Kampanya döneminde, TROY logolu kart ile idefix’te tek seferde yapılacak her 1.000 TL ve üzeri alışverişlerde işlem başına 200 TL indirim kuponu kullanılabilir. 200 TL indirim, şartları s",https://emlakkatilim.com.tr/tr/bireysel/kampanyalar/kampanya/troy-ile-idefixte-3000-tl-indirim-firsati,2026-08-10T11:28:49+00:00,official_source_date_gated
245,Türkiye Finans,1.400+ Lounge Noktasında Ücretsiz Konforun Tadını Çıkarın!,Diğer Kampanya,other_campaign,,Müşterimiz Olun Anında Şifre Mobil Uygulama 0850 393 22 44 Toplama Resmi 1.400+ Lounge Noktasında Ücretsiz Konforun Tadını Çıkarın!,Kart Sahipleri,,,,,,,,20.000 TL,,1.500.000 TL,5.000.000 TL,,,,"Müşterimiz Olun Anında Şifre Mobil Uygulama 0850 393 22 44 Toplama Resmi 1.400+ Lounge Noktasında Ücretsiz Konforun Tadını Çıkarın! Sayfa İçeriği Âlâ Kartınızı kullanarak anlaşmalı havalimanlarında bulunan 1.400’den fazla lounge noktasından ücretsiz olarak yararlanabilir, uçuşunuzu beklerken size özel konforun keyfini çıkarabilirsiniz. Ücretsiz LoungeKey Ayrıcalığından Nasıl Yararlanırım? MasterCard/LoungeKey işbirliği kapsamında ücretsiz lounge hizmeti ayrıcalığından yararlanabilmek için bir önceki aya ait Âlâ Kart ekstre tutarınızın 20.000 TL ve üzerinde olması gerekmektedir. Âlâ müşterileri aynı yıl içerisinde toplam 6, Âlâ Private müşterileri aynı yıl içerisinde toplam 12 kere ücretsiz lounge giriş hakkına",https://turkiyefinansala.com/tr-tr/kampanyalar/Sayfalar/ucretsiz-lounge-hizmeti.aspx,2026-08-04T11:50:09+00:00,official_source_date_gated
240,Türkiye Finans,Asistanlık Hizmetleri,Diğer Kampanya,other_campaign,,Âlâ Kart Asistanlık Hizmetlerine Nasıl Ulaşırım?,Âlâ Kart Sahipleri,,,,,,,,,,,,,,,"Müşterimiz Olun Anında Şifre Mobil Uygulama 0850 393 22 44 Toplama Resmi Asistanlık Hizmetleri Sayfa İçeriği Âlâ Kart yaşamınızın her anında size destek olacak Asistanlık hizmetleri sunuyor. Günlük yaşamınızı kolaylaştıracak ayrıcalıklar ve acil durumlarda ihtiyaç duyacağınız çözümler Âlâ Kart çatısı altında buluşuyor. Yol yardımından organizasyon hizmetlerine, konut yardımından rezervasyon taleplerinize kadar ihtiyaç duyduğunuz her konuda bizi arayabilirsiniz. Âlâ Kart Asistanlık Hizmetlerine Nasıl Ulaşırım? Asistanlık hizmeti almak için Âlâ Bankacılık müşterilerine özel 0850 393 22 44 numaralı Müşteri İletişim Merkezimizi arayabilirsiniz. Yol Yardımı Hizmetler Açıklama Limit Çekici Yanma, kaza, benzin bitmesi",https://turkiyefinansala.com/tr-tr/kampanyalar/Sayfalar/asistanlik-hizmetleri-2026.aspx,2026-08-04T11:50:09+00:00,official_source_date_gated
210,Türkiye Finans,Emeklinin Bankası: Emekli Promosyon Fırsatı,Diğer Kampanya,other_campaign,,5.000 TL ödül,"Kart Sahipleri,Emekliler",,,,,,5.000 TL ödül,,5.000 TL,32.000 TL,10.000 TL,14.999 TL,,,,"Dijital Bankacılık Kampanyaları Kredi Kartı Kampanyaları Maaş Ödemesi Kampanyaları Yatırım Kampanyaları Birikim / Fon Kampanyaları Sigorta Kampanyaları Finansman Kampanyaları Ticari Kampanyalar Diğer Kampanyalar Biten Kampanyalar Başvuru Merkezi Hesaplama Araçları Satılık Gayrimenkuller Sayfa Görüntüsü Sayfa İçeriği Emeklilere 32.000TL’ye Varan Nakit Promosyon, Bonus ve Ödül Türkiye Finans’ta! Maaşınızı Türkiye Finans’a taşıyarak, 27.000 TL’ye varan nakit promosyon ve bonus ile birlikte Türkiye Finans’a davet ettiğiniz emekli yakınlarınız için 5.000 TL’ye varan nakit ödül fırsatından yararlanabilirsiniz. Müşterimiz iseniz emekli maaş taşıma işleminizi Türkiye Finans Mobil , İnternet Şube ‘’Başvurular’’ başlığın",https://turkiyefinans.com.tr/tr-tr/kampanyalar/Sayfalar/emeklilere-nakit-promosyon.aspx,2026-08-04T11:50:09+00:00,official_source_date_gated
212,Türkiye Finans,Günlük Hesap’la İhtiyaç Anında Vadeni Bozma!,Diğer Kampanya,other_campaign,,Kampanyadan Kimler Yararlanabilir?,"Bireysel Müşteriler,Yeni Müşteriler",,,,,,,,,,,,,,,"Dijital Bankacılık Kampanyaları Kredi Kartı Kampanyaları Maaş Ödemesi Kampanyaları Yatırım Kampanyaları Birikim / Fon Kampanyaları Sigorta Kampanyaları Finansman Kampanyaları Ticari Kampanyalar Diğer Kampanyalar Biten Kampanyalar Başvuru Merkezi Hesaplama Araçları Satılık Gayrimenkuller Sayfa Görüntüsü Sayfa İçeriği Günlük Hesap ile birikimlerinizi avantajlı getiri oranları ile değerlen dirin! Üstelik Günlük Hesap’ta acil ihtiyaçlarınızda paranızı çekseniz bile vadeniz bozulmaz! Siz de Mobil’den Türkiye Finanslı olun, size özel “Hoş Geldin” avantajını kaçırmayın! Hem Günlük Hesap’ın sunduğu avantajlı getiri oranlarından yararlanın hem de temel bankacılık hizmetlerine masraf ödemeyin. Günlük Hesap Nedir? Günlük",https://turkiyefinans.com.tr/tr-tr/kampanyalar/Sayfalar/gunluk-hesap-vade-kampanyasi.aspx,2026-08-04T11:50:09+00:00,official_source_date_gated
236,Türkiye Finans,Sağlık Meslek Paketi Avantajlarından Âlâ Bankacılık Ayrıcalığı İle Yararlanın!,Diğer Kampanya,other_campaign,,%50 indirim/iade,Sağlık Meslek Mensupları,,,,,%50,,,,,,,,,,"Müşterimiz Olun Anında Şifre Mobil Uygulama 0850 393 22 44 Toplama Resmi Sağlık Meslek Paketi Avantajlarından Âlâ Bankacılık Ayrıcalığı İle Yararlanın! Sayfa İçeriği Doktor, diş hekimi, hemşire ve eczacı meslek grupları için oluşturduğumuz Âlâ Sağlık Meslek Paketi ile hem ayrıcalıklı Âlâ Bankacılık dünyasının hem de Türkiye Finanslı olmanın avantajlarından yararlanın. Âlâ Sağlık Meslek Paketi Nedir? Sağlık Meslek Paketi; doktor, diş hekimi, hemşire ve eczacı meslek gruplarının Türkiye Finans’ın sunduğu avantajlı bankacılık hizmetlerinden yararlanmalarını, birikimlerini avantajlı koşullarda değerlendirmelerini sağlarken Âlâ bankacılık dünyasının ayrıcalıklarından ve kampanyalarından da yararlanmalarını sağlayan",https://turkiyefinansala.com/tr-tr/kampanyalar/Sayfalar/ala-saglik-meslek-paketi-2026.aspx,2026-08-04T11:50:09+00:00,official_source_date_gated
221,Türkiye Finans,Yeni Yatırım Hesabınıza Sıfır Komisyon Oranı,Diğer Kampanya,other_campaign,,Kampanyadan Kimler Yararlanabilir?,Yeni Yatırım Hesabı Açan Müşteriler,,,,,,,,,,,,2026-08-01,2026-10-31,,"Dijital Bankacılık Kampanyaları Kredi Kartı Kampanyaları Maaş Ödemesi Kampanyaları Yatırım Kampanyaları Birikim / Fon Kampanyaları Sigorta Kampanyaları Finansman Kampanyaları Ticari Kampanyalar Diğer Kampanyalar Biten Kampanyalar Başvuru Merkezi Hesaplama Araçları Satılık Gayrimenkuller Sayfa Görüntüsü Sayfa İçeriği Birikimlerinizi geleceğe taşımak için yatırım hesabınızı şimdi açın, yurt içi hisse senedi işlemlerinizde sıfır komisyon oranından yararlanın. Daha güçlü bir finansal gelecek için şimdi yatırım yapmanın tam zamanı. Yatırım hesabınızı Türkiye Finans Mobil ya da İnternet Şube üzerinden şimdi açın, yurt içi hisse senedi alım-satım işlemlerinizi üç ay boyunca binde 2 yerine sıfır komisyon oranı ile gerç",https://turkiyefinans.com.tr/tr-tr/kampanyalar/Sayfalar/yeni-yatirim-hesabiniza-sifir-komisyon.aspx,2026-08-04T11:50:09+00:00,official_source_date_gated
226,Türkiye Finans,Âlâ ve Âlâ Private Müşterilerine Özel Ücretsiz Fast Track Ayrıcalığı!,Diğer Kampanya,other_campaign,,Müşterimiz Olun Anında Şifre Mobil Uygulama 0850 393 22 44 Toplama Resmi Âlâ ve Âlâ Private Müşterilerine Özel Ücretsiz Fast Track Ayrıcalığı!,Kart Sahipleri,,,,,,,,20.000 TL,,1.500.000 TL,5.000.000 TL,,,,"Müşterimiz Olun Anında Şifre Mobil Uygulama 0850 393 22 44 Toplama Resmi Âlâ ve Âlâ Private Müşterilerine Özel Ücretsiz Fast Track Ayrıcalığı! Sayfa İçeriği Âlâ Kartınızı kullanarak anlaşmalı havalimanlarında bulunan hızlı geçiş noktalarından ücretsiz olarak ve sıra beklemeden hızlıca geçebilir, seyahat deneyiminizi daha konforlu hale getirebilirsiniz. Ücretsiz Fast Track Ayrıcalığından Nasıl Yararlanırım? Fast Track ayrıcalığından yararlanmak için bir önceki aya ait Âlâ Kart ekstre tutarınızın 20.000 TL ve üzerinde olması gerekmektedir. Âlâ müşterileri aynı yıl içerisinde toplam 6, Âlâ Private müşterileri aynı yıl içerisinde toplam 12 kere ücretsiz Fast Track öncelikli geçiş hakkına sahiptir. Ücretsiz Fast Tra",https://turkiyefinansala.com/tr-tr/kampanyalar/Sayfalar/ala-fast-track-kampanyasi.aspx,2026-08-04T11:50:09+00:00,official_source_date_gated
222,Türkiye Finans,Aksa Doğalgaz ve 4 farklı otomatik fatura talimatıyla 500 TL Bonus ve 3 taksit fırsatı!,Kart / Taksit Kampanyası,card_campaign,,3 taksit,Kart Sahipleri,3 taksit,,,,,500 TL,,,500 TL,1.000 TL,10.000 TL,,,,"Müşterimiz Olun Anında Şifre Mobil Uygulama 0850 393 22 44 Toplama Resmi Aksa Doğalgaz ve 4 farklı otomatik fatura talimatıyla 500 TL Bonus ve 3 taksit fırsatı! Sayfa İçeriği Kampanyadan Nasıl Yararlanırım? Kampanyaya katılmak için Mobil Şube üzerinden “Kampanyaya Katıl” butonuna tıklamanız ve kampanya koşullarını sağlamanız yeterlidir. Kampanya Detayı: Ala Kart sahipleri, Aksa Doğalgaz otomatik fatura talimatına 100 TL, devamında 4 farklı talimatla toplam 500 TL’ye varan Bonus kazanabiliyor! 1.000 TL ve 10.000 TL arası fatura ödemelerinde kâr paysız 3 taksit fırsatı da sizleri bekliyor. Kampanya koşulları: Kampanya ay bazlı takip edilecektir. Otomatik ödeme talimatı Ödemeler /Fatura İşlemleri/Otomatik Ödeme Ta",https://turkiyefinansala.com/tr-tr/kampanyalar/Sayfalar/ala-aksa-nisan-2026.aspx,2026-08-04T11:50:09+00:00,official_source_date_gated
211,Türkiye Finans,"Faturaları Unutun, 4.000 TL'ye Varan Bonus Kazanın!",Kart / Taksit Kampanyası,card_campaign,,4.000 TL ödül,Kart Sahipleri,,,,,,4.000 TL,,1.000 TL,4.000 TL,,,,,,Dijital Bankacılık Kampanyaları Kredi Kartı Kampanyaları Maaş Ödemesi Kampanyaları Yatırım Kampanyaları Birikim / Fon Kampanyaları Sigorta Kampanyaları Finansman Kampanyaları Ticari Kampanyalar Diğer Kampanyalar Biten Kampanyalar Başvuru Merkezi Hesaplama Araçları Satılık Gayrimenkuller Sayfa Görüntüsü Sayfa İçeriği Mobilden Türkiye Finanslı olmanın avantajları saymakla bitmiyor. Şimdi mobilden Happy Bonus Kart başvuru su yapan ve otomatik fatura ödeme talimatı veren müşterilerimiz 4.000 TL’ye varan bonus kazanıyor. 4.000 TL Bonus Kazandıran Kampanya Nedir? Mobilden Türkiye Fina nslı olan müşterilerimizin bankamızın Otomatik Fatura Ödeme Talimatı ve Happy Bonus kredi kartı avantajlarından yararlanırken toplam 4,https://turkiyefinans.com.tr/tr-tr/kampanyalar/Sayfalar/fatura-2300tl-bonus.aspx,2026-08-04T11:50:09+00:00,official_source_date_gated
201,Türkiye Finans,Faturanıza 3 Aya Kadar Kâr Paysız Taksit!,Kart / Taksit Kampanyası,card_campaign,,3 taksit,Happy Kart Kullanıcıları,3 taksit,,,,,,,,,1.000 TL,10.000 TL,,,,"Kampanya ayın ilk ve son günleri arasında geçerlidir. Yalnızca 1.000 TL – 10.000 TL arasındaki faturalar kâr paysız 3 ay taksitlendirilebilecektir. Harcamalar otomatik olarak taksite bölünmeyecektir. Her müşteri harcamasını kampanya koşullarında belirtilen kanallardan biri aracılığı ile kendisi bölmelidir. Doğalgaz, Elektrik,Su ,İnternet faturaları taksitlendirilebilir. Telefon faturaları sonradan taksitlendirme yapılmamaktadır. Taksitlendirme işlemi ödeme yapıldıktan sonra Mobil/İnternet Şube üzerinden ya da 0850 222 2244 numaralı Çağrı Merkezimiz aracılığı ile yapılmalıdır. Taksitlendirme işlemini Mobil/İnternet Şubemiz aracılığıyla gerçekleştirmek isteyen müşterilerimiz Mobil/İnternet Şubesine giriş yaptıkta",https://happycard.com.tr/kampanyalar/Sayfalar/fatura.aspx,2026-08-04T11:50:09+00:00,official_source_date_gated
206,Türkiye Finans,Happy Kredi Kartı ile 2.500 TL Bonus kazanın!,Kart / Taksit Kampanyası,card_campaign,,2.500 TL ödül,Kart Sahipleri,,,,,,2.500 TL,,5.000 TL,5.000 TL,,,,,,"Şimdi Kredi kartına başvurun, hemen kullanmaya başlayın, ay sonuna kadar toplam 5.000 TL ve üzeri harcama yaparak 2.500 TL'ye varan Bonus fırsatını yakalayın! Kampanya her ayın ilk ve son günleri arasında geçerlidir. Kampanya bankamızda kredi kartı olmayan ve yeni kredi kartı başvurusu yapacak müşterilere özeldir. Mevcut kredi kartı iptal edilerek yapılacak olan başvurular kapsam dışındadır. Mevcut kredi kartına ilave olarak yapılan yeni kart başvuruları kapsam dışındadır. Bonus kampanyayı takip eden ayın 8'sinde kartlara yüklenecektir. Happy Kartların bonusların kullanım süresi 15 gündür. Kullanılmayan puanlar ayın 23'ünde geri alınacaktır. POS üzerinden fiziki veya temassız/QR ile yapılan harcamalar ile inter",https://happycard.com.tr/kampanyalar/Sayfalar/yenikart.aspx,2026-08-04T11:50:09+00:00,official_source_date_gated
199,Türkiye Finans,Okul Ödemelerinize Kâr Paysız Taksit!,Kart / Taksit Kampanyası,card_campaign,,2 taksit,Happy Kart Kullanıcıları,2 taksit,,,,,,,,,250.000 TL,500.000 TL,,,,"Happy Bonus Kredi Kartı yapacağınız 1.000 TL – 250.000 TL tutar aralığındaki okul ödemeni z kâr paysız 3 ay, 250.000 TL ile 500.000 TL arasındaki ödemeler kâr paysız 2 aya kadar taksitlendirilebilecektir. Kampanya ayın ilk ve son günleri arasında geçerlidir. Yalnızca ile 1.000 TL – 250.000 TL tutar aralığındaki harcamalar kâr paysız 3 ay, 250.000 TL ile 500.000 TL arasındaki ödemeler 2 taksite bölünebilir. Harcamalar otomatik olarak taksite bölünmeyecektir. Her müşteri harcamasını kampanya koşullarında belirtilen kanallardan biri aracılığı ile kendisi bölmelidir. Taksitlendirme işlemi ödeme yapıldıktan sonra Mobil/İnternet Şube üzerinden ya da 0850 222 2244 numaralı Çağrı Merkezimiz aracılığı ile yapılmalıdır.",https://happycard.com.tr/kampanyalar/Sayfalar/Happy-Bonus-ile-Okul-Odemelerinize-7-Aya-Kadar-Kar-Paysiz-Taksit.aspx,2026-08-04T11:50:09+00:00,official_source_date_gated
202,Türkiye Finans,Otomatik Ödeme Talimatınıza 500 TL'ye Varan Bonus!,Kart / Taksit Kampanyası,card_campaign,,500 TL ödül,Kart Sahipleri,,,,,,500 TL,,,500 TL,,,,,,"Kampanya ayın ilk ve son günleri arasında geçerlidir. Happy Bonus kartınızdan her fatura için 100 TL toplam 500 TL Bonus kazanılacaktır. Her müşteri kampanyadan sadece 1 kez yararlanabilir. Otomatik fatura ödeme Kampanyadan Bonus kazanılabilmesi için; talimatın tanımlandığı ayı takip eden ay içinde faturaların otomatik olarak ödenmesi gerekir. Hak edilen Bonus'lar ödeme yapıldıktan sonraki ayın 15'inde kredi kartına yüklenir. Bonusların kullanım süresi, yüklendiği tarihten sonraki 15 gündür. Kullanılmayan bonuslar son kullanım tarihinin ertesi günü silinir. Bireysel Happy Kart Silver, Happy Kart Gold, Happy Kart Platinum ve Happy Zero kart kampanyaya dahildir. Âlâ,Türkiye Finans Siftah Kart, Happy Bonus Busines",https://happycard.com.tr/kampanyalar/Sayfalar/ofot.aspx,2026-08-04T11:50:09+00:00,official_source_date_gated
203,Türkiye Finans,Pasaport Harcı Ödemelerinize Kâr Paysız Taksit!,Kart / Taksit Kampanyası,card_campaign,,3 taksit,Kart Sahipleri,3 taksit,,,,,,,,,,,,,,Happy Bonus Kredi Kartı ile Pasaport Harcı Ödemelerinize Kâr Paysız 3 ay taksitlendirilebilecektir. Kampanya ayın ilk ve son günleri arasında geçerlidir. Harcamalar otomatik olarak taksite bölünmeyecektir. Her müşteri harcamasını kampanya koşullarında belirtilen kanallardan biri aracılığı ile kendisi bölmelidir. Taksitlendirme işlemi ödeme yapıldıktan sonra Mobil/İnternet Şube üzerinden ya da 0850 222 2244 numaralı Çağrı Merkezimiz aracılığı ile yapılmalıdır. Taksitlendirme işlemini Mobil/İnternet Şubemiz aracılığıyla gerçekleştirmek isteyen müşterilerimiz Mobil/İnternet Şubesine giriş yaptıktan sonra Kredi Kartları > Taksitle /Ötele adımında yer alan Taksitle sekmesinden pasaport harcı ödemenisini 3 ay taksitl,https://happycard.com.tr/kampanyalar/Sayfalar/pasaport-harci.aspx,2026-08-04T11:50:09+00:00,official_source_date_gated
205,Türkiye Finans,Sağlık Harcamalarınıza Kâr Paysız Taksit!,Kart / Taksit Kampanyası,card_campaign,,2 taksit,Happy Kart Kullanıcıları,2 taksit,,,,,,,,,1.000 TL,250.000 TL,,,,"Kampanya ayın ilk ve son günleri arasında geçerlidir. Y alnızca 1.000 TL – 250.000 TL arasındaki 3 ay, 250.000 TL- 500.000 TL kadar kâr paysız 2 ay taksitlendirilebilecektir. Harcamalar otomatik olarak taksite bölünmeyecektir. Her müşteri harcamasını kampanya koşullarında belirtilen kanallardan biri aracılığı ile kendisi bölmelidir. Taksitlendirme işlemi ödeme yapıldıktan sonra Mobil/İnternet Şube üzerinden ya da 0850 222 2244 numaralı Çağrı Merkezimiz aracılığı ile yapılmalıdır. Taksitlendirme işlemini Mobil/İnternet Şubemiz aracılığıyla gerçekleştirmek isteyen müşterilerimiz Mobil/İnternet Şubesine giriş yaptıktan sonra Kredi Kartları > Taksitle /Ötele adımında yer alan Taksitle sekmesinden sağlık harcamaları",https://happycard.com.tr/kampanyalar/Sayfalar/saglik-kar-paysiz-3-taksit.aspx,2026-08-04T11:50:09+00:00,official_source_date_gated
200,Türkiye Finans,Vergi Ödemelerinize Kâr Paysız Taksit!,Kart / Taksit Kampanyası,card_campaign,,2 taksit,Happy Kart Kullanıcıları,2 taksit,,,,,,,,,250.000 TL,500.000 TL,,,,"Vergi ödemelerinizi tutarlarına göre 3 aya kadar taksitlendirebilirsin iz. Üstelik kâr payı olmadan! Kampanya ayın ilk ve son günleri arasında geçerlidir. Yalnızca ile 1.000 TL – 250.000 TL tutar aralığındaki harcamalar kâr paysız 3 ay, 250.000 TL ile 500.000 TL arasındaki ödemeler 2 taksite bölünebilir. Harcamalar otomatik olarak taksite bölünmeyecektir. Her müşteri harcamasını kampanya koşullarında belirtilen kanallardan biri aracılığı ile kendisi bölmelidir. Taksitlendirme işlemi ödeme yapıldıktan sonra Mobil/İnternet Şube üzerinden ya da 0850 222 2244 numaralı Çağrı Merkezimiz aracılığı ile yapılmalıdır. Taksitlendirme işlemini Mobil/İnternet Şubemiz aracılığıyla gerçekleştirmek isteyen müşterilerimiz Mobil",https://happycard.com.tr/kampanyalar/Sayfalar/Happy-Bonus-ile-Vergi-Odemelerinize-Kar-Paysiz-Taksit.aspx,2026-08-04T11:50:09+00:00,official_source_date_gated
227,Türkiye Finans,Âlâ Kart ile Fatura Ödemenize 3 aya Kadar Kâr Paysız Taksit!,Kart / Taksit Kampanyası,card_campaign,,3 taksit,Kart Sahipleri,,,,,,,,,,1.000 TL,10.000 TL,,,,Müşterimiz Olun Anında Şifre Mobil Uygulama 0850 393 22 44 Toplama Resmi Âlâ Kart ile Fatura Ödemenize 3 aya Kadar Kâr Paysız Taksit! Sayfa İçeriği Kampanyadan Nasıl Yararlanırım? Kampanyaya katılmak için Mobil Şube üzerinden “Kampanyaya Katıl” butonuna tıklamanız ve kampanya koşullarını sağlamanız yeterlidir. Kampanya Detayı: Kampanya ayın ilk ve son günleri arasında geçerlidir. Yalnızca 1.000 TL – 10.000 TL arasındaki 3 ay taksitlendirilebilecektir. Harcamalar otomatik olarak taksite bölünmeyecektir. Her müşteri harcamasını kampanya koşullarında belirtilen kanallardan biri aracılığı ile kendisi bölmelidir. Taksitlendirme işlemi ödeme yapıldıktan sonra Mobil/İnternet Şube üzerinden ya da 0850 222 2244 numaralı,https://turkiyefinansala.com/tr-tr/kampanyalar/Sayfalar/ala-fatura-2026.aspx,2026-08-04T11:50:09+00:00,official_source_date_gated
225,Türkiye Finans,Âlâ Kart ile Okul Ödemelerinize 3 Aya Kadar Kâr Paysız Taksit!,Kart / Taksit Kampanyası,card_campaign,,3 taksit,Kart Sahipleri,,,,,,,,,,1.000 TL,250.000 TL,,,,"Müşterimiz Olun Anında Şifre Mobil Uygulama 0850 393 22 44 Toplama Resmi Âlâ Kart ile Okul Ödemelerinize 3 Aya Kadar Kâr Paysız Taksit! Sayfa İçeriği Kampanyadan Nasıl Yararlanırım? Kampanyaya katılmak için Mobil Şube üzerinden “Kampanyaya Katıl” butonuna tıklamanız ve kampanya koşullarını sağlamanız yeterlidir. Kampanya Detayı: Âlâ Kart Kredi Kartı yapacağınız 1.000 TL – 250.000 TL arasındaki okul ödemeniz 3 ay, 250.000 TL – 500.000 TL arasındaki ödemeniz kâr paysız 2 aya kadar taksitlendirilebilecektir Kampanya koşulları: Kampanya ayın ilk ve son günleri arasında geçerlidir. Yalnızca 1.000 TL – 250.000 TL tutar aralığındaki harcamalar kâr paysız 3, 250.000 TL – 500.000 TL arasındaki kâr paysız 2 aya taksite b",https://turkiyefinansala.com/tr-tr/kampanyalar/Sayfalar/ala-egitim-nisan-2026.aspx,2026-08-04T11:50:09+00:00,official_source_date_gated
235,Türkiye Finans,Âlâ Kart ile Sağlık Harcamanıza 3 Aya Kadar Kâr Paysız Taksit!,Kart / Taksit Kampanyası,card_campaign,,3 taksit,Kart Sahipleri,,,,,,,,,,250.000 TL,500.000 TL,,,,"Müşterimiz Olun Anında Şifre Mobil Uygulama 0850 393 22 44 Toplama Resmi Âlâ Kart ile Sağlık Harcamanıza 3 Aya Kadar Kâr Paysız Taksit! Sayfa İçeriği Kampanyadan Nasıl Yararlanırım? Kampanyaya katılmak için Mobil Şube üzerinden “Kampanyaya Katıl” butonuna tıklamanız ve kampanya koşullarını sağlamanız yeterlidir. Kampanya Detayı: Âlâ Kredi Kartınız ile 1.000 TL – 250.000 TL arasındaki Sağlık harcamalarınızı 3 ay , 250.000 TL - 500.000 TL arasındaki harcamalarınızı ise kâr paysız 2 aya kadar taksitlendirebilirsiniz. Kampanya ayın ilk ve son günleri arasında geçerlidir. Harcamalar otomatik olarak taksite bölünmeyecektir. Her müşteri harcamasını kampanya koşullarında belirtilen kanallardan biri aracılığı ile kendis",https://turkiyefinansala.com/tr-tr/kampanyalar/Sayfalar/ala-saglik-2026.aspx,2026-08-04T11:50:09+00:00,official_source_date_gated
238,Türkiye Finans,Âlâ Kart vergi ödemelerinize 3 Aya Kadar Kâr Paysız Taksit!,Kart / Taksit Kampanyası,card_campaign,,2 taksit,Kart Sahipleri,,,,,,,,,,250.000 TL,500.000 TL,,,,"Müşterimiz Olun Anında Şifre Mobil Uygulama 0850 393 22 44 Toplama Resmi Âlâ Kart vergi ödemelerinize 3 Aya Kadar Kâr Paysız Taksit! Sayfa İçeriği Kampanyadan Nasıl Yararlanırım? Kampanyaya katılmak için ödeme yapıldıktan sonra Mobil/İnternet Şube üzerinden ya da 0850 222 2244 numaralı Çağrı Merkezimiz aracılığı ile yapılmalıdır. Kampanya ayın ilk ve son günleri arasında geçerlidir. Yalnızca 1.000 TL – 250.000 TL tutar aralığındaki harcamalar kâr paysız 3 ay, 250.000 TL ile 500.000 TL arasındaki ödemeler 2 taksite bölünebilir. Harcamalar otomatik olarak taksite bölünmeyecektir. Her müşteri harcamasını kampanya koşullarında belirtilen kanallardan biri aracılığı ile kendisi bölmelidir. Taksitlendirme işlemi ödeme",https://turkiyefinansala.com/tr-tr/kampanyalar/Sayfalar/ala-vergi-2026.aspx,2026-08-04T11:50:09+00:00,official_source_date_gated
233,Türkiye Finans,Âlâ Kredi Kartınızdan Otomatik Fatura Ödeme Talimatına 500 TL’ye Varan Bonus Fırsatları Yakalayın!,Kart / Taksit Kampanyası,card_campaign,,500 TL ödül,Kart Sahipleri,,,,,,500 TL,,,500 TL,,,,,,"Müşterimiz Olun Anında Şifre Mobil Uygulama 0850 393 22 44 Toplama Resmi Âlâ Kredi Kartınızdan Otomatik Fatura Ödeme Talimatına 500 TL’ye Varan Bonus Fırsatları Yakalayın! Sayfa İçeriği Kampanyadan Nasıl Yararlanırım? Kampanyaya katılmak için Mobil Şube üzerinden “Kampanyaya Katıl” butonuna tıklamanız ve kampanya koşullarını sağlamanız yeterlidir. Kampanya Detayı: Âlâ Kredi Kartınızdan her yeni otomatik fatura ödeme talimatı için 100 TL, toplamda 5 adet talimatınıza 500 TL Bonus kazanılacaktır. Kampanya Koşulları Kampanya ayın ilk ve son günleri arasında geçerlidir. Her müşteri kampanyadan sadece 1 kez yararlanabilir. Otomatik fatura ödeme Kampanyadan Bonus kazanılabilmesi için; talimatın tanımlandığı ayı takip",https://turkiyefinansala.com/tr-tr/kampanyalar/Sayfalar/ala-ofot-nisan-2026.aspx,2026-08-04T11:50:09+00:00,official_source_date_gated
230,Türkiye Finans,Âlâ ile HGS alarak vereceğiniz HGS talimatına 700 TL Bonus!,Kart / Taksit Kampanyası,card_campaign,,700 TL ödül,Âlâ Kart Sahipleri,,,,,,700 TL,,,700 TL,,,,,,"Müşterimiz Olun Anında Şifre Mobil Uygulama 0850 393 22 44 Toplama Resmi Âlâ ile HGS alarak vereceğiniz HGS talimatına 700 TL Bonus! Sayfa İçeriği Kampanyadan Nasıl Yararlanırım? Kampanyaya katılmak için Mobil Şube üzerinden “Kampanyaya Katıl” butonuna tıklamanız ve kampanya koşullarını sağlamanız yeterlidir. Kampanya Detayı: Âlâ Kart İle HGS etiketi alıp HGS talimatı vererek ödemenizi gerçekleştirin, 700 TL Bonus kazanın. Kampanya ayın ilk ve son günleri arasında geçerlidir. Kampanyadan yararlanabilmek için Türkiye Finans Mobil > Kampanyalar sayfasındaki ilgili kampanyaya katılım talebinin iletilmesi gerekmektedir. Kriterlerin gerçekleştirme durumunu “Kriterler”, avantajın kazanım durumunu “Avantajlar” sekmesi",https://turkiyefinansala.com/tr-tr/kampanyalar/Sayfalar/ala-hgs-2026.aspx,2026-08-04T11:50:09+00:00,official_source_date_gated
241,Türkiye Finans,Âlâ Kart ile Bonuslarınız Mil Puanına Dönüşüyor!,Puan Kampanyası,points_campaign,,Müşterimiz Olun Anında Şifre Mobil Uygulama 0850 393 22 44 Toplama Resmi Âlâ Kart ile Bonuslarınız Mil Puanına Dönüşüyor!,Kart Sahipleri,,,,,,,,,,1.500.000 TL,5.000.000 TL,,,,"Müşterimiz Olun Anında Şifre Mobil Uygulama 0850 393 22 44 Toplama Resmi Âlâ Kart ile Bonuslarınız Mil Puanına Dönüşüyor! Sayfa İçeriği Âlâ ve Âlâ Private müşterileri Âlâ Kartlarında biriken bonuslarını diledikleri zaman uçak bileti alımında mil puan olarak kullanabiliyor, bonusların yeterli olmadığı durumda harcama sözü vererek AvansMil avantajından yararlanabiliyor. Âlâ Kartınız ile kampanya, harcama sözü ve alışverişlerinizden biriken bonuslarınızı Âlâ müşterisiyseniz 2 kat, Âlâ Private müşterisiyseniz 3 kat değerinde “Mil Puan” olarak yurt içi ve yurt dışı uçak bileti alımlarınızda kullanabilir ve dünyanın her yerine Âlâ ayrıcalığı ile uçabilirsiniz. Mil Ayrıcalığından Nasıl Yararlanırım? Mil puan ayrıcalığ",https://turkiyefinansala.com/tr-tr/kampanyalar/Sayfalar/mil-ayricaligi.aspx,2026-08-04T11:50:09+00:00,official_source_date_gated
209,Türkiye Finans,"BES ile Hem Yarınınıza Değer Katın, Hem de 650 TL Bonus Kazanın!",Sigorta Kampanyası,insurance_campaign,,1.950 TL ödül,Kart Sahipleri,,,,,,1.950 TL,,,1.950 TL,,,,,,"Dijital Bankacılık Kampanyaları Kredi Kartı Kampanyaları Maaş Ödemesi Kampanyaları Yatırım Kampanyaları Birikim / Fon Kampanyaları Sigorta Kampanyaları Finansman Kampanyaları Ticari Kampanyalar Diğer Kampanyalar Biten Kampanyalar Başvuru Merkezi Hesaplama Araçları Satılık Gayrimenkuller Sayfa Görüntüsü Sayfa İçeriği Türkiye Finans kredi kartlarınızı kullanarak satın alacağınız her yeni BES sözleşmesi için 650 TL bonus sizi bekliyor. Şimdi kendinize ve sevdiklerinize güvenli bir gelecek armağan etmenin tam zamanı! Siz de hemen Türkiye Finans şubelerine gelin, BES sözleşmenizi Türkiye Finans kredi kartınızı kullanarak satın alın; satın aldığınız her yeni BES sözleşmesi için 650 TL bonus kazanma fırsatını kaçırmay",https://turkiyefinans.com.tr/tr-tr/kampanyalar/Sayfalar/bes-ile-yarininiza-deger-katin.aspx,2026-08-04T11:50:09+00:00,official_source_date_gated
224,Türkiye Finans,Âlâ Müşterilere Özel Âlâ BES ile Geleceğe Yatırım Yapın!,Sigorta Kampanyası,insurance_campaign,,%20 indirim/iade,Âlâ Bankacılık Müşterileri,,,,,%20,,,,,,,,,,"Müşterimiz Olun Anında Şifre Mobil Uygulama 0850 393 22 44 Toplama Resmi Âlâ Müşterilere Özel Âlâ BES ile Geleceğe Yatırım Yapın! Sayfa İçeriği Türkiye Finans Katılım Bankası’nın özel müşterileri için tasarlanan Bereket Emeklilik Âlâ Katılım Bireysel Emeklilik Planı, geleceğe güvenle yatırım yapma imkânı sunar. Plan kapsamında sunulan özel avantajlar ve asistans hizmetleri sayesinde, birikim hedeflerinize daha hızlı ulaşabilir; mevcut yaşam standardınızı emeklilik döneminizde de sürdürebilmeniz için düzenli birikim yapabilirsiniz. Geniş fon alternatifleri arasından yatırım tercihleriniz, ihtiyaçlarınız ve beklentileriniz doğrultusunda size en uygun fonları seçebilir; profesyonel portföy yönetimi hizmeti ile bir",https://turkiyefinansala.com/tr-tr/kampanyalar/Sayfalar/ala-bes-2026.aspx,2026-08-04T11:50:09+00:00,official_source_date_gated
219,Türkiye Finans,Mobil’den Müşteri Olan KOBİ’lerimize Avantaj Paketi,Yeni Müşteri Kampanyası,new_customer_campaign,,%50 indirim/iade,"Ticari Müşteriler,Kart Sahipleri,Yeni Müşteriler",,,,,%50,,,,,,,,2026-12-31,,"Dijital Bankacılık Kampanyaları Kredi Kartı Kampanyaları Maaş Ödemesi Kampanyaları Yatırım Kampanyaları Birikim / Fon Kampanyaları Sigorta Kampanyaları Finansman Kampanyaları Ticari Kampanyalar Diğer Kampanyalar Biten Kampanyalar Başvuru Merkezi Hesaplama Araçları Satılık Gayrimenkuller Sayfa Görüntüsü Sayfa İçeriği Hesabınızı şubeye gitmeden Mobil’den açın, size özel avantaj paketinin sunduğu fırsatlardan hemen yararlanmaya başlayın. Siz de şimdi mobilden Türkiye Finanslı olun; aidatsız Business Kart avantajından ücretsiz para transferine, indirimli kiralık kasa fırsatından size özel canlı destek hizmetine kadar birçok ayrıcalıktan yararlanmaya hemen başlayın! KOBİ Avantaj Paketi Nedir? KOBİ Avantaj Paketi, so",https://turkiyefinans.com.tr/tr-tr/kampanyalar/Sayfalar/tuzel-onbarding-avantaj-paketi.aspx,2026-08-04T11:50:09+00:00,official_source_date_gated
237,Türkiye Finans,TÜSHAD Üyeleri Âlâ Bankacılık Dünyası ile Daha Ayrıcalıklı!,Yeni Müşteri Kampanyası,new_customer_campaign,,4 taksit · %50 indirim/iade · 1.000 TL ödül,"TÜSHAD Üyeleri,Kart Sahipleri,Yeni Müşteriler",4 taksit,,,,%50,1.000 TL,,,11.000 TL,,,,,,"Müşterimiz Olun Anında Şifre Mobil Uygulama 0850 393 22 44 Toplama Resmi TÜSHAD Üyeleri Âlâ Bankacılık Dünyası ile Daha Ayrıcalıklı! Sayfa İçeriği Mobilden “TUSHAD” koduyla müşteri olan Tüm Sivil Havacılar Derneği üyelerine özel birçok avantaj Âlâ Bankacılık Dünyası ile Türkiye Finans’ta. Üst seviye bankacılık deneyimi ile birlikte dosya masrafsız ihtiyaç finansmanı, yatırım fırsatları, ücretsiz EFT, Havale, FAST, indirimli kiralık kasa ayrıcalıkları sizi bekliyor. Benzersiz avantajların yanı sıra “Kazancı Bol Hoş Geldin Paketi” ile 11.000 TL’ye varan bonus kazanma şansı yakalayabilir, Âlâ Bankacılık Dünyası’nın sunduğu üst seviye bankacılık deneyiminin kapılarını aralayabilirsiniz. Avantajlı Âlâ Bankacılık Pak",https://turkiyefinansala.com/tr-tr/kampanyalar/Sayfalar/ala-tushad-kampanyasi.aspx,2026-08-04T11:50:09+00:00,official_source_date_gated
220,Türkiye Finans,Yakınını Mobil Şubeye Davet Et Bonus Kazan,Yeni Müşteri Kampanyası,new_customer_campaign,,5.000 TL ödül,"Kart Sahipleri,Mevcut Bireysel Müşteriler,Yeni Müşteriler",,,,,,5.000 TL,,,5.000 TL,,,,,,"Dijital Bankacılık Kampanyaları Kredi Kartı Kampanyaları Maaş Ödemesi Kampanyaları Yatırım Kampanyaları Birikim / Fon Kampanyaları Sigorta Kampanyaları Finansman Kampanyaları Ticari Kampanyalar Diğer Kampanyalar Biten Kampanyalar Başvuru Merkezi Hesaplama Araçları Satılık Gayrimenkuller Sayfa Görüntüsü Sayfa İçeriği Sevdiklerinize fırsat verin! Mobilden Türkiye Finanslı olan her yakınınız için 500 TL, toplamda 5.000 TL bonus sizin olsun. Üstelik yakınlarınız da mobilden Türkiye Finanslı olmanın avantajlarını yaşasın. Sevdiklerinizi Türkiye Finans’a davet ederek, yeni müşterilere sunulan %0 kâr paylı 50.000 TL'ye varan İhtiyaç Finansmanı ve 11.000 TL’ye varan bonus fırsatından yararlanmalarını sağlayın. Mobilden",https://turkiyefinans.com.tr/tr-tr/kampanyalar/Sayfalar/yakininizi-davet-edin.aspx,2026-08-04T11:50:09+00:00,official_source_date_gated
208,Türkiye Finans,Banka Çalışanlarına Özel İhtiyaç Finansmanı*,İhtiyaç Finansmanı,finance_campaign,İhtiyaç Finansmanı,1.000.000 TL finansman · 36 ay vade,Banka Çalışanları,,36 ay,"%3,96",1.000.000 TL,,,,,,1.000 TL,1.000.000 TL,,,Masraf bilgisi mevcut,"Dijital Bankacılık Kampanyaları Kredi Kartı Kampanyaları Maaş Ödemesi Kampanyaları Yatırım Kampanyaları Birikim / Fon Kampanyaları Sigorta Kampanyaları Finansman Kampanyaları Ticari Kampanyalar Diğer Kampanyalar Biten Kampanyalar Başvuru Merkezi Hesaplama Araçları Satılık Gayrimenkuller Sayfa Görüntüsü Sayfa İçeriği Banka çalışanlarına, kendi çalışanlarımıza sunduğumuz sabit ve avantajlı oranlarla 3 ay ertelemeli ihtiyaç finansmanı Türkiye Finans’ta! İhtiyaç Finansmanı* başvurunuzu hemen yapın , hem size özel kâr payı oranlarından hem de 3 ay öteleme fırsatından yararlanın. Eğitim masraflarından tadilat harcamalarına kadar hizmet alımına konu tüm ihtiyaçlarınızı kolayca karşılayın. Banka Çalışanlarına Özel Avan",https://turkiyefinans.com.tr/tr-tr/kampanyalar/Sayfalar/banka-calisanlarina-ozel-ihtiyac-finansmani.aspx,2026-08-04T11:50:09+00:00,official_source_date_gated
214,Türkiye Finans,Kamu Çalışanlarına Özel İhtiyaç Finansmanı*,İhtiyaç Finansmanı,finance_campaign,İhtiyaç Finansmanı,400.000 TL finansman · 36 ay vade,Kamu Çalışanları,,36 ay,"%4,01",400.000 TL,,,,,,50.000 TL,400.000 TL,,,Masraf bilgisi mevcut,"Dijital Bankacılık Kampanyaları Kredi Kartı Kampanyaları Maaş Ödemesi Kampanyaları Yatırım Kampanyaları Birikim / Fon Kampanyaları Sigorta Kampanyaları Finansman Kampanyaları Ticari Kampanyalar Diğer Kampanyalar Biten Kampanyalar Başvuru Merkezi Hesaplama Araçları Satılık Gayrimenkuller Sayfa Görüntüsü Sayfa İçeriği Türkiye Finans, avantajlı İhtiyaç Finansmanı ve bankacılık çözümleriyle her zaman kamu çalışanlarının yanında. İhtiyaç Finansmanı* başvurunuzu hemen yapın , hem size özel kâr payı oranlarından hem de 3 ay öteleme fırsatından yararlanın. Beyaz eşyadan mobilyaya, eğitim masraflarından tadilat harcamalarına kadar tüm ihtiyaçlarınızı kolayca karşılayın. Kamu Çalışanlarına Özel Avantajlı İhtiyaç Finansma",https://turkiyefinans.com.tr/tr-tr/kampanyalar/Sayfalar/kamu-calisanlarina-ozel-ihtiyac-finansmani.aspx,2026-08-04T11:50:09+00:00,official_source_date_gated
213,Türkiye Finans,"Mobilden Türkiye Finanslı Ol, Kâr Paysız 50.000 TL'ye Varan İhtiyaç Finansmanını Kaçırma!",İhtiyaç Finansmanı,finance_campaign,İhtiyaç Finansmanı,50.000 TL finansman · 3 ay vade,Yeni Müşteriler,,3 ay,%0,50.000 TL,,,,,50.000 TL,,,,,,"Dijital Bankacılık Kampanyaları Kredi Kartı Kampanyaları Maaş Ödemesi Kampanyaları Yatırım Kampanyaları Birikim / Fon Kampanyaları Sigorta Kampanyaları Finansman Kampanyaları Ticari Kampanyalar Diğer Kampanyalar Biten Kampanyalar Başvuru Merkezi Hesaplama Araçları Satılık Gayrimenkuller Sayfa Görüntüsü Sayfa İçeriği Şimdi mobilden Türkiye Finanslı olanlar %0 kar payı ile 50.000 TL'ye varan İhtiyaç Finansman ından yararlanıyor. Siz de Türkiye Finans Mobil’i hemen indirin, dakikalar içinde müşterimiz olun, hem avantajlı dijital bankacılık dünyası ile tanışın hem de aradığınız nakde kâr payı ödemeden kavuşun. Kâr Paysız 50.000 TL’ye Varan İhtiyaç Finansmanı Kampanyasından Kimler Yararlanabilir? Mobilden müşteri ol",https://turkiyefinans.com.tr/tr-tr/kampanyalar/Sayfalar/ihtiyac-finansmani-kampanyasi.aspx,2026-08-04T11:50:09+00:00,official_source_date_gated
198,Türkiye Finans,Happy Bonus Kartınıza Halalbooking Ayrıcalığı,İndirim Kampanyası,discount_campaign,,%15 indirim/iade,Kart Sahipleri,,,,,,,,,,,,,,,"Halalbooking'den Happy Karta özel %15'e varan indirim! İster Umre, ister Erken Rezervasyon, ister Sömestr tatili; aradığınız tüm konaklamalarda Platinum fırsatları sizi bekliyor. Happy Bonus kartı ile %15'ye varan indirimlerden yararlanın. Halalbooking Loyalty Club (HBLC) statünüzü bir yıllığına ücretsiz yükseltin. Happy Bonus kredi kartı sahipleri, Halalbooking'e özel açılan ( https://halalbooking.com/tr/partners/turkiyefinans ) sayfadan giriş yapmalıdır. İndirim kampanyası Halalbooking'e ilk defa kayıt olan müşteriler için geçerlidir. Kart numarası ve e-posta ile yapılan kayıt sonrası, müşteriye kredi kartı seviyesine uygun HB statüsü tanımlanır. Tüm Happy Kart sahipleri Platinium statü kazanır. Kullanım Şart",https://happycard.com.tr/kampanyalar/Sayfalar/Halalbooking.aspx,2026-08-04T11:50:09+00:00,official_source_date_gated
216,Türkiye Finans,Masrafsız Bankacılık,İndirim Kampanyası,discount_campaign,,10.000 TL azami fayda,"Kart Sahipleri,Bireysel Müşteriler",,,,,,,,,10.000 TL,,,,,,Dijital Bankacılık Kampanyaları Kredi Kartı Kampanyaları Maaş Ödemesi Kampanyaları Yatırım Kampanyaları Birikim / Fon Kampanyaları Sigorta Kampanyaları Finansman Kampanyaları Ticari Kampanyalar Diğer Kampanyalar Biten Kampanyalar Başvuru Merkezi Hesaplama Araçları Satılık Gayrimenkuller Sayfa Görüntüsü Sayfa İçeriği Hayat Mobil Bankan Mobil! Bankan Mobilse İşlemlerin Masrafsız! Türk iye Finans Mobil'le temel bankacılık hizmetlerinde masraf ödeme! Masrafsız Bankacılık Bankacılık işlemlerinizi hızlı ve kolay olduğu kadar masraf ödemeden gerçekleştirmeniz de önemli. Temel bankacılık işlemlerini Mobil ve İnternet Şube’den yapan Türkiye Finans müşterileri hem temel bankacılık işlemlerine masraf ödemiyor hem de finan,https://turkiyefinans.com.tr/tr-tr/kampanyalar/Sayfalar/masrafsiz-bankacilik.aspx,2026-08-04T11:50:09+00:00,official_source_date_gated
217,Türkiye Finans,Mastercard Business Kart’a özel fırsatlar MasterKOBİ’de!,İndirim Kampanyası,discount_campaign,,Kampanya stoklarla sınırlıdır.,"Ticari Müşteriler,Kart Sahipleri",,,,,,,,,,,,,,,"Dijital Bankacılık Kampanyaları Kredi Kartı Kampanyaları Maaş Ödemesi Kampanyaları Yatırım Kampanyaları Birikim / Fon Kampanyaları Sigorta Kampanyaları Finansman Kampanyaları Ticari Kampanyalar Diğer Kampanyalar Biten Kampanyalar Başvuru Merkezi Hesaplama Araçları Satılık Gayrimenkuller Sayfa Görüntüsü Sayfa İçeriği Mastercard Business Kart sahibi işletmeler MasterKOBİ'de özel ayrıcalıklar ve indirimlerden yararlanıyor. Ticari müşterilerimizin hayatını kolaylaştıracak çözümlerden hemen yararlanmak için MasterKOBİ adresini ziyaret edebilirsiniz. Ticari müşterilerimize özel tekliflerden yararlanmak için web sitesinde bulanan ""Hemen Yararlanın"" butonuna tıklayıp her kampanyanın kendine özel detaylarını okuyarak bi",https://turkiyefinans.com.tr/tr-tr/kampanyalar/Sayfalar/mastercard-business-kart-firsat.aspx,2026-08-04T11:50:09+00:00,official_source_date_gated
242,Türkiye Finans,Pilvak İş Birliği ile Pilotlara Özel Âlâ Private Dünyası,İndirim Kampanyası,discount_campaign,,4 taksit · %50 indirim/iade,Pilotlar,4 taksit,,,,,,,,11.000 TL,,,,,,"Müşterimiz Olun Anında Şifre Mobil Uygulama 0850 393 22 44 Toplama Resmi Pilvak İş Birliği ile Pilotlara Özel Âlâ Private Dünyası Sayfa İçeriği Âlâ Bankacılık ile üst seviye bankacılık deneyimine adım atın. Mobil’den “PILVAK” kodu ile müşteri olan Türkiye Havayolu Pilotları Eğitim Sosyal Yardımlaşma ve Dayanışma Vakfı üyelerine özel avantajlar, Türkiye Finans Âlâ Bankacılık Dünyası’nda sizi bekliyor. Avantajlı Âlâ Bankacılık Paketinde Neler Var? Âlâ Private’ın kişiselleştirilmiş hizmet ve çözümleri; lounge, fast track ve mil puan ile uçak bileti alımı FX İşlemlerinde Avantajlı Makas Aralıkları Yurt İçi Hisse Senedi Alım Satım İşlemlerinde Düşük Komisyon ile İşlem Yapabilme Ayrıcalığı 11.000 TL’ye varan Bonus Ka",https://turkiyefinansala.com/tr-tr/kampanyalar/Sayfalar/pilvak-pilot-kampanyasi.aspx,2026-08-04T11:50:09+00:00,official_source_date_gated
204,Türkiye Finans,Sevimli Dostlarınız için Petidi.com’da 250 TL İndirim Fırsatı!,İndirim Kampanyası,discount_campaign,,250 TL indirim / iade,Happy Kart Kullanıcıları,,,,,250 TL indirim / iade,,,2.000 TL,250 TL,,,,2026-12-31,,"Kampanya, Türkiye Finans müşterilerine özeldir. 31 Aralık 2026 tarihine kadar kampanya devam etmektedir. Petidi.com üzerinden TF32026 kodu ile 2.000 TL ve üzeri yapılan alışverişlerde anında 250 TL indirim uygulanır. İndirim kodu sadece Petidi.com'da, e-ticaret işleminde geçerlidir. Kampanyaya, Bireysel Âlâ, Happy Kart Silver, Gold, Platinum, Happy Zero kart ve ek kartlar dahildir. Happy Bonus Business, Türkiye Finans Siftah Kart, On Numara, On Numara Plus ve Ticari Kartlar kampanyaya dahil değildir. Kampanyaya katılacak kartının açık durumda olması ve kampanya tarihi itibariyle kredi kartlarını kullanmasını engelleyen herhangi bir durumun olmaması gerekmektedir. Harcamanın gerçekleştirildiği iş yerinin sistemd",https://happycard.com.tr/kampanyalar/Sayfalar/petidi_.aspx,2026-08-04T11:50:09+00:00,official_source_date_gated
218,Türkiye Finans,Türkiye Finans Avantajlarıyla Mobilden Tanışın,İndirim Kampanyası,discount_campaign,,1.000 TL ödül,"Bireysel Müşteriler,Yeni Müşteriler",,,,,,1.000 TL,,1.000 TL,11.000 TL,,,,,,"Dijital Bankacılık Kampanyaları Kredi Kartı Kampanyaları Maaş Ödemesi Kampanyaları Yatırım Kampanyaları Birikim / Fon Kampanyaları Sigorta Kampanyaları Finansman Kampanyaları Ticari Kampanyalar Diğer Kampanyalar Biten Kampanyalar Başvuru Merkezi Hesaplama Araçları Satılık Gayrimenkuller Sayfa Görüntüsü Sayfa İçeriği Mobilden müşteri olanlara özel 11.000 TL'ye varan bonus kazanma fırsatı ve hepsi birbirinden avantajlı ve kazandıran dijital bankacılık çözümleri Kazancı Bol Hoş Geldin Paketi’nde sizi bekliyor. Siz de mobilden Türkiye Finanslı olun, “Kazancı Bol Hoş Geldin Paketi”ile hem size özel fırsatlar sunan bankacılık hizmetlerimizle tanışın hem de 11.000 TL'ye varan bonus kazanma fırsatından yararlanın. Türk",https://turkiyefinans.com.tr/tr-tr/kampanyalar/Sayfalar/turkiye-finans-avantajlariyla-mobilden-tanis.aspx,2026-08-04T11:50:09+00:00,official_source_date_gated
207,Türkiye Finans,Yolcu360'da Happy Kart'la Araç Kiralamak Daha Avantajlı,İndirim Kampanyası,discount_campaign,,%10 indirim / iade,Happy Kart Kullanıcıları,,,,,%10 indirim / iade,250 TL,,5.000 TL,250 TL,,,,,,"Happy Kart ile Yolcu 360'dan yapılacak araç kiralama harcamalarında: 5.000 TL ve üzeri harcamaya 250 TL Bonus, TF360 kodu ile Yurt içi araç kiralamada net %10 indirim, Yurt dışı araç kiramalada net %15 indirim Kampanya detayları: Bonus: Happy Bonus Kart ile Yolcu360'da tek seferde yapılacak 5.000 TL ve üzeri işleme 250 TL Bonus kazanabilirsiniz. Kampanya kapsamında bir müşteri kampanyanın olduğu ay en fazla 250 TL Bonus kazanabilir. Bonuslar, kampanyayı takip eden ayın 8'inde kartlara yansıyacaktır. Bonus'ların kullanım süresi 15 gündür. 15 gün sonunda kullanılmayan Bonus'lar geri alınır. Kampanyaya, Bireysel Âlâ, Happy Kart Silver, Gold, Platinum, Happy Zero kart ve ek kartlar dahildir. Happy Bonus Business, T",https://happycard.com.tr/kampanyalar/Sayfalar/yolcu360.aspx,2026-08-04T11:50:09+00:00,official_source_date_gated
239,Türkiye Finans,Yolcu360’da Araç Kiralamak Daha Avantajlı!,İndirim Kampanyası,discount_campaign,,%15 indirim/iade · 250 TL ödül,Bireysel Âlâ Kart Sahipleri,,,,,,250 TL,,5.000 TL,250 TL,,,,,,"Müşterimiz Olun Anında Şifre Mobil Uygulama 0850 393 22 44 Toplama Resmi Yolcu360’da Araç Kiralamak Daha Avantajlı! Sayfa İçeriği Kampanyadan Nasıl Yararlanırım? Kampanyaya katılmak için Mobil Şube üzerinden “Kampanyaya Katıl” butonuna tıklamanız ve kampanya koşullarını sağlamanız yeterlidir. Kampanya Detayı: Âlâ Kart’a özel Yolcu360’da TF360 kodu ile araç kiralamada %15’e varan indirim ve 250 TL Bonus size bekliyor! Kampanya Koşulları Âlâ Kart ile Yolcu360’da tek seferde yapılacak 5.000 TL ve üzeri işleme 250 TL Bonus kazanabilirsiniz. Kampanya kapsamında bir müşteri kampanyanın olduğu ay en fazla 250 TL Bonus kazanabilir. Bonuslar, kampanyayı takip eden ayın 8’inde kartlara yansıyacaktır. Kampanyaya, Bireysel",https://turkiyefinansala.com/tr-tr/kampanyalar/Sayfalar/ala-yolcu360-nisan-2026.aspx,2026-08-04T11:50:09+00:00,official_source_date_gated
223,Türkiye Finans,Âlâ Bankacılık Ayrıcalıklar Dünyasında GastroClub Üyeliği İle Keyifli Bir Deneyime Adım Atın!,İndirim Kampanyası,discount_campaign,,Müşterimiz Olun Anında Şifre Mobil Uygulama 0850 393 22 44 Toplama Resmi Âlâ Bankacılık Ayrıcalıklar Dünyasında GastroClub Üyeliği İle Keyifli Bir Deneyime Adım Atın!,Kart Sahipleri,,,,,,,,,,500.000 TL,1.500.000 TL,,,,"Müşterimiz Olun Anında Şifre Mobil Uygulama 0850 393 22 44 Toplama Resmi Âlâ Bankacılık Ayrıcalıklar Dünyasında GastroClub Üyeliği İle Keyifli Bir Deneyime Adım Atın! Sayfa İçeriği Üyelerine şehrin en ayrıcalıklı restoranlarında ve kafelerinde indirim ayrıcalığı sağlayan GastroClub şimdi Âlâ Bankacılık müşterilerine özel ücretsiz üyelik fırsatı sunuyor. Seçkin mekânlar ve markalarda, yaşam ve alışveriş deneyimlerinizi benzersiz kılacak en âlâ keyifler sizi bekliyor. GastroClub üyeliğinizi Türkiye Finans Mobil Şube üzerinden hemen oluşturun, 1000’den fazla restoran ve kafede size özel indirimlerle ağırlanın. GastroClub ile yaptığınız harcamalardan GastroPara kazanın, bir sonraki restoran ve kafe harcamanızı bu G",https://turkiyefinansala.com/tr-tr/kampanyalar/Sayfalar/ala-bankaciliktan-gastroclub-uyeligi.aspx,2026-08-04T11:50:09+00:00,official_source_date_gated
228,Türkiye Finans,Âlâ Kart ile Halalbooking’de Statünüzü Yükseltin!,İndirim Kampanyası,discount_campaign,,Müşterimiz Olun Anında Şifre Mobil Uygulama 0850 393 22 44 Toplama Resmi Âlâ Kart ile Halalbooking’de Statünüzü Yükseltin!,Kart Sahipleri,,,,,,,,,,,,,2026-12-31,,"Müşterimiz Olun Anında Şifre Mobil Uygulama 0850 393 22 44 Toplama Resmi Âlâ Kart ile Halalbooking’de Statünüzü Yükseltin! Sayfa İçeriği Kampanya Detayı: Âlâ Kart kullanıcılarına özel ayrıcalıklarla Halalbooking’de seyahat deneyiminizi bir üst seviyeye taşıyın! Helal turizme yönelik global seyahat platformu Halalbooking ile gerçekleştirdiğimiz iş birliği kapsamında, Âlâ Kart sahiplerine doğrudan Diamond Statü tanımlanıyor. Kampanya 31.12.2026 tarihine kadar devam edecektir. Diamond statü kazanmak için https://halalbooking.com/tr/partners/turkiyefinans adresinden Âlâ Kart numaranız ve e-posta adresiniz ile kayıt olmanız gerekmektedir. Ardından Halalbooking tarafından Diamond statü hesabınıza tanımlanacaktır. Kam",https://turkiyefinansala.com/tr-tr/kampanyalar/Sayfalar/ala-halal-booking-2026.aspx,2026-08-04T11:50:09+00:00,official_source_date_gated
229,Türkiye Finans,Âlâ Kart ile Havalimanı ve VIP Transfer Hizmetinden %25 + %50 İndirimle Yararlanın!,İndirim Kampanyası,discount_campaign,,%50 indirim / iade,Kart Sahipleri,,,,,%50 indirim / iade,,,,1.000 TL,500.000 TL,1.500.000 TL,,,,"Müşterimiz Olun Anında Şifre Mobil Uygulama 0850 393 22 44 Toplama Resmi Âlâ Kart ile Havalimanı ve VIP Transfer Hizmetinden %25 + %50 İndirimle Yararlanın! Sayfa İçeriği KKTC ve İstanbul, İzmir, Ankara, Antalya, Adana, Muğla, Bursa, Kayseri, Trabzon, Ordu, Samsun illerinde size özel %25+%50 indirim ayrıcalığı ile ha valimanı ve VIP Transfer Hizmeti konforunun keyfini çıkarabilirsiniz. Havalimanı ve VIP Transfer Hizmeti Ayrıcalığından Nasıl Yararlanırım? Transfer talep edilen saatten önce en geç 12 saat önce Progotravel.com üzerinden rezervasyon formunun eksiksiz olarak doldurulması gerekmektedir. Türkiye Finans Mobil > Ayrıcalıklar > Transfer Hizmeti adımından alacağınız size özel indirim kodunu Rezervasyon iş",https://turkiyefinansala.com/tr-tr/kampanyalar/Sayfalar/ala-havalimani-vip-transfer.aspx,2026-08-04T11:50:09+00:00,official_source_date_gated
231,Türkiye Finans,Âlâ Kart ile Restoran Harcamalarınızdan %10 İndirim Kazanın!,İndirim Kampanyası,discount_campaign,,%10 indirim / iade,Kart Sahipleri,,,,,%10 indirim / iade,,,2.000 TL,20.000 TL,500.000 TL,1.500.000 TL,,,,Müşterimiz Olun Anında Şifre Mobil Uygulama 0850 393 22 44 Toplama Resmi Âlâ Kart ile Restoran Harcamalarınızdan %10 İndirim Kazanın! Sayfa İçeriği Ayrıcalıklarla dolu Âlâ Kartınızı kullanarak tek seferde yapacağınız 2.000 TL ve üzeri restoran harcamalarınızdan %10 indirim kazanma fırsatı sizi bekliyor. Kampanyadan Na sıl Yararlanırım? Âlâ Kartınız ile tek seferde yapacağınız 2.000 TL ve üzeri restoran harcamalarınıza özel %10 indirim ayrıcalığından son ekstre tutarınız minimum 20.000 TL olduğu sürece yararlanabilirsiniz. Âlâ Kartınızı yeni aldıysanız ilk ekstrenizin minimum 20.000 TL kesilmesinden sonra kampanya kapsamında harcamalarınızı yapmaya başlayabilirsiniz. Kampanya Koşulları Âlâ Kart sahibi müşteriler,https://turkiyefinansala.com/tr-tr/kampanyalar/Sayfalar/ala-kart-restoran-harcamalariniza-bonus.aspx,2026-08-04T11:50:09+00:00,official_source_date_gated
244,Türkiye Finans,Âlâ Kart ile Sinema ve Tiyatro Biletlerinizi %50 İndirimli Alın!,İndirim Kampanyası,discount_campaign,,%50 indirim / iade,Kart Sahipleri,,,,,%50 indirim / iade,,,2000 TL,2000 TL,500.000 TL,1.500.000 TL,,,,Müşterimiz Olun Anında Şifre Mobil Uygulama 0850 393 22 44 Toplama Resmi Âlâ Kart ile Sinema ve Tiyatro Biletlerinizi %50 İndirimli Alın! Sayfa İçeriği Hafta içi yapacağınız 2000 TL ve üzeri harcamalarınızla hafta sonu sinema/tiyatro keyfinizi %50 indirimli yaşayın. Kampanyadan Nasıl Yararlanırım? Hafta sonu yapacağınızı sinema ve tiyatro harcamalarınızdan %50 indirimle yararlanmak için bir önceki hafta içi Cuma 24.00’a kadar Âlâ Kartınızı kullanarak 2000 TL ve üzeri harcama yapmanız ve biletinizi gişeden satın almanız yeterlidir. Kampanya Koşulları Âlâ Kart sahibi müşterilerimizin hafta içi yapacakları toplamda 2000 TL ve üzeri harcamalarına istinaden hafta sonu yapacakları sinema/tiyatro harcamalarına %50 ind,https://turkiyefinansala.com/tr-tr/kampanyalar/Sayfalar/sinema-tiyatro-indirimi-kampanyasi.aspx,2026-08-04T11:50:09+00:00,official_source_date_gated
243,Türkiye Finans,Âlâ Kart ile Yapacağınız Seyahat ve Konaklama Harcamalarınızdan %10 İndirim Kazanın!,İndirim Kampanyası,discount_campaign,,%10 indirim / iade,Kart Sahipleri,,,,,%10 indirim / iade,,,5.000 TL,5.000 TL,500.000 TL,1.500.000 TL,,,,"Müşterimiz Olun Anında Şifre Mobil Uygulama 0850 393 22 44 Toplama Resmi Âlâ Kart ile Yapacağınız Seyahat ve Konaklama Harcamalarınızdan %10 İndirim Kazanın! Sayfa İçeriği Âlâ Kart sahipleri, seyahat ve konaklama sektöründe kartlarını kullanarak tek seferde yaptıkları 5.000 TL ve üzeri harcamalardan %10 indirim kazanıyor. Kampanyadan Nasıl Yararlanırım? Âlâ Kartınız ile tek seferde yapacağınız 5.000 TL ve üzeri seyahat ve konaklama harcamalarınıza özel %10 indirim ayrıcalığından son ekstre tutarınız minimum 20.000 TL olduğu sürece yararlanabilirsiniz. Âlâ Kartınızı yeni aldıysanız ilk ekstrenizin minimum 20.000 TL kesilmesinden sonra kampanya kapsamında harcamalarınızı yapmaya başlayabilirsiniz Kampanya Koşulla",https://turkiyefinansala.com/tr-tr/kampanyalar/Sayfalar/seyahat-kampanyasi.aspx,2026-08-04T11:50:09+00:00,official_source_date_gated
246,Türkiye Finans,Âlâ Kart ile Yapacağınız Yurt Dışı Harcamalarından %10 İndirim Kazanın!,İndirim Kampanyası,discount_campaign,,%10 indirim / iade,Kart Sahipleri,,,,,%10 indirim / iade,,,5.000 TL,5.000 TL,500.000 TL,1.500.000 TL,,,,"Müşterimiz Olun Anında Şifre Mobil Uygulama 0850 393 22 44 Toplama Resmi Âlâ Kart ile Yapacağınız Yurt Dışı Harcamalarından %10 İndirim Kazanın! Sayfa İçeriği Yurt dışında fiziki POS cihazları üzerinden yaptığınız harcamalarınızda Âlâ Kartınızı kullanın, tek seferde yapacağınız 5.000 TL ve üzeri harcamalarınız için %10 indirim kazanın. Kampanyadan Nasıl Yararlanırım? Âlâ Kartınız ile fiziki POS kullanarak yapacağınız 5.000 TL ve üzeri yurt dışında harcamalarınıza özel %10 indirim ayrıcalığından son ekstre tutarınız minimum 20.000 TL olduğu sürece yararlanabilirsiniz. Âlâ Kartınızı yeni aldıysanız ilk ekstrenizin minimum 20.000 TL kesilmesinden sonra kampanya kapsamında harcamalarınızı yapmaya başlayabilirsiniz.",https://turkiyefinansala.com/tr-tr/kampanyalar/Sayfalar/yurt-disi-harcamalari-kampanya.aspx,2026-08-04T11:50:09+00:00,official_source_date_gated
234,Türkiye Finans,Âlâ Kart ile İstanbul ve Sabiha Gökçen Havalimanı Otopark Harcamalarınızdan %50 İndirim Kazanın!,İndirim Kampanyası,discount_campaign,,%50 indirim / iade,Kart Sahipleri,,,,,%50 indirim / iade,,,,,500.000 TL,1.500.000 TL,,,,"Müşterimiz Olun Anında Şifre Mobil Uygulama 0850 393 22 44 Toplama Resmi Âlâ Kart ile İstanbul ve Sabiha Gökçen Havalimanı Otopark Harcamalarınızdan %50 İndirim Kazanın! Sayfa İçeriği Ayrıcalıklarla dolu Âlâ Kartınızı kullanarak yapacağınız İstanbul ve Sabiha Gökçen Havalimanı otopark harcamalarınızdan %50 indirim kazanma fırsatı sizi bekliyor. Kampanyadan Nasıl Yararlanırım? İstanbul ve Sabiha Gökçen Havalimanında yapacağınız otopark harcamalarınıza özel %50 indirim ayrıcalığından, ödemelerinizde Âlâ Kartınızı kullanarak yararlanabilirsiniz. Kampanya Koşulları Kampanya kapsamında Âlâ Kart ile İstanbul ve Sabiha Gökçen Havalimanında yapılacak otopark ödemeleri için %50 indirim verilecektir. Kampanya her ayın 1.",https://turkiyefinansala.com/tr-tr/kampanyalar/Sayfalar/ala-otopark-kampanyasi.aspx,2026-08-04T11:50:09+00:00,official_source_date_gated
232,Türkiye Finans,Âlâ Kart’a Özel Obilet’te İndirim Fırsatı!,İndirim Kampanyası,discount_campaign,,600 TL azami fayda,Kart Sahipleri,,,,,,,,,600 TL,,,2026-02-25,2026-12-31,,"Müşterimiz Olun Anında Şifre Mobil Uygulama 0850 393 22 44 Toplama Resmi Âlâ Kart’a Özel Obilet’te İndirim Fırsatı! Sayfa İçeriği Kampanyadan Nasıl Yararlanırım? Kampanyaya katılmak için Mobil Şube üzerinden “Kampanyaya Katıl” butonuna tıklamanız ve kampanya koşullarını sağlamanız yeterlidir. Kampanya Detayı: 25.02.2026-31.12.2026 tarihleri arasında Âlâ Kart sahipleri, Obilet mobil uygulaması üzerinden üye olarak ve “TURKIYEFINANS ’’ kodunu kullanarak seçili firmalardan satın alacakları uçak biletlerinde 100 TL, 1.500 TL – 5.000 TL arası otel rezervasyonlarında 300 TL, 5.000 TL – 15.000 TL arası otel rezervasyonlarında 750 TL, 15.000 TL-30.000 TL arası otel rezervasyonlarında 1.500 TL, 30.000 TL – 50.000 TL ara",https://turkiyefinansala.com/tr-tr/kampanyalar/Sayfalar/ala-obilet-nisan-2026.aspx,2026-08-04T11:50:09+00:00,official_source_date_gated
247,Ziraat Katılım,A101'de 6 Taksit,Kart / Taksit Kampanyası,card_campaign,,6 taksit,Kart Sahipleri,6 taksit,,,,,,500 puan,300 TL,,,,2025-07-10,2026-08-31,,"Tüm Kampanyalar 2 Kuyum, Optik ve Saat 3 Market ve Gıda 4 E-Ticaret 2 Elektronik ve Telekomünikasyon 3 Yapı Sektörü ve İklimlendirme 2 Akaryakıt 12 Diğer Kampanyalar 1 Eğitim, Kitap ve Kırtasiye 1 Genel Kampanyalar 6 Turizm ve Seyahat 0 Hobi ve Oyuncak 15 Mobilya ve Dekorasyon 4 Beyaz Eşya ve Ev Aletleri 17 Giyim ve Aksesuar Arşiv A101'de 6 Taksit Kampanya Dönemi 10-07-2025 - 31-08-2026 Sektör: Diğer Kampanya Koşulları: Ziraat Katılım Bankkart kredi kartınız ile A101 Marketlerinden ve www.a101.com.tr adresinden yapacağınız 300 TL ve üzeri alışverişlerinizde peşin fiyatına 6 aya varan taksit fırsatından faydalanabilirsiniz. İşlemlerin Bankkart anlaşmalı üye işyerlerinde ve Bankkart POS'undan yapılması gerekmekte",https://ziraatkatilim.com.tr/kart-kampanyalari/a101de-6-taksit,2026-08-05T05:32:13+00:00,official_source_date_gated
248,Ziraat Katılım,Abdullah Kiğılı’da 2 Taksit,Kart / Taksit Kampanyası,card_campaign,,2 taksit,"Kart Sahipleri,Bireysel Müşteriler",2 taksit,,,,,,,,,,,2025-04-01,2026-08-31,,"Tüm Kampanyalar 2 Kuyum, Optik ve Saat 3 Market ve Gıda 4 E-Ticaret 2 Elektronik ve Telekomünikasyon 3 Yapı Sektörü ve İklimlendirme 2 Akaryakıt 12 Diğer Kampanyalar 1 Eğitim, Kitap ve Kırtasiye 1 Genel Kampanyalar 6 Turizm ve Seyahat 0 Hobi ve Oyuncak 15 Mobilya ve Dekorasyon 4 Beyaz Eşya ve Ev Aletleri 17 Giyim ve Aksesuar Arşiv Abdullah Kiğılı’da 2 Taksit Kampanya Dönemi 01-04-2025 - 31-08-2026 Sektör: Giyim ve Aksesuar Ziraat Katılım Bankkart kredi kartınız ile Abdullah Kiğılı 'da yapacağınız alışverişlerinizde 2 taksit fırsatından faydalanabilirsiniz. Kampanya Koşulları: Ziraat Katılım Bankkart kredi kartınız ile Abdullah Kiğılı 'da yapacağınız alışverişlerinizi 2 taksitli gerçekleştirebilirsiniz. Kampanya",https://ziraatkatilim.com.tr/kart-kampanyalari/abdullah-kigilida-2-taksit,2026-08-05T05:32:13+00:00,official_source_date_gated
251,Ziraat Katılım,Alarko Carrier’da 6 Taksit,Kart / Taksit Kampanyası,card_campaign,,6 taksit,"Kart Sahipleri,Bireysel Müşteriler",6 taksit,,,,,,,,,,,2025-04-01,2026-08-31,,"Tüm Kampanyalar 2 Kuyum, Optik ve Saat 3 Market ve Gıda 4 E-Ticaret 2 Elektronik ve Telekomünikasyon 3 Yapı Sektörü ve İklimlendirme 2 Akaryakıt 12 Diğer Kampanyalar 1 Eğitim, Kitap ve Kırtasiye 1 Genel Kampanyalar 6 Turizm ve Seyahat 0 Hobi ve Oyuncak 15 Mobilya ve Dekorasyon 4 Beyaz Eşya ve Ev Aletleri 17 Giyim ve Aksesuar Arşiv Alarko Carrier’da 6 Taksit Kampanya Dönemi 01-04-2025 - 31-08-2026 Sektör: Yapı Sektörü ve İklimlendirme Ziraat Katılım Bankkart kredi kartınız ile Alarko Carrier ’da yapacağınız alışverişlerinizde 6 taksit fırsatından faydalanabilirsiniz. Kampanya Koşulları: Ziraat Katılım Bankkart kredi kartınız ile Alarko Carrier ’da yapacağınız alışverişlerinizi 6 taksitli gerçekleştirebilirsiniz",https://ziraatkatilim.com.tr/kart-kampanyalari/alarko-carrierda-6-taksit,2026-08-05T05:32:13+00:00,official_source_date_gated
252,Ziraat Katılım,Alfemo'da 5 Taksit,Kart / Taksit Kampanyası,card_campaign,,5 taksit,"Kart Sahipleri,Bireysel Müşteriler",5 taksit,,,,,,,,,,,2025-11-27,2026-08-31,,"Tüm Kampanyalar 2 Kuyum, Optik ve Saat 3 Market ve Gıda 4 E-Ticaret 2 Elektronik ve Telekomünikasyon 3 Yapı Sektörü ve İklimlendirme 2 Akaryakıt 12 Diğer Kampanyalar 1 Eğitim, Kitap ve Kırtasiye 1 Genel Kampanyalar 6 Turizm ve Seyahat 0 Hobi ve Oyuncak 15 Mobilya ve Dekorasyon 4 Beyaz Eşya ve Ev Aletleri 17 Giyim ve Aksesuar Arşiv Alfemo'da 5 Taksit Kampanya Dönemi 27-11-2025 - 31-08-2026 Sektör: Mobilya ve Dekorasyon Kampanya Koşulları: Ziraat Katılım Bankkart kredi kartınız ile Alfemo'dan yapacağınız alışverişlerinizi 5 taksitli gerçekleştirebilirsiniz. İşleminiz esnasında satış yetkilisine taksit talebinizi hatırlatmanızda fayda bulunmaktadır. Taksit seçenekleri Bankkart yetkili üye işyerlerinde geçerlidir.",https://ziraatkatilim.com.tr/kart-kampanyalari/alfemoda-5-taksit,2026-08-05T05:32:13+00:00,official_source_date_gated
253,Ziraat Katılım,Amazon'da 9'a varan Taksit,Kart / Taksit Kampanyası,card_campaign,,9 taksit · 500 puan,"Kart Sahipleri,Bireysel Müşteriler",,,,,,,500 puan,1.000 TL,3.000 TL,,,2025-11-13,2026-08-31,,"Tüm Kampanyalar 2 Kuyum, Optik ve Saat 3 Market ve Gıda 4 E-Ticaret 2 Elektronik ve Telekomünikasyon 3 Yapı Sektörü ve İklimlendirme 2 Akaryakıt 12 Diğer Kampanyalar 1 Eğitim, Kitap ve Kırtasiye 1 Genel Kampanyalar 6 Turizm ve Seyahat 0 Hobi ve Oyuncak 15 Mobilya ve Dekorasyon 4 Beyaz Eşya ve Ev Aletleri 17 Giyim ve Aksesuar Arşiv Amazon'da 9'a varan Taksit Kampanya Dönemi 13-11-2025 - 31-08-2026 Sektör: Diğer Ziraat Katılım Bankkart kredi kartı ile amazon.com.tr'den tek seferde yapacağınız; 1.000 TL ve üzeri alışverişlerinizde peşin fiyatına 3 taksit, 6.000 TL ve üzeri alışverişlerinizde peşin fiyatına 6 taksit fırsatından yararlanabilirsiniz. Seçili ürünlerde yapacağınız 10.000 TL ve üzeri alışverişlerinizde",https://ziraatkatilim.com.tr/kart-kampanyalari/amazonda-9a-varan-taksit,2026-08-05T05:32:13+00:00,official_source_date_gated
255,Ziraat Katılım,BAUHAUS’ta 3 Taksit,Kart / Taksit Kampanyası,card_campaign,,3 taksit,"Kart Sahipleri,Bireysel Müşteriler",3 taksit,,,,,,,,,,,2025-04-01,2026-08-31,,"Tüm Kampanyalar 2 Kuyum, Optik ve Saat 3 Market ve Gıda 4 E-Ticaret 2 Elektronik ve Telekomünikasyon 3 Yapı Sektörü ve İklimlendirme 2 Akaryakıt 12 Diğer Kampanyalar 1 Eğitim, Kitap ve Kırtasiye 1 Genel Kampanyalar 6 Turizm ve Seyahat 0 Hobi ve Oyuncak 15 Mobilya ve Dekorasyon 4 Beyaz Eşya ve Ev Aletleri 17 Giyim ve Aksesuar Arşiv BAUHAUS’ta 3 Taksit Kampanya Dönemi 01-04-2025 - 31-08-2026 Sektör: Yapı Sektörü ve İklimlendirme Ziraat Katılım Bankkart kredi kartınız ile BAUHAUS ’ta yapacağınız alışverişlerinizde 3 taksit fırsatından faydalanabilirsiniz. Kampanya Koşulları: Ziraat Katılım Bankkart kredi kartınız ile BAUHAUS ’ta yapacağınız alışverişlerinizi 3 taksitli gerçekleştirebilirsiniz . Kampanyadan faydala",https://ziraatkatilim.com.tr/kart-kampanyalari/bauhausta-3-taksit,2026-08-05T05:32:13+00:00,official_source_date_gated
256,Ziraat Katılım,Bellona'da 5 Taksit,Kart / Taksit Kampanyası,card_campaign,,5 taksit,"Kart Sahipleri,Bireysel Müşteriler",5 taksit,,,,,,,,,,,2025-04-01,2026-08-31,,"Tüm Kampanyalar 2 Kuyum, Optik ve Saat 3 Market ve Gıda 4 E-Ticaret 2 Elektronik ve Telekomünikasyon 3 Yapı Sektörü ve İklimlendirme 2 Akaryakıt 12 Diğer Kampanyalar 1 Eğitim, Kitap ve Kırtasiye 1 Genel Kampanyalar 6 Turizm ve Seyahat 0 Hobi ve Oyuncak 15 Mobilya ve Dekorasyon 4 Beyaz Eşya ve Ev Aletleri 17 Giyim ve Aksesuar Arşiv Bellona'da 5 Taksit Kampanya Dönemi 01-04-2025 - 31-08-2026 Sektör: Mobilya ve Dekorasyon Ziraat Katılım Bankkart kredi kartınız ile Bellona 'da yapacağınız alışverişlerinizde 5 taksit fırsatından faydalanabilirsiniz. Kampanya Koşulları: Ziraat Katılım Bankkart kredi kartınız ile Bellona 'da yapacağınız alışverişlerinizi 5 taksitli gerçekleştirebilirsiniz. Kampanyadan faydalanabilmek",https://ziraatkatilim.com.tr/kart-kampanyalari/bellonada-5-taksit,2026-08-05T05:32:13+00:00,official_source_date_gated
257,Ziraat Katılım,Benetton'da 2 Taksit,Kart / Taksit Kampanyası,card_campaign,,2 taksit,"Kart Sahipleri,Bireysel Müşteriler",2 taksit,,,,,,,,,,,2025-04-01,2026-08-31,,"Tüm Kampanyalar 2 Kuyum, Optik ve Saat 3 Market ve Gıda 4 E-Ticaret 2 Elektronik ve Telekomünikasyon 3 Yapı Sektörü ve İklimlendirme 2 Akaryakıt 12 Diğer Kampanyalar 1 Eğitim, Kitap ve Kırtasiye 1 Genel Kampanyalar 6 Turizm ve Seyahat 0 Hobi ve Oyuncak 15 Mobilya ve Dekorasyon 4 Beyaz Eşya ve Ev Aletleri 17 Giyim ve Aksesuar Arşiv Benetton'da 2 Taksit Kampanya Dönemi 01-04-2025 - 31-08-2026 Sektör: Giyim ve Aksesuar Ziraat Katılım Bankkart kredi kartınız ile Benetton ’da yapacağınız alışverişlerinizde 2 taksit fırsatından faydalanabilirsiniz. Kampanya Koşulları: Ziraat Katılım Bankkart kredi kartınız ile Benetton ’da yapacağınız alışverişlerinizi 2 taksitli gerçekleştirebilirsiniz. Kampanyadan faydalanabilmek i",https://ziraatkatilim.com.tr/kart-kampanyalari/benettonda-2-taksit,2026-08-05T05:32:13+00:00,official_source_date_gated
258,Ziraat Katılım,Chakra'da 6 Taksit,Kart / Taksit Kampanyası,card_campaign,,6 taksit,Kart Sahipleri,6 taksit,,,,,,,,,,,2026-03-02,2026-08-31,,"Tüm Kampanyalar 2 Kuyum, Optik ve Saat 3 Market ve Gıda 4 E-Ticaret 2 Elektronik ve Telekomünikasyon 3 Yapı Sektörü ve İklimlendirme 2 Akaryakıt 12 Diğer Kampanyalar 1 Eğitim, Kitap ve Kırtasiye 1 Genel Kampanyalar 6 Turizm ve Seyahat 0 Hobi ve Oyuncak 15 Mobilya ve Dekorasyon 4 Beyaz Eşya ve Ev Aletleri 17 Giyim ve Aksesuar Arşiv Chakra'da 6 Taksit Kampanya Dönemi 02-03-2026 - 31-08-2026 Ziraat Katılım Bankkart kredi kartınız ile Chakra' da yapacağınız alışverişlerinizde peşin fiyatına 6 taksit fırsatından faydalanabilirsiniz. Ziraat Katılım Bankkart kredi kartınız ile Chakra mağazalarından veya chakra.com.tr' den yapacağınız alışverişlerinizi 6 taksitli gerçekleştirebilirsiniz. İşleminiz esnasında satış yetki",https://ziraatkatilim.com.tr/kart-kampanyalari/chakrada-6-taksit-0,2026-08-05T05:32:13+00:00,official_source_date_gated
260,Ziraat Katılım,Dagi’de 2 Taksit,Kart / Taksit Kampanyası,card_campaign,,2 taksit,"Kart Sahipleri,Bireysel Müşteriler",2 taksit,,,,,,,,,,,2025-04-01,2026-08-31,,"Tüm Kampanyalar 2 Kuyum, Optik ve Saat 3 Market ve Gıda 4 E-Ticaret 2 Elektronik ve Telekomünikasyon 3 Yapı Sektörü ve İklimlendirme 2 Akaryakıt 12 Diğer Kampanyalar 1 Eğitim, Kitap ve Kırtasiye 1 Genel Kampanyalar 6 Turizm ve Seyahat 0 Hobi ve Oyuncak 15 Mobilya ve Dekorasyon 4 Beyaz Eşya ve Ev Aletleri 17 Giyim ve Aksesuar Arşiv Dagi’de 2 Taksit Kampanya Dönemi 01-04-2025 - 31-08-2026 Sektör: Giyim ve Aksesuar Ziraat Katılım Bankkart kredi kartınız ile Dagi 'de yapacağınız alışverişlerinizde 2 taksit fırsatından faydalanabilirsiniz. Kampanya Koşulları: Ziraat Katılım Bankkart kredi kartınız ile Dagi 'de yapacağınız alışverişlerinizi 2 taksitli gerçekleştirebilirsiniz. Kampanyadan faydalanabilmek için işlemler",https://ziraatkatilim.com.tr/kart-kampanyalari/dagide-2-taksit,2026-08-05T05:32:13+00:00,official_source_date_gated
261,Ziraat Katılım,Decathlon'da 4 Taksit,Kart / Taksit Kampanyası,card_campaign,,4 taksit,"Kart Sahipleri,Bireysel Müşteriler",4 taksit,,,,,,1.000 puan,,,,,2025-04-01,2026-08-31,,"Tüm Kampanyalar 2 Kuyum, Optik ve Saat 3 Market ve Gıda 4 E-Ticaret 2 Elektronik ve Telekomünikasyon 3 Yapı Sektörü ve İklimlendirme 2 Akaryakıt 12 Diğer Kampanyalar 1 Eğitim, Kitap ve Kırtasiye 1 Genel Kampanyalar 6 Turizm ve Seyahat 0 Hobi ve Oyuncak 15 Mobilya ve Dekorasyon 4 Beyaz Eşya ve Ev Aletleri 17 Giyim ve Aksesuar Arşiv Decathlon'da 4 Taksit Kampanya Dönemi 01-04-2025 - 31-08-2026 Sektör: Giyim ve Aksesuar Ziraat Katılım Bankkart kredi kartınız ile Decathlon'da yapacağınız alışverişlerinizde 4 taksit fırsatından faydalanabilirsiniz. Kampanya Koşulları: Ziraat Katılım Bankkart kredi kartınız ile Decathlon'da yapacağınız alışverişlerinizi 4 taksitli gerçekleştirebilirsiniz. Kampanyadan faydalanabilmek",https://ziraatkatilim.com.tr/kart-kampanyalari/decathlonda-4-taksit,2026-08-05T05:32:13+00:00,official_source_date_gated
262,Ziraat Katılım,Desa’da 2 Taksit,Kart / Taksit Kampanyası,card_campaign,,2 taksit,"Kart Sahipleri,Bireysel Müşteriler",2 taksit,,,,,,,,,,,2025-04-01,2026-08-31,,"Tüm Kampanyalar 2 Kuyum, Optik ve Saat 3 Market ve Gıda 4 E-Ticaret 2 Elektronik ve Telekomünikasyon 3 Yapı Sektörü ve İklimlendirme 2 Akaryakıt 12 Diğer Kampanyalar 1 Eğitim, Kitap ve Kırtasiye 1 Genel Kampanyalar 6 Turizm ve Seyahat 0 Hobi ve Oyuncak 15 Mobilya ve Dekorasyon 4 Beyaz Eşya ve Ev Aletleri 17 Giyim ve Aksesuar Arşiv Desa’da 2 Taksit Kampanya Dönemi 01-04-2025 - 31-08-2026 Sektör: Giyim ve Aksesuar Ziraat Katılım Bankkart kredi kartınız ile Desa 'da yapacağınız alışverişlerinizde 2 taksit fırsatından faydalanabilirsiniz. Kampanya Koşulları: Ziraat Katılım Bankkart kredi kartınız ile Desa 'da yapacağınız alışverişlerinizi 2 taksitli gerçekleştirebilirsiniz. Kampanyadan faydalanabilmek için işlemler",https://ziraatkatilim.com.tr/kart-kampanyalari/desada-2-taksit,2026-08-05T05:32:13+00:00,official_source_date_gated
263,Ziraat Katılım,Divanev’de 8 Taksit,Kart / Taksit Kampanyası,card_campaign,,8 taksit,"Kart Sahipleri,Bireysel Müşteriler",8 taksit,,,,,,,,,,,2026-02-03,2026-08-31,,"Tüm Kampanyalar 2 Kuyum, Optik ve Saat 3 Market ve Gıda 4 E-Ticaret 2 Elektronik ve Telekomünikasyon 3 Yapı Sektörü ve İklimlendirme 2 Akaryakıt 12 Diğer Kampanyalar 1 Eğitim, Kitap ve Kırtasiye 1 Genel Kampanyalar 6 Turizm ve Seyahat 0 Hobi ve Oyuncak 15 Mobilya ve Dekorasyon 4 Beyaz Eşya ve Ev Aletleri 17 Giyim ve Aksesuar Arşiv Divanev’de 8 Taksit Kampanya Dönemi 03-02-2026 - 31-08-2026 Sektör: Mobilya ve Dekorasyon Ziraat Katılım Bankkart kredi kartınız ile Divanev 'de yapacağınız alışverişlerinizde peşin fiyatına 8 taksit fırsatından faydalanabilirsiniz. Kampanya Koşulları: Ziraat Katılım Bankkart kredi kartınız ile Bankkart anlaşmalı Divanev mağazalarından ve divanev.com.tr 'den yapacağınız alışverişlerin",https://ziraatkatilim.com.tr/kart-kampanyalari/divanevde-8-taksit,2026-08-05T05:32:13+00:00,official_source_date_gated
264,Ziraat Katılım,Doğtaş’ta 6 Taksit,Kart / Taksit Kampanyası,card_campaign,,6 taksit,"Kart Sahipleri,Bireysel Müşteriler",6 taksit,,,,,,,,,,,2025-04-01,2026-08-31,,"Tüm Kampanyalar 2 Kuyum, Optik ve Saat 3 Market ve Gıda 4 E-Ticaret 2 Elektronik ve Telekomünikasyon 3 Yapı Sektörü ve İklimlendirme 2 Akaryakıt 12 Diğer Kampanyalar 1 Eğitim, Kitap ve Kırtasiye 1 Genel Kampanyalar 6 Turizm ve Seyahat 0 Hobi ve Oyuncak 15 Mobilya ve Dekorasyon 4 Beyaz Eşya ve Ev Aletleri 17 Giyim ve Aksesuar Arşiv Doğtaş’ta 6 Taksit Kampanya Dönemi 01-04-2025 - 31-08-2026 Sektör: Mobilya ve Dekorasyon Ziraat Katılım Bankkart kredi kartınız ile Doğtaş 'ta yapacağınız alışverişlerinizde 6 taksit fırsatından faydalanabilirsiniz. Kampanya Koşulları: Ziraat Katılım Bankkart kredi kartınız ile Doğtaş 'ta yapacağınız alışverişlerinizde 6 taksit fırsatından faydalanabilirsiniz. Kampanyadan faydalanabil",https://ziraatkatilim.com.tr/kart-kampanyalari/dogtasta-6-taksit,2026-08-05T05:32:13+00:00,official_source_date_gated
265,Ziraat Katılım,E-bebek'te 8 Taksit,Kart / Taksit Kampanyası,card_campaign,,8 taksit,"Kart Sahipleri,Bireysel Müşteriler",8 taksit,,,,,,1.000 puan,2.000 TL,,,,2025-04-01,2026-08-31,,"Tüm Kampanyalar 2 Kuyum, Optik ve Saat 3 Market ve Gıda 4 E-Ticaret 2 Elektronik ve Telekomünikasyon 3 Yapı Sektörü ve İklimlendirme 2 Akaryakıt 12 Diğer Kampanyalar 1 Eğitim, Kitap ve Kırtasiye 1 Genel Kampanyalar 6 Turizm ve Seyahat 0 Hobi ve Oyuncak 15 Mobilya ve Dekorasyon 4 Beyaz Eşya ve Ev Aletleri 17 Giyim ve Aksesuar Arşiv E-bebek'te 8 Taksit Kampanya Dönemi 01-04-2025 - 31-08-2026 Sektör: Giyim ve Aksesuar Ziraat Katılım Bankkart kredi kartınız ile Ebebek 'te yapacağınız 2.000 TL ve üzeri alışverişlerinizde 4 taksit fırsatından faydalanabilirsiniz. Kampanya Koşulları: Ziraat Katılım Bankkart kredi kartınız ile Ebebek 'te yapacağınız 5.000 TL ve üzeri alışverişlerinizi 8 taksitli gerçekleştirebilirsiniz",https://ziraatkatilim.com.tr/kart-kampanyalari/e-bebekte-8-taksit,2026-08-05T05:32:13+00:00,official_source_date_gated
267,Ziraat Katılım,E.C.A. Kombi’de 12 Taksit,Kart / Taksit Kampanyası,card_campaign,,12 taksit,"Kart Sahipleri,Bireysel Müşteriler",12 taksit,,,,,,,,,,,2025-04-01,2026-08-31,,"Tüm Kampanyalar 2 Kuyum, Optik ve Saat 3 Market ve Gıda 4 E-Ticaret 2 Elektronik ve Telekomünikasyon 3 Yapı Sektörü ve İklimlendirme 2 Akaryakıt 12 Diğer Kampanyalar 1 Eğitim, Kitap ve Kırtasiye 1 Genel Kampanyalar 6 Turizm ve Seyahat 0 Hobi ve Oyuncak 15 Mobilya ve Dekorasyon 4 Beyaz Eşya ve Ev Aletleri 17 Giyim ve Aksesuar Arşiv E.C.A. Kombi’de 12 Taksit Kampanya Dönemi 01-04-2025 - 31-08-2026 Sektör: Yapı Sektörü ve İklimlendirme Ziraat Katılım Bankkart kredi kartınız ile E.C.A. Kombi ’de yapacağınız alışverişlerinizde 12 taksit fırsatından faydalanabilirsiniz. Kampanya Koşulları: Ziraat Katılım Bankkart kredi kartınız ile E.C.A. Kombi ’de yapacağınız alışverişlerinizi 12 taksitli gerçekleştirebilirsiniz . K",https://ziraatkatilim.com.tr/kart-kampanyalari/eca-kombide-12-taksit,2026-08-05T05:32:13+00:00,official_source_date_gated
269,Ziraat Katılım,Enplus’ta 4 Taksit,Kart / Taksit Kampanyası,card_campaign,,4 taksit,"Kart Sahipleri,Bireysel Müşteriler",4 taksit,,,,,,,,,,,2025-04-01,2026-08-31,,"Tüm Kampanyalar 2 Kuyum, Optik ve Saat 3 Market ve Gıda 4 E-Ticaret 2 Elektronik ve Telekomünikasyon 3 Yapı Sektörü ve İklimlendirme 2 Akaryakıt 12 Diğer Kampanyalar 1 Eğitim, Kitap ve Kırtasiye 1 Genel Kampanyalar 6 Turizm ve Seyahat 0 Hobi ve Oyuncak 15 Mobilya ve Dekorasyon 4 Beyaz Eşya ve Ev Aletleri 17 Giyim ve Aksesuar Arşiv Enplus’ta 4 Taksit Kampanya Dönemi 01-04-2025 - 31-08-2026 Sektör: Beyaz Eşya ve Ev Aletleri Ziraat Katılım Bankkart kredi kartınız ile ENPLUS ’ta yapacağınız alışverişlerinizde peşin fiyatına 4 taksit fırsatından faydalanabilirsiniz. Kampanya Koşulları: Ziraat Katılım Bankkart kredi kartınız ile ENPLUS mağazalarından ve enplus.com.tr adresinden yapacağınız alışverişlerinizi peşin fiy",https://ziraatkatilim.com.tr/kart-kampanyalari/enplusta-4-taksit,2026-08-05T05:32:13+00:00,official_source_date_gated
271,Ziraat Katılım,Enza Home'da 8 Taksit,Kart / Taksit Kampanyası,card_campaign,,8 taksit,"Kart Sahipleri,Bireysel Müşteriler",8 taksit,,,,,,,,,,,2026-02-03,2026-08-31,,"Tüm Kampanyalar 2 Kuyum, Optik ve Saat 3 Market ve Gıda 4 E-Ticaret 2 Elektronik ve Telekomünikasyon 3 Yapı Sektörü ve İklimlendirme 2 Akaryakıt 12 Diğer Kampanyalar 1 Eğitim, Kitap ve Kırtasiye 1 Genel Kampanyalar 6 Turizm ve Seyahat 0 Hobi ve Oyuncak 15 Mobilya ve Dekorasyon 4 Beyaz Eşya ve Ev Aletleri 17 Giyim ve Aksesuar Arşiv Enza Home'da 8 Taksit Kampanya Dönemi 03-02-2026 - 31-08-2026 Sektör: Mobilya ve Dekorasyon Ziraat Katılım Bankkart kredi kartınız ile Enza Home 'da yapacağınız alışverişlerinizde peşin fiyatına 8 taksit fırsatından faydalanabilirsiniz. Kampanya Koşulları: Ziraat Katılım Bankkart kredi kartınız ile Bankkart anlaşmalı Enza Home mağazalarından yapacağınız alışverişlerinizi peşin fiyatın",https://ziraatkatilim.com.tr/kart-kampanyalari/enza-homeda-8-taksit,2026-08-05T05:32:13+00:00,official_source_date_gated
272,Ziraat Katılım,Faik Sönmez’de 3 Taksit,Kart / Taksit Kampanyası,card_campaign,,3 taksit,"Kart Sahipleri,Bireysel Müşteriler",3 taksit,,,,,,,,,,,2025-04-01,2026-08-31,,"Tüm Kampanyalar 2 Kuyum, Optik ve Saat 3 Market ve Gıda 4 E-Ticaret 2 Elektronik ve Telekomünikasyon 3 Yapı Sektörü ve İklimlendirme 2 Akaryakıt 12 Diğer Kampanyalar 1 Eğitim, Kitap ve Kırtasiye 1 Genel Kampanyalar 6 Turizm ve Seyahat 0 Hobi ve Oyuncak 15 Mobilya ve Dekorasyon 4 Beyaz Eşya ve Ev Aletleri 17 Giyim ve Aksesuar Arşiv Faik Sönmez’de 3 Taksit Kampanya Dönemi 01-04-2025 - 31-08-2026 Sektör: Giyim ve Aksesuar Ziraat Katılım Bankkart kredi kartınız ile Faik Sönmez 'de yapacağınız alışverişlerinizde 3 taksit fırsatından faydalanabilirsiniz. Kampanya Koşulları: Ziraat Katılım Bankkart kredi kartınız ile Faik Sönmez 'de yapacağınız alışverişlerinizi 3 taksitli gerçekleştirebilirsiniz. Kampanyadan faydalan",https://ziraatkatilim.com.tr/kart-kampanyalari/faik-sonmezde-3-taksit,2026-08-05T05:32:13+00:00,official_source_date_gated
277,Ziraat Katılım,IKEA'da 6 Taksit,Kart / Taksit Kampanyası,card_campaign,,6 taksit,Bireysel Müşteriler,6 taksit,,,,,,,1.500 TL,,,,2024-04-01,2026-08-31,,"Tüm Kampanyalar 2 Kuyum, Optik ve Saat 3 Market ve Gıda 4 E-Ticaret 2 Elektronik ve Telekomünikasyon 3 Yapı Sektörü ve İklimlendirme 2 Akaryakıt 12 Diğer Kampanyalar 1 Eğitim, Kitap ve Kırtasiye 1 Genel Kampanyalar 6 Turizm ve Seyahat 0 Hobi ve Oyuncak 15 Mobilya ve Dekorasyon 4 Beyaz Eşya ve Ev Aletleri 17 Giyim ve Aksesuar Arşiv IKEA'da 6 Taksit Kampanya Dönemi 01-04-2024 - 31-08-2026 Sektör: Mobilya ve Dekorasyon Kampanya Koşulları Ziraat Katılım Bankkart kredi kartınız ve IKEA Aile ile IKEA mağazalarından veya ikea.com.tr 'den yapacağınız; 1.500 TL ve üzeri alışverişlerinizde peşin fiyatına 3 taksit, 7.500 TL ve üzeri mobilya ve ev aksesuarı alışverişlerinizde peşin fiyatına 6 taksit fırsatından faydalanabi",https://ziraatkatilim.com.tr/kart-kampanyalari/ikeada-6-taksit,2026-08-05T05:32:13+00:00,official_source_date_gated
282,Ziraat Katılım,Karaca'da 3 Taksit,Kart / Taksit Kampanyası,card_campaign,,3 taksit,"Kart Sahipleri,Bireysel Müşteriler",3 taksit,,,,,,,5.000 TL,,,,2025-11-03,2026-08-31,,"Tüm Kampanyalar 2 Kuyum, Optik ve Saat 3 Market ve Gıda 4 E-Ticaret 2 Elektronik ve Telekomünikasyon 3 Yapı Sektörü ve İklimlendirme 2 Akaryakıt 12 Diğer Kampanyalar 1 Eğitim, Kitap ve Kırtasiye 1 Genel Kampanyalar 6 Turizm ve Seyahat 0 Hobi ve Oyuncak 15 Mobilya ve Dekorasyon 4 Beyaz Eşya ve Ev Aletleri 17 Giyim ve Aksesuar Arşiv Karaca'da 3 Taksit Kampanya Dönemi 03-11-2025 - 31-08-2026 Sektör: Çok Reyonlu Mağazalar Kampanya Koşulları: Ziraat Katılım Bankkart kredi kartı ile Karaca mağazalarından ve www.karaca.com adresinden tek seferde yapacağınız 5.000 TL ve üzeri alışverişlerinizde peşin fiyatına 3 taksit fırsatından faydalanabilirsiniz. İşlemlerin Bankkart anlaşmalı üye işyerlerinde ve Bankkart POS'undan",https://ziraatkatilim.com.tr/kart-kampanyalari/karacada-3-taksit,2026-08-05T05:32:13+00:00,official_source_date_gated
283,Ziraat Katılım,Kelebek’te 6 Taksit,Kart / Taksit Kampanyası,card_campaign,,6 taksit,"Kart Sahipleri,Bireysel Müşteriler",6 taksit,,,,,,,,,,,2025-04-01,2026-08-31,,"Tüm Kampanyalar 2 Kuyum, Optik ve Saat 3 Market ve Gıda 4 E-Ticaret 2 Elektronik ve Telekomünikasyon 3 Yapı Sektörü ve İklimlendirme 2 Akaryakıt 12 Diğer Kampanyalar 1 Eğitim, Kitap ve Kırtasiye 1 Genel Kampanyalar 6 Turizm ve Seyahat 0 Hobi ve Oyuncak 15 Mobilya ve Dekorasyon 4 Beyaz Eşya ve Ev Aletleri 17 Giyim ve Aksesuar Arşiv Kelebek’te 6 Taksit Kampanya Dönemi 01-04-2025 - 31-08-2026 Sektör: Mobilya ve Dekorasyon Ziraat Katılım Bankkart kredi kartınız ile Kelebek ’te yapacağınız alışverişlerinizde 6 taksit fırsatından faydalanabilirsiniz. Kampanya Koşulları: Ziraat Katılım Bankkart kredi kartınız ile Kelebek ’te yapacağınız alışverişlerinizi 6 taksitli gerçekleştirebilirsiniz. Kampanyadan faydalanabilmek",https://ziraatkatilim.com.tr/kart-kampanyalari/kelebekte-6-taksit,2026-08-05T05:32:13+00:00,official_source_date_gated
284,Ziraat Katılım,Kiğılı’da 2 Taksit,Kart / Taksit Kampanyası,card_campaign,,2 taksit,"Kart Sahipleri,Bireysel Müşteriler",2 taksit,,,,,,,,,,,2025-04-01,2026-08-31,,"Tüm Kampanyalar 2 Kuyum, Optik ve Saat 3 Market ve Gıda 4 E-Ticaret 2 Elektronik ve Telekomünikasyon 3 Yapı Sektörü ve İklimlendirme 2 Akaryakıt 12 Diğer Kampanyalar 1 Eğitim, Kitap ve Kırtasiye 1 Genel Kampanyalar 6 Turizm ve Seyahat 0 Hobi ve Oyuncak 15 Mobilya ve Dekorasyon 4 Beyaz Eşya ve Ev Aletleri 17 Giyim ve Aksesuar Arşiv Kiğılı’da 2 Taksit Kampanya Dönemi 01-04-2025 - 31-08-2026 Sektör: Giyim ve Aksesuar Ziraat Katılım Bankkart kredi kartınız ile Kiğılı ’da yapacağınız alışverişlerinizde 2 taksit fırsatından faydalanabilirsiniz. Kampanya Koşulları: Ziraat Katılım Bankkart kredi kartınız ile Kiğılı ’da yapacağınız alışverişlerinizi 2 taksitli gerçekleştirebilirsiniz. Kampanyadan faydalanabilmek için iş",https://ziraatkatilim.com.tr/kart-kampanyalari/kigilida-2-taksit,2026-08-05T05:32:13+00:00,official_source_date_gated
285,Ziraat Katılım,KİP’te 4 Taksit,Kart / Taksit Kampanyası,card_campaign,,4 taksit,"Kart Sahipleri,Bireysel Müşteriler",4 taksit,,,,,,1.000 puan,,,,,2025-06-12,2026-08-31,,"Tüm Kampanyalar 2 Kuyum, Optik ve Saat 3 Market ve Gıda 4 E-Ticaret 2 Elektronik ve Telekomünikasyon 3 Yapı Sektörü ve İklimlendirme 2 Akaryakıt 12 Diğer Kampanyalar 1 Eğitim, Kitap ve Kırtasiye 1 Genel Kampanyalar 6 Turizm ve Seyahat 0 Hobi ve Oyuncak 15 Mobilya ve Dekorasyon 4 Beyaz Eşya ve Ev Aletleri 17 Giyim ve Aksesuar Arşiv KİP’te 4 Taksit Kampanya Dönemi 12-06-2025 - 31-08-2026 Sektör: Giyim ve Aksesuar Ziraat Katılım Bankkart kredi kartınız ile KİP mağazalarından ve kip.com.tr 'den yapacağınız alışverişlerinizde peşin fiyatına 4 taksit fırsatından faydalanabilirsiniz. Kampanya Koşulları: Ziraat Katılım Bankkart kredi kartınız ile KİP mağazalarından ve kip.com.tr 'den yapacağınız alışverişlerinizi peşin",https://ziraatkatilim.com.tr/kart-kampanyalari/kipte-4-taksit,2026-08-05T05:32:13+00:00,official_source_date_gated
287,Ziraat Katılım,Machka’da 4 Taksit,Kart / Taksit Kampanyası,card_campaign,,4 taksit,"Kart Sahipleri,Bireysel Müşteriler",4 taksit,,,,,,,,,,,2024-04-01,2026-08-31,,"Tüm Kampanyalar 2 Kuyum, Optik ve Saat 3 Market ve Gıda 4 E-Ticaret 2 Elektronik ve Telekomünikasyon 3 Yapı Sektörü ve İklimlendirme 2 Akaryakıt 12 Diğer Kampanyalar 1 Eğitim, Kitap ve Kırtasiye 1 Genel Kampanyalar 6 Turizm ve Seyahat 0 Hobi ve Oyuncak 15 Mobilya ve Dekorasyon 4 Beyaz Eşya ve Ev Aletleri 17 Giyim ve Aksesuar Arşiv Machka’da 4 Taksit Kampanya Dönemi 01-04-2024 - 31-08-2026 Sektör: Giyim ve Aksesuar Ziraat Katılım Bankkart kredi kartınız ile Machka 'da yapacağınız alışverişlerinizde peşin fiyatına 4 taksit fırsatından faydalanabilirsiniz. Kampanya Koşulları: Ziraat Katılım Bankkart kredi kartınız ile Machka ’da yapacağınız alışverişlerinizi 4 taksitli gerçekleştirebilirsiniz. Kampanyadan faydalan",https://ziraatkatilim.com.tr/kart-kampanyalari/machkada-4-taksit,2026-08-05T05:32:13+00:00,official_source_date_gated
289,Ziraat Katılım,Mavi'de 4 Taksit,Kart / Taksit Kampanyası,card_campaign,,4 taksit,"Kart Sahipleri,Bireysel Müşteriler",4 taksit,,,,,,,,,,,2025-08-21,2026-08-31,,"Tüm Kampanyalar 2 Kuyum, Optik ve Saat 3 Market ve Gıda 4 E-Ticaret 2 Elektronik ve Telekomünikasyon 3 Yapı Sektörü ve İklimlendirme 2 Akaryakıt 12 Diğer Kampanyalar 1 Eğitim, Kitap ve Kırtasiye 1 Genel Kampanyalar 6 Turizm ve Seyahat 0 Hobi ve Oyuncak 15 Mobilya ve Dekorasyon 4 Beyaz Eşya ve Ev Aletleri 17 Giyim ve Aksesuar Arşiv Mavi'de 4 Taksit Kampanya Dönemi 21-08-2025 - 31-08-2026 Sektör: Giyim ve Aksesuar Kampanya Koşulları: Ziraat Katılım Bankkart kredi kartınız ile Mavi mağazalarında ve mavi.com sayfasında yapacağınız alışverişlerinizde peşin fiyatına 4 taksit fırsatından faydalanabilirsiniz. İşleminiz esnasında satış yetkilisine taksit talebinizi hatırlatmanızda fayda bulunmaktadır. Taksit seçenekleri",https://ziraatkatilim.com.tr/kart-kampanyalari/mavide-4-taksit,2026-08-05T05:32:13+00:00,official_source_date_gated
290,Ziraat Katılım,Michelin’de 4 Taksit,Kart / Taksit Kampanyası,card_campaign,,4 taksit,"Kart Sahipleri,Bireysel Müşteriler",4 taksit,,,,,,5.000 puan,,,,,2025-04-01,2026-08-31,,"Tüm Kampanyalar 2 Kuyum, Optik ve Saat 3 Market ve Gıda 4 E-Ticaret 2 Elektronik ve Telekomünikasyon 3 Yapı Sektörü ve İklimlendirme 2 Akaryakıt 12 Diğer Kampanyalar 1 Eğitim, Kitap ve Kırtasiye 1 Genel Kampanyalar 6 Turizm ve Seyahat 0 Hobi ve Oyuncak 15 Mobilya ve Dekorasyon 4 Beyaz Eşya ve Ev Aletleri 17 Giyim ve Aksesuar Arşiv Michelin’de 4 Taksit Kampanya Dönemi 01-04-2025 - 31-08-2026 Sektör: Araç Satış / Servis ve Yedek Parça Ziraat Katılım Bankkart kredi kartınız ile Michelin ’de yapacağınız alışverişlerinizde 4 taksit fırsatından faydalanabilirsiniz. Kampanya Koşulları: Ziraat Katılım Bankkart kredi kartınız ile Michelin ’de yapacağınız alışverişlerinizi 4 taksitli gerçekleştirebilirsiniz . Kampanyadan",https://ziraatkatilim.com.tr/kart-kampanyalari/michelinde-4-taksit,2026-08-05T05:32:13+00:00,official_source_date_gated
291,Ziraat Katılım,Miele'de 6 Taksit,Kart / Taksit Kampanyası,card_campaign,,6 taksit,"Kart Sahipleri,Bireysel Müşteriler",6 taksit,,,,,,,,,,,2025-05-26,2026-08-31,,"Tüm Kampanyalar 2 Kuyum, Optik ve Saat 3 Market ve Gıda 4 E-Ticaret 2 Elektronik ve Telekomünikasyon 3 Yapı Sektörü ve İklimlendirme 2 Akaryakıt 12 Diğer Kampanyalar 1 Eğitim, Kitap ve Kırtasiye 1 Genel Kampanyalar 6 Turizm ve Seyahat 0 Hobi ve Oyuncak 15 Mobilya ve Dekorasyon 4 Beyaz Eşya ve Ev Aletleri 17 Giyim ve Aksesuar Arşiv Miele'de 6 Taksit Kampanya Dönemi 26-05-2025 - 31-08-2026 Sektör: Beyaz Eşya Ziraat Katılım Bankkart kredi kartınız ile Miele mağazaları ve shop.miele.com.tr sayfasından yapacağınız alışverişlerinizde 6 taksit fırsatından faydalanabilirsiniz. Kampanya Koşulları: Ziraat Katılım Bankkart kredi kartınız ile Miele mağazaları ve shop.miele.com.tr sayfasından yapacağınız alışverişlerinizi p",https://ziraatkatilim.com.tr/kart-kampanyalari/mielede-6-taksit,2026-08-05T05:32:13+00:00,official_source_date_gated
292,Ziraat Katılım,ModaLife'ta 9 Taksit,Kart / Taksit Kampanyası,card_campaign,,9 taksit,"Kart Sahipleri,Bireysel Müşteriler",9 taksit,,,,,,,,,,,2025-10-16,2026-08-31,,"Tüm Kampanyalar 2 Kuyum, Optik ve Saat 3 Market ve Gıda 4 E-Ticaret 2 Elektronik ve Telekomünikasyon 3 Yapı Sektörü ve İklimlendirme 2 Akaryakıt 12 Diğer Kampanyalar 1 Eğitim, Kitap ve Kırtasiye 1 Genel Kampanyalar 6 Turizm ve Seyahat 0 Hobi ve Oyuncak 15 Mobilya ve Dekorasyon 4 Beyaz Eşya ve Ev Aletleri 17 Giyim ve Aksesuar Arşiv ModaLife'ta 9 Taksit Kampanya Dönemi 16-10-2025 - 31-08-2026 Sektör: Mobilya ve Dekorasyon Kampanya Koşulları: Ziraat Katılım Bankkart kredi kartınız ile ModaLife 'ta yapacağınız alışverişlerinizi 9 taksitli gerçekleştirebilirsiniz. İşleminiz esnasında satış yetkilisine taksit talebinizi hatırlatmanızda fayda bulunmaktadır. Ücretsiz ve ticari kredi kartlarımız kampanyaya dahil değildi",https://ziraatkatilim.com.tr/kart-kampanyalari/modalifeta-9-taksit,2026-08-05T05:32:13+00:00,official_source_date_gated
293,Ziraat Katılım,Mondihome'da 5 Taksit,Kart / Taksit Kampanyası,card_campaign,,5 taksit,"Kart Sahipleri,Bireysel Müşteriler",5 taksit,,,,,,,,,,,2025-04-01,2026-08-31,,"Tüm Kampanyalar 2 Kuyum, Optik ve Saat 3 Market ve Gıda 4 E-Ticaret 2 Elektronik ve Telekomünikasyon 3 Yapı Sektörü ve İklimlendirme 2 Akaryakıt 12 Diğer Kampanyalar 1 Eğitim, Kitap ve Kırtasiye 1 Genel Kampanyalar 6 Turizm ve Seyahat 0 Hobi ve Oyuncak 15 Mobilya ve Dekorasyon 4 Beyaz Eşya ve Ev Aletleri 17 Giyim ve Aksesuar Arşiv Mondihome'da 5 Taksit Kampanya Dönemi 01-04-2025 - 31-08-2026 Sektör: Mobilya ve Dekorasyon Ziraat Katılım Bankkart kredi kartınız ile Mondihome 'da yapacağınız alışverişlerinizde 5 taksit fırsatından faydalanabilirsiniz. Kampanya Koşulları: Ziraat Katılım Bankkart kredi kartınız ile Mondihome 'da yapacağınız alışverişlerinizi 5 taksitli gerçekleştirebilirsiniz. Kampanyadan faydalanab",https://ziraatkatilim.com.tr/kart-kampanyalari/mondihomeda-5-taksit,2026-08-05T05:32:13+00:00,official_source_date_gated
295,Ziraat Katılım,Okul Ödemelerinizde +8 Taksit,Kart / Taksit Kampanyası,card_campaign,,8 taksit,"Kart Sahipleri,Bireysel Müşteriler",8 taksit,,,,,,,,,,,2025-08-18,2026-12-31,,"Tüm Kampanyalar 2 Kuyum, Optik ve Saat 3 Market ve Gıda 4 E-Ticaret 2 Elektronik ve Telekomünikasyon 3 Yapı Sektörü ve İklimlendirme 2 Akaryakıt 12 Diğer Kampanyalar 1 Eğitim, Kitap ve Kırtasiye 1 Genel Kampanyalar 6 Turizm ve Seyahat 0 Hobi ve Oyuncak 15 Mobilya ve Dekorasyon 4 Beyaz Eşya ve Ev Aletleri 17 Giyim ve Aksesuar Arşiv Okul Ödemelerinizde +8 Taksit Kampanya Dönemi 18-08-2025 - 31-12-2026 Sektör: Eğitim Okul ödemelerinizde Ziraat Katılım Bankkart kredi kartınız ile yapacağınız 2-4 taksitli işlemlerde +8 taksit! Eğitim sektöründe yer alan Bankkart üye işyerlerinden Ziraat Katılım Bankkart kredi kartınız ile tek seferde yapacağınız 2-4 taksitli okul ödemelerinizde +8 taksit fırsatından faydalanabilirsi",https://ziraatkatilim.com.tr/kart-kampanyalari/okul-odemelerinizde-8-taksit,2026-08-05T05:32:13+00:00,official_source_date_gated
296,Ziraat Katılım,Opmar Optik’te 4 Taksit,Kart / Taksit Kampanyası,card_campaign,,4 taksit,"Kart Sahipleri,Bireysel Müşteriler",4 taksit,,,,,,500 puan,,,,,2025-04-01,2026-08-31,,"Tüm Kampanyalar 2 Kuyum, Optik ve Saat 3 Market ve Gıda 4 E-Ticaret 2 Elektronik ve Telekomünikasyon 3 Yapı Sektörü ve İklimlendirme 2 Akaryakıt 12 Diğer Kampanyalar 1 Eğitim, Kitap ve Kırtasiye 1 Genel Kampanyalar 6 Turizm ve Seyahat 0 Hobi ve Oyuncak 15 Mobilya ve Dekorasyon 4 Beyaz Eşya ve Ev Aletleri 17 Giyim ve Aksesuar Arşiv Opmar Optik’te 4 Taksit Kampanya Dönemi 01-04-2025 - 31-08-2026 Sektör: Optik Ziraat Katılım Bankkart kredi kartınız ile Opmar Optik 'te yapacağınız güneş gözlüğü alışverişlerinizde 2 - 4 taksit fırsatından faydalanabilirsiniz. Kampanya Koşulları: Ziraat Katılım Bankkart kredi kartınız ile Opmar Optik 'te yapacağınız güneş gözlüğü alışverişlerinizi 2 - 4 taksitli gerçekleştirebilirsin",https://ziraatkatilim.com.tr/kart-kampanyalari/opmar-optikte-4-taksit,2026-08-05T05:32:13+00:00,official_source_date_gated
298,Ziraat Katılım,Oxxo’da 2 Taksit,Kart / Taksit Kampanyası,card_campaign,,2 taksit,"Kart Sahipleri,Bireysel Müşteriler",2 taksit,,,,,,,,,,,2025-04-01,2026-08-31,,"Tüm Kampanyalar 2 Kuyum, Optik ve Saat 3 Market ve Gıda 4 E-Ticaret 2 Elektronik ve Telekomünikasyon 3 Yapı Sektörü ve İklimlendirme 2 Akaryakıt 12 Diğer Kampanyalar 1 Eğitim, Kitap ve Kırtasiye 1 Genel Kampanyalar 6 Turizm ve Seyahat 0 Hobi ve Oyuncak 15 Mobilya ve Dekorasyon 4 Beyaz Eşya ve Ev Aletleri 17 Giyim ve Aksesuar Arşiv Oxxo’da 2 Taksit Kampanya Dönemi 01-04-2025 - 31-08-2026 Sektör: Giyim ve Aksesuar Ziraat Katılım Bankkart kredi kartınız ile Oxxo 'da yapacağınız alışverişlerinizde 2 taksit fırsatından faydalanabilirsiniz. Kampanya Koşulları: Ziraat Katılım Bankkart kredi kartınız ile Oxxo 'da yapacağınız alışverişlerinizi 2 taksitli gerçekleştirebilirsiniz. Kampanyadan faydalanabilmek için işlemler",https://ziraatkatilim.com.tr/kart-kampanyalari/oxxoda-2-taksit,2026-08-05T05:32:13+00:00,official_source_date_gated
300,Ziraat Katılım,PETLAS'ta Peşin Fiyatına 6 Taksit,Kart / Taksit Kampanyası,card_campaign,,6 taksit,"Kart Sahipleri,Bireysel Müşteriler",6 taksit,,,,,,2.000 puan,,,,,2025-04-01,2026-12-31,,"Tüm Kampanyalar 2 Kuyum, Optik ve Saat 3 Market ve Gıda 4 E-Ticaret 2 Elektronik ve Telekomünikasyon 3 Yapı Sektörü ve İklimlendirme 2 Akaryakıt 12 Diğer Kampanyalar 1 Eğitim, Kitap ve Kırtasiye 1 Genel Kampanyalar 6 Turizm ve Seyahat 0 Hobi ve Oyuncak 15 Mobilya ve Dekorasyon 4 Beyaz Eşya ve Ev Aletleri 17 Giyim ve Aksesuar Arşiv PETLAS'ta Peşin Fiyatına 6 Taksit Kampanya Dönemi 01-04-2025 - 31-12-2026 Sektör: Diğer Ziraat Katılım Bankkart kredi kartınız ile Petlas ’ta yapacağınız alışverişlerinizde peşin fiyatına 6 taksit fırsatından faydalanabilirsiniz. Kampanya Koşulları: Ziraat Katılım Bankkart kredi kartınız ile Petlas ’ta yapacağınız alışverişlerinizi peşin fiyatına 6 taksitli gerçekleştirebilirsiniz . K",https://ziraatkatilim.com.tr/kart-kampanyalari/petlasta-pesin-fiyatina-6-taksit,2026-08-05T05:32:13+00:00,official_source_date_gated
299,Ziraat Katılım,Panço’da 3 Taksit,Kart / Taksit Kampanyası,card_campaign,,3 taksit,"Kart Sahipleri,Bireysel Müşteriler",3 taksit,,,,,,,,,,,2025-04-01,2026-08-31,,"Tüm Kampanyalar 2 Kuyum, Optik ve Saat 3 Market ve Gıda 4 E-Ticaret 2 Elektronik ve Telekomünikasyon 3 Yapı Sektörü ve İklimlendirme 2 Akaryakıt 12 Diğer Kampanyalar 1 Eğitim, Kitap ve Kırtasiye 1 Genel Kampanyalar 6 Turizm ve Seyahat 0 Hobi ve Oyuncak 15 Mobilya ve Dekorasyon 4 Beyaz Eşya ve Ev Aletleri 17 Giyim ve Aksesuar Arşiv Panço’da 3 Taksit Kampanya Dönemi 01-04-2025 - 31-08-2026 Sektör: Giyim ve Aksesuar Ziraat Katılım Bankkart kredi kartınız ile Panço 'da yapacağınız alışverişlerinizde 3 taksit fırsatından faydalanabilirsiniz. Kampanya Koşulları: Ziraat Katılım Bankkart kredi kartınız ile Panço 'da yapacağınız alışverişlerinizi 3 taksitli gerçekleştirebilirsiniz. Kampanyadan faydalanabilmek için işlem",https://ziraatkatilim.com.tr/kart-kampanyalari/pancoda-3-taksit,2026-08-05T05:32:13+00:00,official_source_date_gated
301,Ziraat Katılım,Puffy'de 6'ya varan Taksit,Kart / Taksit Kampanyası,card_campaign,,6 taksit,"Kart Sahipleri,Bireysel Müşteriler",6 taksit,,,,,,,,,,,2025-04-01,2026-08-31,,"Tüm Kampanyalar 2 Kuyum, Optik ve Saat 3 Market ve Gıda 4 E-Ticaret 2 Elektronik ve Telekomünikasyon 3 Yapı Sektörü ve İklimlendirme 2 Akaryakıt 12 Diğer Kampanyalar 1 Eğitim, Kitap ve Kırtasiye 1 Genel Kampanyalar 6 Turizm ve Seyahat 0 Hobi ve Oyuncak 15 Mobilya ve Dekorasyon 4 Beyaz Eşya ve Ev Aletleri 17 Giyim ve Aksesuar Arşiv Puffy'de 6'ya varan Taksit Kampanya Dönemi 01-04-2025 - 31-08-2026 Sektör: Mobilya ve Dekorasyon Ziraat Katılım Bankkart kredi kartınız ile Puffy 'de yapacağınız alışverişlerinizde 6'ya varan Taksit fırsatından faydalanabilirsiniz. Kampanya Koşulları: Ziraat Katılım Bankkart kredi kartınız ile Puffy 'de yapacağınız alışverişlerinizi 6'ya varan Taksitle gerçekleştirebilirsiniz. Kampany",https://ziraatkatilim.com.tr/kart-kampanyalari/puffyde-6ya-varan-taksit,2026-08-05T05:32:13+00:00,official_source_date_gated
303,Ziraat Katılım,Ramsey’de 4 Taksit,Kart / Taksit Kampanyası,card_campaign,,4 taksit,"Kart Sahipleri,Bireysel Müşteriler",4 taksit,,,,,,,,,,,2025-06-12,2026-08-31,,"Tüm Kampanyalar 2 Kuyum, Optik ve Saat 3 Market ve Gıda 4 E-Ticaret 2 Elektronik ve Telekomünikasyon 3 Yapı Sektörü ve İklimlendirme 2 Akaryakıt 12 Diğer Kampanyalar 1 Eğitim, Kitap ve Kırtasiye 1 Genel Kampanyalar 6 Turizm ve Seyahat 0 Hobi ve Oyuncak 15 Mobilya ve Dekorasyon 4 Beyaz Eşya ve Ev Aletleri 17 Giyim ve Aksesuar Arşiv Ramsey’de 4 Taksit Kampanya Dönemi 12-06-2025 - 31-08-2026 Sektör: Giyim ve Aksesuar Ziraat Katılım Bankkart kredi kartınız ile RAMSEY mağazalarından ve ramsey.com.tr' den yapacağınız alışverişlerinizde peşin fiyatına 4 taksit fırsatından faydalanabilirsiniz. Kampanya Koşulları: Ziraat Katılım Bankkart kredi kartınız ile RAMSEY mağazalarından ve ramsey.com.tr' den yapacağınız alışveri",https://ziraatkatilim.com.tr/kart-kampanyalari/ramseyde-4-taksit,2026-08-05T05:32:13+00:00,official_source_date_gated
305,Ziraat Katılım,Samsonite’ta 2 Taksit,Kart / Taksit Kampanyası,card_campaign,,2 taksit,"Kart Sahipleri,Bireysel Müşteriler",2 taksit,,,,,,,,,,,2025-04-01,2026-08-31,,"Tüm Kampanyalar 2 Kuyum, Optik ve Saat 3 Market ve Gıda 4 E-Ticaret 2 Elektronik ve Telekomünikasyon 3 Yapı Sektörü ve İklimlendirme 2 Akaryakıt 12 Diğer Kampanyalar 1 Eğitim, Kitap ve Kırtasiye 1 Genel Kampanyalar 6 Turizm ve Seyahat 0 Hobi ve Oyuncak 15 Mobilya ve Dekorasyon 4 Beyaz Eşya ve Ev Aletleri 17 Giyim ve Aksesuar Arşiv Samsonite’ta 2 Taksit Kampanya Dönemi 01-04-2025 - 31-08-2026 Sektör: Giyim ve Aksesuar Ziraat Katılım Bankkart kredi kartınız ile Samsonite 'ta yapacağınız alışverişlerinizde 2 taksit fırsatından faydalanabilirsiniz. Kampanya Koşulları: Ziraat Katılım Bankkart kredi kartınız ile Samsonite 'ta yapacağınız alışverişlerinizi 2 taksitli gerçekleştirebilirsiniz. Kampanyadan faydalanabilme",https://ziraatkatilim.com.tr/kart-kampanyalari/samsoniteta-2-taksit,2026-08-05T05:32:13+00:00,official_source_date_gated
304,Ziraat Katılım,Sağlık Sektöründe +5 Taksit,Kart / Taksit Kampanyası,card_campaign,,5 taksit,"Kart Sahipleri,Bireysel Müşteriler",5 taksit,,,,,,5.000 puan,500 TL,,,,2025-04-01,2026-12-31,,"Tüm Kampanyalar 2 Kuyum, Optik ve Saat 3 Market ve Gıda 4 E-Ticaret 2 Elektronik ve Telekomünikasyon 3 Yapı Sektörü ve İklimlendirme 2 Akaryakıt 12 Diğer Kampanyalar 1 Eğitim, Kitap ve Kırtasiye 1 Genel Kampanyalar 6 Turizm ve Seyahat 0 Hobi ve Oyuncak 15 Mobilya ve Dekorasyon 4 Beyaz Eşya ve Ev Aletleri 17 Giyim ve Aksesuar Arşiv Sağlık Sektöründe +5 Taksit Kampanya Dönemi 01-04-2025 - 31-12-2026 Sektör: Sağlık Hizmetleri, Sağlık Ürünleri Ziraat Katılım Bankkart kredi kartınız ile tek seferde yapılan 2 . 500 TL ve üzeri 3-4 taksitli işlemlerde +5 taksit verilecektir. Ziraat Katılım Bankkart kredi kartınız ile Sağlık sektöründe yer alan Bankkart üye işyerlerinden tek seferde yapılan 2.500 TL ve üzeri 3-4 taksit",https://ziraatkatilim.com.tr/kart-kampanyalari/saglik-sektorunde-5-taksit,2026-08-05T05:32:13+00:00,official_source_date_gated
306,Ziraat Katılım,Tespo’da 2 Taksit,Kart / Taksit Kampanyası,card_campaign,,2 taksit,"Kart Sahipleri,Bireysel Müşteriler",2 taksit,,,,,,1.500 puan,,,,,2025-04-01,2026-08-31,,"Tüm Kampanyalar 2 Kuyum, Optik ve Saat 3 Market ve Gıda 4 E-Ticaret 2 Elektronik ve Telekomünikasyon 3 Yapı Sektörü ve İklimlendirme 2 Akaryakıt 12 Diğer Kampanyalar 1 Eğitim, Kitap ve Kırtasiye 1 Genel Kampanyalar 6 Turizm ve Seyahat 0 Hobi ve Oyuncak 15 Mobilya ve Dekorasyon 4 Beyaz Eşya ve Ev Aletleri 17 Giyim ve Aksesuar Arşiv Tespo’da 2 Taksit Kampanya Dönemi 01-04-2025 - 31-08-2026 Sektör: Market ve Gıda Ziraat Katılım Bankkart kredi kartınız ile Tespo 'da yapacağınız alışverişlerinizde 2 taksit fırsatından faydalanabilirsiniz. Kampanya Koşulları: Ziraat Katılım Bankkart kredi kartınız ile Tespo 'da yapacağınız alışverişlerinizi 2 taksitli gerçekleştirebilirsiniz. Kampanyadan faydalanabilmek için işlemler",https://ziraatkatilim.com.tr/kart-kampanyalari/tespoda-2-taksit,2026-08-05T05:32:13+00:00,official_source_date_gated
308,Ziraat Katılım,Trendyol'da 6'ya varan Taksit,Kart / Taksit Kampanyası,card_campaign,,6 taksit,"Kart Sahipleri,Bireysel Müşteriler",6 taksit,,,,,,500 puan,1000 TL,3.000 TL,,,2025-04-01,2026-08-31,,"Tüm Kampanyalar 2 Kuyum, Optik ve Saat 3 Market ve Gıda 4 E-Ticaret 2 Elektronik ve Telekomünikasyon 3 Yapı Sektörü ve İklimlendirme 2 Akaryakıt 12 Diğer Kampanyalar 1 Eğitim, Kitap ve Kırtasiye 1 Genel Kampanyalar 6 Turizm ve Seyahat 0 Hobi ve Oyuncak 15 Mobilya ve Dekorasyon 4 Beyaz Eşya ve Ev Aletleri 17 Giyim ve Aksesuar Arşiv Trendyol'da 6'ya varan Taksit Kampanya Dönemi 01-04-2025 - 31-08-2026 Sektör: Diğer Ziraat Katılım Bankkart kredi kartınız ile tek seferde yapacağınız 1000 TL ve üzeri seçili ürün alışverişlerinizde peşin fiyatına 3 taksit , 6.000 TL ve üzeri seçili ürün alışverişlerinizde peşin fiyatına 6 taksit fırsatından faydalanabilirsiniz. Kampanya Koşulları: Peşin fiyatına taksit imkanları tek",https://ziraatkatilim.com.tr/kart-kampanyalari/trendyolda-6ya-varan-taksit,2026-08-05T05:32:13+00:00,official_source_date_gated
310,Ziraat Katılım,Troy'da 5 Taksit,Kart / Taksit Kampanyası,card_campaign,,5 taksit,"Kart Sahipleri,Bireysel Müşteriler",5 taksit,,,,,,,,,,,2025-04-01,2026-08-31,,"Tüm Kampanyalar 2 Kuyum, Optik ve Saat 3 Market ve Gıda 4 E-Ticaret 2 Elektronik ve Telekomünikasyon 3 Yapı Sektörü ve İklimlendirme 2 Akaryakıt 12 Diğer Kampanyalar 1 Eğitim, Kitap ve Kırtasiye 1 Genel Kampanyalar 6 Turizm ve Seyahat 0 Hobi ve Oyuncak 15 Mobilya ve Dekorasyon 4 Beyaz Eşya ve Ev Aletleri 17 Giyim ve Aksesuar Arşiv Troy'da 5 Taksit Kampanya Dönemi 01-04-2025 - 31-08-2026 Sektör: Elektronik Ziraat Katılım Bankkart kredi kartınız ile Troy 'da yapacağınız alışverişlerinizde 5 taksit fırsatından faydalanabilirsiniz. Kampanya Koşulları: Ziraat Katılım Bankkart kredi kartınız ile Troy ’da yapacağınız alışverişlerinizi 5 taksitli gerçekleştirebilirsiniz. Kampanyadan faydalanabilmek için işlemlerin Bank",https://ziraatkatilim.com.tr/kart-kampanyalari/troyda-5-taksit,2026-08-05T05:32:13+00:00,official_source_date_gated
311,Ziraat Katılım,Türk Hava Yolları'nda 6 Taksit,Kart / Taksit Kampanyası,card_campaign,,6 taksit,"Kart Sahipleri,Bireysel Müşteriler",6 taksit,,,,%30,,,2.500 TL,,,,2025-05-01,2026-08-31,,"Tüm Kampanyalar 2 Kuyum, Optik ve Saat 3 Market ve Gıda 4 E-Ticaret 2 Elektronik ve Telekomünikasyon 3 Yapı Sektörü ve İklimlendirme 2 Akaryakıt 12 Diğer Kampanyalar 1 Eğitim, Kitap ve Kırtasiye 1 Genel Kampanyalar 6 Turizm ve Seyahat 0 Hobi ve Oyuncak 15 Mobilya ve Dekorasyon 4 Beyaz Eşya ve Ev Aletleri 17 Giyim ve Aksesuar Arşiv Türk Hava Yolları'nda 6 Taksit Kampanya Dönemi 01-05-2025 - 31-08-2026 Sektör: Havayolları Ziraat Katılım Bankkart kredi kartınız ile Türk Hava Yolları 'nda bilet alımlarınızda 6 taksit fırsatı! Kampanya Koşulları: Ziraat Katılım Bankkart kredi kartınız ile Türk Hava Yolları 'nda yapacağınız 2.500 TL ve üzeri bilet alımlarınızda 6 taksit fırsatından yararlanabilirsiniz. İşlemlerin Ban",https://ziraatkatilim.com.tr/kart-kampanyalari/turk-hava-yollarinda-6-taksit,2026-08-05T05:32:13+00:00,official_source_date_gated
312,Ziraat Katılım,Uğur Derin Dondurucu’da 9 Taksit,Kart / Taksit Kampanyası,card_campaign,,9 taksit,"Kart Sahipleri,Bireysel Müşteriler",9 taksit,,,,,,,,,,,2025-04-01,2026-08-31,,"Tüm Kampanyalar 2 Kuyum, Optik ve Saat 3 Market ve Gıda 4 E-Ticaret 2 Elektronik ve Telekomünikasyon 3 Yapı Sektörü ve İklimlendirme 2 Akaryakıt 12 Diğer Kampanyalar 1 Eğitim, Kitap ve Kırtasiye 1 Genel Kampanyalar 6 Turizm ve Seyahat 0 Hobi ve Oyuncak 15 Mobilya ve Dekorasyon 4 Beyaz Eşya ve Ev Aletleri 17 Giyim ve Aksesuar Arşiv Uğur Derin Dondurucu’da 9 Taksit Kampanya Dönemi 01-04-2025 - 31-08-2026 Sektör: Beyaz Eşya ve Ev Aletleri Ziraat Katılım Bankkart kredi kartınız ile Uğur Derin Dondurucu 'da yapacağınız alışverişlerinizde 9 taksit fırsatından faydalanabilirsiniz. Kampanya Koşulları: Ziraat Katılım Bankkart kredi kartınız ile Uğur Derin Dondurucu 'da yapacağınız alışverişlerinizi 9 taksitli gerçekleşt",https://ziraatkatilim.com.tr/kart-kampanyalari/ugur-derin-dondurucuda-9-taksit,2026-08-05T05:32:13+00:00,official_source_date_gated
313,Ziraat Katılım,Vatan’da 3 Taksit,Kart / Taksit Kampanyası,card_campaign,,3 taksit,"Kart Sahipleri,Bireysel Müşteriler",3 taksit,,,,,,,,,,,2025-04-01,2026-08-31,,"Tüm Kampanyalar 2 Kuyum, Optik ve Saat 3 Market ve Gıda 4 E-Ticaret 2 Elektronik ve Telekomünikasyon 3 Yapı Sektörü ve İklimlendirme 2 Akaryakıt 12 Diğer Kampanyalar 1 Eğitim, Kitap ve Kırtasiye 1 Genel Kampanyalar 6 Turizm ve Seyahat 0 Hobi ve Oyuncak 15 Mobilya ve Dekorasyon 4 Beyaz Eşya ve Ev Aletleri 17 Giyim ve Aksesuar Arşiv Vatan’da 3 Taksit Kampanya Dönemi 01-04-2025 - 31-08-2026 Sektör: Elektronik Ziraat Katılım Bankkart kredi kartınız ile Vatan 'da yapacağınız alışverişlerinizde 3 taksit fırsatından faydalanabilirsiniz. Kampanya Koşulları: Ziraat Katılım Bankkart kredi kartınız ile Vatan 'da yapacağınız alışverişlerinizi 3 taksitli gerçekleştirebilirsiniz. Kampanyadan faydalanabilmek için işlemlerin B",https://ziraatkatilim.com.tr/kart-kampanyalari/vatanda-3-taksit,2026-08-05T05:32:13+00:00,official_source_date_gated
314,Ziraat Katılım,W Collection'da 4 Taksit,Kart / Taksit Kampanyası,card_campaign,,4 taksit,"Kart Sahipleri,Bireysel Müşteriler",4 taksit,,,,,,,,,,,2026-03-01,2026-08-31,,"Tüm Kampanyalar 2 Kuyum, Optik ve Saat 3 Market ve Gıda 4 E-Ticaret 2 Elektronik ve Telekomünikasyon 3 Yapı Sektörü ve İklimlendirme 2 Akaryakıt 12 Diğer Kampanyalar 1 Eğitim, Kitap ve Kırtasiye 1 Genel Kampanyalar 6 Turizm ve Seyahat 0 Hobi ve Oyuncak 15 Mobilya ve Dekorasyon 4 Beyaz Eşya ve Ev Aletleri 17 Giyim ve Aksesuar Arşiv W Collection'da 4 Taksit Kampanya Dönemi 01-03-2026 - 31-08-2026 Ziraat Katılım Bankkart kredi kartınız ile W Collection mağazalarından ve wcollection.com.tr 'den yapacağınız alışverişlerinizi 4 taksitli gerçekleştirebilirsiniz. İşlemlerin Bankkart anlaşmalı üye işyerlerinde ve Bankkart POS 'undan yapılması gerekmektedir. Ücretsiz ve ticari kredi kartlarımız kampanyaya dahil değildir.",https://ziraatkatilim.com.tr/kart-kampanyalari/w-collectionda-4-taksit,2026-08-05T05:32:13+00:00,official_source_date_gated
315,Ziraat Katılım,Yataş Bedding'de 8 Taksit,Kart / Taksit Kampanyası,card_campaign,,8 taksit,"Kart Sahipleri,Bireysel Müşteriler",8 taksit,,,,,,,,,,,2025-05-30,2026-08-31,,"Tüm Kampanyalar 2 Kuyum, Optik ve Saat 3 Market ve Gıda 4 E-Ticaret 2 Elektronik ve Telekomünikasyon 3 Yapı Sektörü ve İklimlendirme 2 Akaryakıt 12 Diğer Kampanyalar 1 Eğitim, Kitap ve Kırtasiye 1 Genel Kampanyalar 6 Turizm ve Seyahat 0 Hobi ve Oyuncak 15 Mobilya ve Dekorasyon 4 Beyaz Eşya ve Ev Aletleri 17 Giyim ve Aksesuar Arşiv Yataş Bedding'de 8 Taksit Kampanya Dönemi 30-05-2025 - 31-08-2026 Sektör: Mobilya ve Dekorasyon Ziraat Katılım Bankkart kredi kartınız ile Yataş Bedding mağazalarından ve yatasbedding.com.tr 'den yapacağınız alışverişlerinizde peşin fiyatına 8 taksit fırsatından faydalanabilirsiniz. Kampanya Koşulları: Ziraat Katılım Bankkart kredi kartınız ile Bankkart anlaşmalı Yataş Bedding mağazal",https://ziraatkatilim.com.tr/kart-kampanyalari/yatas-beddingde-8-taksit,2026-08-05T05:32:13+00:00,official_source_date_gated
259,Ziraat Katılım,Çilek Mobilya'da 9 Taksit,Kart / Taksit Kampanyası,card_campaign,,9 taksit,"Kart Sahipleri,Bireysel Müşteriler",9 taksit,,,,,,,,,,,2025-04-01,2026-08-31,,"Tüm Kampanyalar 2 Kuyum, Optik ve Saat 3 Market ve Gıda 4 E-Ticaret 2 Elektronik ve Telekomünikasyon 3 Yapı Sektörü ve İklimlendirme 2 Akaryakıt 12 Diğer Kampanyalar 1 Eğitim, Kitap ve Kırtasiye 1 Genel Kampanyalar 6 Turizm ve Seyahat 0 Hobi ve Oyuncak 15 Mobilya ve Dekorasyon 4 Beyaz Eşya ve Ev Aletleri 17 Giyim ve Aksesuar Arşiv Çilek Mobilya'da 9 Taksit Kampanya Dönemi 01-04-2025 - 31-08-2026 Sektör: Mobilya ve Dekorasyon Ziraat Katılım Bankkart kredi kartınız ile Çilek Mobilya 'da yapacağınız alışverişlerinizde 9 taksit fırsatından faydalanabilirsiniz. Kampanya Koşulları: Ziraat Katılım Bankkart kredi kartınız ile Çilek Mobilya 'da yapacağınız alışverişlerinizi 9 taksitli gerçekleştirebilirsiniz. Kampanyada",https://ziraatkatilim.com.tr/kart-kampanyalari/cilek-mobilyada-9-taksit,2026-08-05T05:32:13+00:00,official_source_date_gated
276,Ziraat Katılım,İdaş’ta 9 Taksit,Kart / Taksit Kampanyası,card_campaign,,9 taksit,"Kart Sahipleri,Bireysel Müşteriler",9 taksit,,,,,,,,,,,2025-04-01,2026-08-31,,"Tüm Kampanyalar 2 Kuyum, Optik ve Saat 3 Market ve Gıda 4 E-Ticaret 2 Elektronik ve Telekomünikasyon 3 Yapı Sektörü ve İklimlendirme 2 Akaryakıt 12 Diğer Kampanyalar 1 Eğitim, Kitap ve Kırtasiye 1 Genel Kampanyalar 6 Turizm ve Seyahat 0 Hobi ve Oyuncak 15 Mobilya ve Dekorasyon 4 Beyaz Eşya ve Ev Aletleri 17 Giyim ve Aksesuar Arşiv İdaş’ta 9 Taksit Kampanya Dönemi 01-04-2025 - 31-08-2026 Sektör: Mobilya ve Dekorasyon Ziraat Katılım Bankkart kredi kartınız ile İdaş ’ta yapacağınız alışverişlerinizde 9 taksit fırsatından faydalanabilirsiniz. Kampanya Koşulları: Ziraat Katılım Bankkart kredi kartınız ile İdaş ’ta yapacağınız alışverişlerinizi 9 taksitli gerçekleştirebilirsiniz. Kampanyadan faydalanabilmek için işle",https://ziraatkatilim.com.tr/kart-kampanyalari/idasta-9-taksit,2026-08-05T05:32:13+00:00,official_source_date_gated
280,Ziraat Katılım,İstikbal’de 7 Taksit,Kart / Taksit Kampanyası,card_campaign,,7 taksit,"Kart Sahipleri,Bireysel Müşteriler",7 taksit,,,,,,,,,,,2025-04-01,2026-08-31,,"Tüm Kampanyalar 2 Kuyum, Optik ve Saat 3 Market ve Gıda 4 E-Ticaret 2 Elektronik ve Telekomünikasyon 3 Yapı Sektörü ve İklimlendirme 2 Akaryakıt 12 Diğer Kampanyalar 1 Eğitim, Kitap ve Kırtasiye 1 Genel Kampanyalar 6 Turizm ve Seyahat 0 Hobi ve Oyuncak 15 Mobilya ve Dekorasyon 4 Beyaz Eşya ve Ev Aletleri 17 Giyim ve Aksesuar Arşiv İstikbal’de 7 Taksit Kampanya Dönemi 01-04-2025 - 31-08-2026 Sektör: Mobilya ve Dekorasyon Ziraat Katılım Bankkart kredi kartınız ile İstikbal 'de yapacağınız alışverişlerinizde 7 taksit fırsatından faydalanabilirsiniz. Kampanya Koşulları: Ziraat Katılım Bankkart kredi kartınız ile İstikbal ’de yapacağınız alışverişlerinizi 7 taksitli gerçekleştirebilirsiniz. Kampanyadan faydalanabilm",https://ziraatkatilim.com.tr/kart-kampanyalari/istikbalde-7-taksit,2026-08-05T05:32:13+00:00,official_source_date_gated
270,Ziraat Katılım,Enterprise'ta Araç Kiralamalarınızda %30 İndirim,İndirim Kampanyası,discount_campaign,,%30 indirim / iade,"Kart Sahipleri,Bireysel Müşteriler",,,,,%30 indirim / iade,,1.500 puan,,,,,2025-07-14,2026-12-31,,"Tüm Kampanyalar 2 Kuyum, Optik ve Saat 3 Market ve Gıda 4 E-Ticaret 2 Elektronik ve Telekomünikasyon 3 Yapı Sektörü ve İklimlendirme 2 Akaryakıt 12 Diğer Kampanyalar 1 Eğitim, Kitap ve Kırtasiye 1 Genel Kampanyalar 6 Turizm ve Seyahat 0 Hobi ve Oyuncak 15 Mobilya ve Dekorasyon 4 Beyaz Eşya ve Ev Aletleri 17 Giyim ve Aksesuar Arşiv Enterprise'ta Araç Kiralamalarınızda %30 İndirim Kampanya Dönemi 14-07-2025 - 31-12-2026 Sektör: Araba Kiralama Ziraat Katılım Bankkart kredi kartınız ile Enterprise 'tan yapacağınız araç kiralamalarında %30 İndirim! Kampanya Koşulları: Liste fiyatı üzerinden %30 indirim kampanyası 31.12.2026 tarihine kadar tüm Enterprise ofislerinde ve online kiralamalarda geçerlidir. Online araç kir",https://ziraatkatilim.com.tr/kart-kampanyalari/enterpriseta-arac-kiralamalarinizda-30-indirim,2026-08-05T05:32:13+00:00,official_source_date_gated
274,Ziraat Katılım,Halalbooking'de Size Özel Avantajlı Tatiller!,İndirim Kampanyası,discount_campaign,,6 taksit · %30 indirim/iade,Kart Sahipleri,6 taksit,,,,,,,,1.000 TL,,,2025-07-17,2026-08-31,,"Tüm Kampanyalar 2 Kuyum, Optik ve Saat 3 Market ve Gıda 4 E-Ticaret 2 Elektronik ve Telekomünikasyon 3 Yapı Sektörü ve İklimlendirme 2 Akaryakıt 12 Diğer Kampanyalar 1 Eğitim, Kitap ve Kırtasiye 1 Genel Kampanyalar 6 Turizm ve Seyahat 0 Hobi ve Oyuncak 15 Mobilya ve Dekorasyon 4 Beyaz Eşya ve Ev Aletleri 17 Giyim ve Aksesuar Arşiv Halalbooking'de Size Özel Avantajlı Tatiller! Kampanya Dönemi 17-07-2025 - 31-08-2026 Sektör: Turizm ve Seyahat Kampanya Koşulları: Ziraat Katılım Bankkart Kredi Kartınız ile Halalbooking'in avantajlarından faydalanabilirsiniz. Belirtilen link üzerinden ( https://go.halalbooking.com/ziraatkatilim ) e-posta adresiniz ve Ziraat Katılım Bankkart Kredi Kartı numaranız ile ücretsiz bir şek",https://ziraatkatilim.com.tr/kart-kampanyalari/halalbookingde-size-ozel-avantajli-tatiller,2026-08-05T05:32:13+00:00,official_source_date_gated
309,Ziraat Katılım,TROY Kartla İdefix’te 3.000 TL’ye Varan İndirim!,İndirim Kampanyası,discount_campaign,,3.000 TL indirim / iade,Kart Sahipleri,9 taksit,,,,3.000 TL indirim / iade,,500 puan,1.000 TL,3.000 TL,,,2026-06-10,2026-08-31,,"Tüm Kampanyalar 2 Kuyum, Optik ve Saat 3 Market ve Gıda 4 E-Ticaret 2 Elektronik ve Telekomünikasyon 3 Yapı Sektörü ve İklimlendirme 2 Akaryakıt 12 Diğer Kampanyalar 1 Eğitim, Kitap ve Kırtasiye 1 Genel Kampanyalar 6 Turizm ve Seyahat 0 Hobi ve Oyuncak 15 Mobilya ve Dekorasyon 4 Beyaz Eşya ve Ev Aletleri 17 Giyim ve Aksesuar Arşiv TROY Kartla İdefix’te 3.000 TL’ye Varan İndirim! Kampanya Dönemi 10-06-2026 - 31-08-2026 TROY kartla idefix’te yaz boyunca her 1.000 TL’ye 200 TL, toplamda 3.000 TL’ye varan anında indirim fırsatı! TROY logolu kartınızla idefix’te 10 Haziran – 31 Ağustos 2026 tarihleri arasında tek seferde yapacağınız her 1.000 TL ve üzeri alışverişte 200 TL indirim kuponu fırsatından yararlanın. Her",https://ziraatkatilim.com.tr/kart-kampanyalari/troy-kartla-idefixte-3000-tlye-varan-indirim,2026-08-05T05:32:13+00:00,official_source_date_gated
307,Ziraat Katılım,Ticari Kartla MasterKOBİ'de Özel Ayrıcalıklar ve İndirimler!,İndirim Kampanyası,discount_campaign,,5 taksit · 5.000 puan,Ticari Müşteriler,5 taksit,,,,,,5.000 puan,,,,,2026-06-24,2026-08-31,,"Tüm Kampanyalar 2 Kuyum, Optik ve Saat 3 Market ve Gıda 4 E-Ticaret 2 Elektronik ve Telekomünikasyon 3 Yapı Sektörü ve İklimlendirme 2 Akaryakıt 12 Diğer Kampanyalar 1 Eğitim, Kitap ve Kırtasiye 1 Genel Kampanyalar 6 Turizm ve Seyahat 0 Hobi ve Oyuncak 15 Mobilya ve Dekorasyon 4 Beyaz Eşya ve Ev Aletleri 17 Giyim ve Aksesuar Arşiv Ticari Kartla MasterKOBİ'de Özel Ayrıcalıklar ve İndirimler! Kampanya Dönemi 24-06-2026 - 31-08-2026 Ticari müşterilerimizin hayatını kolaylaştıracak çözümlerden hemen yararlanmak için MasterKOBİ adresini ziyaret edebilirsiniz. İlgili web sitesinde ticari müşterilerimize yönelik birçok farklı sektörde kampanyalar yer almaktadır. Kampanyalara katılarak özel ayrıcalıklar ve indirimlerde",https://ziraatkatilim.com.tr/kart-kampanyalari/ticari-kartla-masterkobide-ozel-ayricaliklar-ve-indirimler,2026-08-05T05:32:13+00:00,official_source_date_gated
316,Ziraat Katılım,Yolcu360'ta Yurt Dışı Araç Kiralamalarınızda %15 İndirim,İndirim Kampanyası,discount_campaign,,%15 indirim / iade,Kart Sahipleri,6 taksit,,,,%15 indirim / iade,,1.500 puan,,,,,2025-04-01,2026-12-31,,"Tüm Kampanyalar 2 Kuyum, Optik ve Saat 3 Market ve Gıda 4 E-Ticaret 2 Elektronik ve Telekomünikasyon 3 Yapı Sektörü ve İklimlendirme 2 Akaryakıt 12 Diğer Kampanyalar 1 Eğitim, Kitap ve Kırtasiye 1 Genel Kampanyalar 6 Turizm ve Seyahat 0 Hobi ve Oyuncak 15 Mobilya ve Dekorasyon 4 Beyaz Eşya ve Ev Aletleri 17 Giyim ve Aksesuar Arşiv Yolcu360'ta Yurt Dışı Araç Kiralamalarınızda %15 İndirim Kampanya Dönemi 01-04-2025 - 31-12-2026 Sektör: Araba Kiralama Kampanya Koşulları: Ziraat Katılım Bankkart kredi kartınız ile Yolcu360 'tan yapacağınız yurt dışı araç kiralama işlemlerinde, Bankkart müşterilerimize özel BK360YD kodu ile liste fiyatları (üstü kırmızı çizgili fiyatlar) üzerinden %15 indirim uygulanacaktır. İndirim",https://ziraatkatilim.com.tr/kart-kampanyalari/yolcu360ta-yurt-disi-arac-kiralamalarinizda-15-indirim,2026-08-05T05:32:13+00:00,official_source_date_gated
317,Ziraat Katılım,Yolcu360'ta Yurt İçi Araç Kiralamalarınızda %10 İndirim,İndirim Kampanyası,discount_campaign,,%10 indirim / iade,Kart Sahipleri,6 taksit,,,,%10 indirim / iade,,1.500 puan,,,,,2025-04-01,2026-12-31,,"Tüm Kampanyalar 2 Kuyum, Optik ve Saat 3 Market ve Gıda 4 E-Ticaret 2 Elektronik ve Telekomünikasyon 3 Yapı Sektörü ve İklimlendirme 2 Akaryakıt 12 Diğer Kampanyalar 1 Eğitim, Kitap ve Kırtasiye 1 Genel Kampanyalar 6 Turizm ve Seyahat 0 Hobi ve Oyuncak 15 Mobilya ve Dekorasyon 4 Beyaz Eşya ve Ev Aletleri 17 Giyim ve Aksesuar Arşiv Yolcu360'ta Yurt İçi Araç Kiralamalarınızda %10 İndirim Kampanya Dönemi 01-04-2025 - 31-12-2026 Sektör: Araba Kiralama Kampanya Koşulları: Ziraat Katılım Bankkart kredi kartınız ile Yolcu360' tan yapacağınız yurt içi araç kiralama işlemlerinde, Bankkart müşterilerimize özel BK360 kodu ile liste fiyatları (üstü kırmızı çizgili fiyatlar) üzerinden %10 indirim uygulanacaktır. İndirimin u",https://ziraatkatilim.com.tr/kart-kampanyalari/yolcu360ta-yurt-ici-arac-kiralamalarinizda-10-indirim,2026-08-05T05:32:13+00:00,official_source_date_gated
