id,campaign_id,benefit_type,amount,rate,points,minimum_spending,maximum_benefit,description,evidence,extracted_at
6251,1,installment,,,,,,8 taksit,8 Taksit Fırsatıyla KASKO Zamanı!,2026-08-10T13:45:46+00:00
6252,2,shopping_points,,,200.0,1500.0,,"Altın Puan, Worldpuan, ParafPara, Bankkart Lira veya alışveriş puanı","Akaryakıt Kampanyası Akaryakıt harcamalarına özel her 1.500 TL ve üzeri harcamaya 50 TL, toplamda 200 TL Worldpuan kazanın!",2026-08-10T13:45:46+00:00
6255,4,shopping_points,,,2000.0,,,"Altın Puan, Worldpuan, ParafPara, Bankkart Lira veya alışveriş puanı",Şimdi kendiniz ve çocuğunuz için Albaraka Mobil’den yaptıracağınız BES’lerden toplamda 2.000 TL Worldpuan kazanma fırsatı sizlerle.,2026-08-10T13:45:46+00:00
6256,4,reward,2000.0,,,,2000.0,Ödül veya hediye tutarı,Kampanyadan en fazla 2.000 TL Worlpuan kazanılabilir.,2026-08-10T13:45:46+00:00
6259,5,shopping_points,,,2000.0,,,"Altın Puan, Worldpuan, ParafPara, Bankkart Lira veya alışveriş puanı",Şimdi mobilden yaptıracağınız sigortalarınız için toplam 2.000 TL Worldpuan kazanma fırsatı sizlerle.,2026-08-10T13:45:46+00:00
6260,5,reward,2000.0,,,,2000.0,Ödül veya hediye tutarı,Kampanyadan en fazla 2.000 TL Worlpuan kazanılabilir.,2026-08-10T13:45:46+00:00
6331,6,discount,1000.0,,,,1000.0,1.000 TL indirim,Bilet.com’da 1.000 TL’ye varan GastroClub İndirimi!,2026-08-10T13:45:46+00:00
6332,6,discount,,50.0,,,,%50 indirim,Four Seasons'ta GastroClub Ayrıcalıkları Temiz.co’da %50 GastroClub İndirimi!,2026-08-10T13:45:46+00:00
6333,6,discount,,20.0,,,,%20 indirim,Cabs Coffee'de %20 GastroClub İndirimi!,2026-08-10T13:45:46+00:00
6334,6,shopping_points,,,300.0,,,"Altın Puan, Worldpuan, ParafPara, Bankkart Lira veya alışveriş puanı",Nasıl Puan Kazanılır?,2026-08-10T13:45:46+00:00
6268,9,discount,250.0,,,,250.0,250 TL indirim,"Siz de hemen Albaraka kredi kartları ile bilet.com sı üzerinden etkinlik bileti alın, 250 TL indirim kodu kazanın!",2026-08-10T13:45:46+00:00
6269,10,discount,2500.0,,,,2500.0,2.500 TL indirim,"Siz de hemen Albaraka kredi kartları ile bilet.com sı üzerinden otel rezervasyonu yapın, 2.500 TL indirim kodu kazanın!",2026-08-10T13:45:46+00:00
6270,11,discount,500.0,,,,500.0,500 TL indirim,"Siz de hemen Albaraka kredi kartları ile bilet.com sı üzerinden Yunan Adaları feribot bileti alın, 500 TL indirim kodu kazanın!",2026-08-10T13:45:46+00:00
6271,12,shopping_points,,,500.0,10000.0,,"Altın Puan, Worldpuan, ParafPara, Bankkart Lira veya alışveriş puanı",Business Kart ile Konaklama Harcamanıza 500 TL’ye varan Worldpuan!,2026-08-10T13:45:46+00:00
6275,13,shopping_points,,,300.0,,,"Altın Puan, Worldpuan, ParafPara, Bankkart Lira veya alışveriş puanı",DASK Sigortasında Worldpuan Fırsatı!,2026-08-10T13:45:46+00:00
6276,13,installment,,,,,,3 taksit,Üstelik peşin fiyatına 3 taksit avantajı ile.,2026-08-10T13:45:46+00:00
6322,15,installment,,,,,,12 taksit,"Pratik Finansman Kart ile yapacağınız tüm harcamalarda geçerli olacak finansman tutarını, taksit sayısını ve kar oranını başvuru aşamasında belirleyebilirsiniz.",2026-08-10T13:45:46+00:00
6282,16,shopping_points,,,200.0,500.0,,"Altın Puan, Worldpuan, ParafPara, Bankkart Lira veya alışveriş puanı",Eflatun Kredi Kart ile Kozmetik Harcamalarına 200 TL\u0027ye varan Worldpuan!,2026-08-10T13:45:46+00:00
6287,18,installment,,,,,,6 taksit,"Eğitim Harcamalarınıza Vade Farksız 6 Taksit Kampanyası Albaraka Mobil'de Kampanyalar sayfasından kampanyaya katılım sağlayarak, World kartlarınız ile kampanyaya katıldıktan sonra yapacağınız 30.000 TL- 500.000 TL arası okul ödemelerinize vade farksız 6 taksit fırsatını kaçırmayın!",2026-08-10T13:45:46+00:00
6283,19,reward,30000.0,,,,8600.0,Ödül veya hediye tutarı,| 30.000 TL'ye Varan Ödül!,2026-08-10T13:45:46+00:00
6284,20,discount,,30.0,,,,%30 indirim,Ödeme işlemini Albaraka kredi kartınızla tamamlayarak %30 indirimden yararlanın.,2026-08-10T13:45:46+00:00
6285,21,discount,,35.0,,,,%35 indirim,Albaraka Mobil Albaraka Mobil Albaraka Özel Bankacılık Kredi Kartlarınızla Enterprise online araç kiralamalarında liste fiyatı üzerinden %35 indirim fırsatından yararlanın!,2026-08-10T13:45:46+00:00
6297,22,shopping_points,,,500.0,,,"Altın Puan, Worldpuan, ParafPara, Bankkart Lira veya alışveriş puanı",HGS Talimatınıza 500 TL Worldpuan!,2026-08-10T13:45:46+00:00
6300,23,discount,,20.0,,,,%20 indirim,"Kampanyaya Katılım Adımları: Albaraka Mobil’e giriş yapın, Kampanyalar alanından “Hızlı Çiçek %20 İndirim Kampanyası” için “Kod Al” butonuna tıklayın, Hızlı Çiçek sından dilediğiniz ürünü sepete ekleyin, Ödeme adımında yer alan “Kupon Kodu” alanına Albaraka Mobil’den aldığınız kodu girin, %20 indirim fırsatını kaçırmayın.",2026-08-10T13:45:46+00:00
6299,24,special_rate,,,,,,Özel döviz veya kıymetli maden kuru,"Avantajlı Kurlar: Altın, gümüş ve döviz işlemlerinde dar makas avantajı hafta içi 24 saat Albaraka Mobil Hızlı Döviz İşlemleri'nde!",2026-08-10T13:45:46+00:00
6301,26,installment,,,,,,4 taksit,Kampanyaya Katılım Adımları: Kırtasiye Kampanyası Albaraka Mobil Albaraka Mobil 1.000 TL- 20.000 TL arası kırtasiye harcamalarınızda vade farksız 4 taksit fırsatını kaçırmayın!,2026-08-10T13:45:46+00:00
6307,28,installment,,,,,,3 taksit,Limitsiz İMM Sigortasında Vade Farksız 3 Taksit!,2026-08-10T13:45:46+00:00
6308,29,installment,,,,,,3 taksit,MTV Ödemelerinize Vade Farksız 3 Taksit!,2026-08-10T13:45:46+00:00
6314,31,shopping_points,,,2000.0,,,"Altın Puan, Worldpuan, ParafPara, Bankkart Lira veya alışveriş puanı",Otomatik Fatura Ödeme Talimatlarınıza Toplamda 2.000 TL Worldpuan!,2026-08-10T13:45:46+00:00
6319,32,cashback,300.0,50.0,,,300.0,Nakit iade avantajı,Otopark ve Vale Harcamalarınıza %50 İade Albaraka’da!,2026-08-10T13:45:46+00:00
6379,33,discount,3000.0,,,25001.0,3000.0,3.000 TL indirim,Müşterilerimiz kampanya kapsamında en fazla 3.000 TL indirim kazanabilirler.,2026-08-10T13:45:46+00:00
6376,34,discount,5000.0,,,,5000.0,5.000 TL indirim,Ayrıcalıklarla dolu Albaraka Özel Bankacılık Kredi Kartınızı kullanarak tek seferde yapacağınız 5.000 TL’ye kadar olan otopark harcamalarınızda %10 indirim kazanma fırsatı sizi bekliyor.,2026-08-10T13:45:46+00:00
6377,34,discount,,10.0,,,,%10 indirim,Özel Bankacılık Kredi Kart Otopark Harcamalarınızda %10 İndirim Kazandırıyor!,2026-08-10T13:45:46+00:00
6378,35,discount,,10.0,,,,%10 indirim,Özel Bankacılık Kredi Kart Restoran Harcamalarınızda %10 İndirim Kazandırıyor!,2026-08-10T13:45:46+00:00
6323,37,shopping_points,,,300.0,,,"Altın Puan, Worldpuan, ParafPara, Bankkart Lira veya alışveriş puanı",QR Kod İle Ödemelerinize Toplamda 300 TL Worldpuan!,2026-08-10T13:45:46+00:00
6328,38,shopping_points,,,300.0,2000.0,,"Altın Puan, Worldpuan, ParafPara, Bankkart Lira veya alışveriş puanı","Restoran Kampanyası TROY kredi kartınız ile yapacağınız 2.000 TL ve üzeri her restoran harcamanıza 75 TL, toplamda 300 TL’ye varan Worldpuan hediye!",2026-08-10T13:45:46+00:00
6337,39,installment,,,,,,6 taksit,Sağlık Harcamalarına Vade Farksız 6 Taksit Kampanyası TROY kredi kartlarınız ile yapacağınız 1.000 TL- 100.000 TL arası sağlık harcamalarınıza vade farksız 6 taksit fırsatı!,2026-08-10T13:45:46+00:00
6335,40,discount,,10.0,,,,%10 indirim,"> Kod Al adımları ile indirim kodunuzu alın, www.albarakakultur.com.tr üzerinden sepette “Hediye Çeki Kullan” alanına kodu girin, Tüm indirimlere ek %10 indirim fırsatını kaçırmayın.",2026-08-10T13:45:46+00:00
6336,40,installment,,,,,,4 taksit,"Satırdan Sanata, Ek %10 İndirim ve Vade Farksız 4 Taksit Albaraka’da!",2026-08-10T13:45:46+00:00
6367,43,shopping_points,,,2000.0,,,"Altın Puan, Worldpuan, ParafPara, Bankkart Lira veya alışveriş puanı","Temmuz Ayına Özel Fatura Kampanyası “OFT2026” koduyla görüntülü görüşme ile , Albaraka World kredi kartınızla Albaraka Mobil üzerinden vereceğiniz her otomatik fatura ödeme talimatı için 500 TL, toplamda 2.000 TL Worldpuan kazanın!",2026-08-10T13:45:46+00:00
6370,46,discount,250.0,,,,250.0,250 TL indirim,Trend kredi kartınız ile yapacağınız sinema harcamalarında her ay 250 TL’ye kadar indirim kazanma fırsatı sizi bekliyor!,2026-08-10T13:45:46+00:00
6371,46,discount,,25.0,,,250.0,%25 indirim,Trend Kredi Kart ile Sinema Harcamalarına %25 İndirim!,2026-08-10T13:45:46+00:00
6368,47,discount,250.0,,,,250.0,250 TL indirim,Trend kredi kartınız ile yapacağınız kırtasiye harcamalarında her ay 250 TL’ye kadar indirim kazanma fırsatı sizi bekliyor!,2026-08-10T13:45:46+00:00
6369,47,discount,,10.0,,,250.0,%10 indirim,"Kampanya Detayları: Kampanya kapsamında, Trend kredi kart sahibi müşterilerimiz kırtasiye sektör harcamaları için %10 oranında indirim kazanımı sağlayacaklardır.",2026-08-10T13:45:46+00:00
6382,49,installment,,,,,,4 taksit,Kolay Geri Ödeme: 4 taksite kadar geri ödeme seçeneği.,2026-08-10T13:45:46+00:00
6373,50,installment,,,,,,6 taksit,"Şimdi Albaraka Mobil’den müşteri olanlar, %0 kâr payı ile 40.000 TL’ye kadar Pratik Finansman Kart (İhtiyaç Finansmanı) kullanabiliyor ve 100.000 TL’ye varan seçili sektörlerde vade farksız taksitli alışveriş fırsatından yararlanabiliyor.",2026-08-10T13:45:46+00:00
6279,51,shopping_points,,,5000.0,,,"Altın Puan, Worldpuan, ParafPara, Bankkart Lira veya alışveriş puanı","Yakınını Davet Et Kampanyası Albaraka Mobil Albaraka Mobil Albaraka Türk'e müşteri olan her yakınınız için 500 TL, toplamda 5.000 TL'ye varan Worldpuan kazanın!",2026-08-10T13:45:46+00:00
6374,52,shopping_points,,,1250.0,,,"Altın Puan, Worldpuan, ParafPara, Bankkart Lira veya alışveriş puanı",Yurt Dışı Çıkış Harcı Kampanyası | 1.250 TL Worldpuan!,2026-08-10T13:45:46+00:00
6263,53,installment,,,,,,6 taksit,Amazon.com.tr Harcamalarınızda World’e Özel 6 Taksit Fırsatı!,2026-08-10T13:45:46+00:00
6264,54,installment,,,,,,9 taksit,"Arçelik, Altus ve Beko Harcamalarınızda World’e Özel 9 Taksit Fırsatı!",2026-08-10T13:45:46+00:00
6265,55,installment,,,,2500.0,,3 taksit,BAUHAUS Harcamalarınızda World’e Özel 3 Taksit Fırsatı!,2026-08-10T13:45:46+00:00
6267,56,installment,,,,,,6 taksit,Beymen Club Harcamalarınızda World’e Özel 6 Taksit Fırsatı!,2026-08-10T13:45:46+00:00
6266,57,installment,,,,,,9 taksit,BOSCH Harcamalarınızda World’e Özel 6 Taksit Fırsatı!,2026-08-10T13:45:46+00:00
6272,58,installment,,,,,,6 taksit,Civil Harcamalarınızda World’e Özel 6 Taksit Fırsatı!,2026-08-10T13:45:46+00:00
6273,59,installment,,,,,,6 taksit,Continental Harcamalarınızda World’e Özel 6 Taksit Fırsatı!,2026-08-10T13:45:46+00:00
6274,60,installment,,,,,,7 taksit,D&R Harcamalarınızda World’e Özel 7 Taksit Fırsatı!,2026-08-10T13:45:46+00:00
6280,61,installment,,,,,,5 taksit,Deichmann Harcamalarınızda World’e Özel 5 Taksit Fırsatı!,2026-08-10T13:45:46+00:00
6281,62,installment,,,,,,9 taksit,Dyson Harcamalarınızda World'e Özel 9 Taksit Fırsatı!,2026-08-10T13:45:46+00:00
6288,63,installment,,,,,,6 taksit,Fiat Yetkili Servislerde World’e Özel 6 Taksit Fırsatı!,2026-08-10T13:45:46+00:00
6295,64,shopping_points,,,1000.0,3000.0,,"Altın Puan, Worldpuan, ParafPara, Bankkart Lira veya alışveriş puanı","Giyim, Çiçek ve Kozmetik Harcamalarınızda 1.000TL’ye varan Worldpuan!",2026-08-10T13:45:46+00:00
6296,64,pos_advantage,,,,3000.0,,"POS komisyon, bloke veya ek taksit avantajı","Bu kampanyamıza katılımınızla birlikte, tarafınıza ait Banka bireysel kredi kart işlem verileriniz, 1-31 Mayıs 2026 tarihleri arasında, Bankalara ait sanal POS’lardan toplanacaktır.",2026-08-10T13:45:46+00:00
6289,65,shopping_points,,,1000.0,3000.0,,"Altın Puan, Worldpuan, ParafPara, Bankkart Lira veya alışveriş puanı",Giyim ve Kozmetik Harcamalarınızda 1.000 TL’ye varan Worldpuan!,2026-08-10T13:45:46+00:00
6290,65,pos_advantage,,,,3000.0,,"POS komisyon, bloke veya ek taksit avantajı","Bu kampanyamıza katılımınızla birlikte, tarafınıza ait Banka bireysel kredi kart işlem verileriniz, 1-31 Temmuz 2026 tarihleri arasında, Bankalara ait sanal POS’lardan toplanacaktır.",2026-08-10T13:45:46+00:00
6293,66,shopping_points,,,1500.0,3000.0,,"Altın Puan, Worldpuan, ParafPara, Bankkart Lira veya alışveriş puanı",Giyim ve Kozmetik Harcamalarınızda 1.500 TL’ye varan Worldpuan!,2026-08-10T13:45:46+00:00
6294,66,pos_advantage,,,,3000.0,,"POS komisyon, bloke veya ek taksit avantajı","Bu kampanyamıza katılımınızla birlikte, tarafınıza ait Banka bireysel kredi kart işlem verileriniz, 1-31 Mayıs 2026 tarihleri arasında, Bankalara ait sanal POS’lardan toplanacaktır.",2026-08-10T13:45:46+00:00
6298,67,installment,,,,6000.0,,6 taksit,Hepsiburada Harcamalarınızda World’e Özel 6 Taksit Fırsatı!,2026-08-10T13:45:46+00:00
6380,68,installment,,,,,,6 taksit,İdefix Harcamalarınızda World’e Özel 6 Taksit Fırsatı!,2026-08-10T13:45:46+00:00
6381,69,installment,,,,2500.0,,9 taksit,"İstikbal, Bellona ve Mondihome'da World’e Özel 9 Taksit Fırsatı!",2026-08-10T13:45:46+00:00
6303,70,installment,,,,,,6 taksit,Kiğılı ve Abdullah Kiğılı Harcamalarınızda World’e Özel 6 Taksit Fırsatı!,2026-08-10T13:45:46+00:00
6306,71,installment,,,,,,6 taksit,LC Waikiki Harcamalarınızda World’e Özel 6 Taksit Fırsatı!,2026-08-10T13:45:46+00:00
6309,72,installment,,,,,,6 taksit,MediaMarkt Harcamalarınızda World’e Özel 6 Taksit Fırsatı!,2026-08-10T13:45:46+00:00
6310,73,installment,,,,,,9 taksit,Modalife Harcamalarınızda World’e Özel 9 Taksit Fırsatı!,2026-08-10T13:45:46+00:00
6375,74,installment,,,,,,6 taksit,n11.com Harcamalarınızda World’e Özel 6 Taksit Fırsatı!,2026-08-10T13:45:46+00:00
6311,75,installment,,,,,,6 taksit,Network Harcamalarınızda World’e Özel 6 Taksit Fırsatı!,2026-08-10T13:45:46+00:00
6312,76,installment,,,,,,6 taksit,Opel Yetkili Servislerde World’e Özel 6 Taksit Fırsatı!,2026-08-10T13:45:46+00:00
6313,77,installment,,,,,,7 taksit,Opmar Optik Harcamalarınızda World'e Özel 6 Taksit Fırsatı!,2026-08-10T13:45:46+00:00
6321,78,installment,,,,,,4 taksit,Pegasus Uçuşlarınızda World'e Özel 4 Taksit Fırsatı!,2026-08-10T13:45:46+00:00
6330,79,installment,,,,,,7 taksit,Saat&Saat Harcamalarınızda World’e Özel 7 Taksit Fırsatı!,2026-08-10T13:45:46+00:00
6339,80,shopping_points,,,7500.0,120000.0,,"Altın Puan, Worldpuan, ParafPara, Bankkart Lira veya alışveriş puanı",Seturda 7500 Tlye Varan Worldpuan Setur'da 7.500 TL'ye varan Worldpuan!,2026-08-10T13:45:46+00:00
6340,80,installment,,,,120000.0,,12 taksit,"Peşin, 3 taksitli veya 6 taksitli alışverişlerden kampanyaya uygun olarak ilk yapılan alışveriş üzerinden Worldpuan kazanacaktır.",2026-08-10T13:45:46+00:00
6341,80,pos_advantage,,,,120000.0,,"POS komisyon, bloke veya ek taksit avantajı","Bu kampanyamıza katılımınızla birlikte, tarafınıza ait kredi ve banka kartı işlem verileriniz, 1- 31 Mayıs 2026 tarihleri arasında, Bankalara ait sanal POS'tan toplanacaktır.",2026-08-10T13:45:46+00:00
6342,81,shopping_points,,,7500.0,120000.0,,"Altın Puan, Worldpuan, ParafPara, Bankkart Lira veya alışveriş puanı",Seturda 7500 Tlye Varan Worldpuan 1 Setur'da 7.500 TL'ye varan Worldpuan!,2026-08-10T13:45:46+00:00
6343,81,installment,,,,120000.0,,12 taksit,"Peşin, 3 taksitli veya 6 taksitli alışverişlerden kampanyaya uygun olarak ilk yapılan alışveriş üzerinden Worldpuan kazanacaktır.",2026-08-10T13:45:46+00:00
6344,81,pos_advantage,,,,120000.0,,"POS komisyon, bloke veya ek taksit avantajı","Bu kampanyamıza katılımınızla birlikte, tarafınıza ait kredi ve banka kartı işlem verileriniz, 1- 30 Haziran 2026 tarihleri arasında, Bankalara ait sanal POS'tan toplanacaktır.",2026-08-10T13:45:46+00:00
6345,82,shopping_points,,,7500.0,120000.0,,"Altın Puan, Worldpuan, ParafPara, Bankkart Lira veya alışveriş puanı",Seturda 7500 Tlye Varan Worldpuan 2 Setur'da 7.500 TL'ye varan Worldpuan!,2026-08-10T13:45:46+00:00
6346,82,reward,7500.0,,,120000.0,7500.0,Ödül veya hediye tutarı,"1-31 Temmuz 2026 tarihleri arasında Worldcard ile setur.com.tr ve Setur sı üzerinden veya 444 28 22 nolu Çağrı Merkezi, Setur Şube ve Yetkili Satış Acentelerinden tek seferde yapılacak seçili yurt içi ve Kuzey Kıbrıs otel, yurt dışı tur ve kültür turu rezervasyonlarınızda 45.000 TL - 69.999 TL arası harcamaya 2.500 TL, 70.000 - 119.999 TL arası harcamaya 5.000 TL, 120.000 TL ve üzeri harcamaya 7.500 TL World Puan hed",2026-08-10T13:45:46+00:00
6347,82,installment,,,,120000.0,,12 taksit,"Peşin, 3 taksitli veya 6 taksitli alışverişlerden kampanyaya uygun olarak ilk yapılan alışveriş üzerinden Worldpuan kazanacaktır.",2026-08-10T13:45:46+00:00
6348,82,pos_advantage,,,,120000.0,,"POS komisyon, bloke veya ek taksit avantajı","Bu kampanyamıza katılımınızla birlikte, tarafınıza ait kredi ve banka kartı işlem verileriniz, 1- 31 Temmuz 2026 tarihleri arasında, Bankalara ait sanal POS'tan toplanacaktır.",2026-08-10T13:45:46+00:00
6352,83,discount,,5.0,,120000.0,7500.0,%5 indirim,"Worldpuan kampanyası ""Seçili otellerde sepette ek %5 indirim World'e özel %5 indirim!"" ve/veya ""%50’sini Şimdi Kalanı Tatile 7 Gün Kala Öde!"" kampanyaları ile birleştirilemez.",2026-08-10T13:45:46+00:00
6353,83,shopping_points,,,7500.0,120000.0,,"Altın Puan, Worldpuan, ParafPara, Bankkart Lira veya alışveriş puanı",Tatilbudurda 7500 Tlye Varan Worldpuan TatilBudur'da 7.500 TL’ye varan Worldpuan!,2026-08-10T13:45:46+00:00
6354,83,installment,,,,120000.0,,9 taksit,"1-31 Mayıs 2026 tarihleri arasında Tatilbudur.com, TatilBudur sı ,TatilBudur çağrı merkezi ve acenteler üzerinden tek seferde yapılacak peşin, 3 taksitli veya 6 taksitli alışverişlerde seçili yurt içi ve Kuzey Kıbrıs otel, yurt dışı tur rezervasyonlarında geçerli;",2026-08-10T13:45:46+00:00
6355,83,pos_advantage,,,,120000.0,,"POS komisyon, bloke veya ek taksit avantajı","Bu kampanyamıza katılımınızla birlikte, tarafınıza ait kredi ve banka kartı işlem verileriniz, 1-31 Mayıs 2026 tarihleri arasında Bankalara ait sanal POS'tan toplanacaktır.",2026-08-10T13:45:46+00:00
6356,84,shopping_points,,,7500.0,120000.0,,"Altın Puan, Worldpuan, ParafPara, Bankkart Lira veya alışveriş puanı",Tatilbudurda 7500 Tlye Varan Worldpuan 1 TatilBudur'da 7.500 TL’ye varan Worldpuan!,2026-08-10T13:45:46+00:00
6357,84,installment,,,,120000.0,,9 taksit,"1-30 Haziran 2026 tarihleri arasında Tatilbudur.com, TatilBudur sı ,TatilBudur çağrı merkezi ve acenteler üzerinden tek seferde yapılacak peşin, 3 taksitli veya 6 taksitli alışverişlerde seçili yurt içi ve Kuzey Kıbrıs otel, yurt dışı tur rezervasyonlarında geçerli;",2026-08-10T13:45:46+00:00
6358,84,pos_advantage,,,,120000.0,,"POS komisyon, bloke veya ek taksit avantajı","Bu kampanyamıza katılımınızla birlikte, tarafınıza ait kredi ve banka kartı işlem verileriniz, 1-30 Haziran 2026 tarihleri arasında Bankalara ait sanal POS'tan toplanacaktır.",2026-08-10T13:45:46+00:00
6359,85,discount,,5.0,,120000.0,7500.0,%5 indirim,"Worldpuan kampanyası """"Seçili otellerde sepette ek %5 indirim World'e özel %5 indirim!"""" ve/veya """"%50'sini Şimdi Kalanı Tatile 7 Gün Kala Öde!"""" kampanyaları ile birleştirilemez.",2026-08-10T13:45:46+00:00
6360,85,shopping_points,,,7500.0,120000.0,,"Altın Puan, Worldpuan, ParafPara, Bankkart Lira veya alışveriş puanı",Tatilbudurda 7500 Tlye Varan Worldpuan 2 TatilBudur'da 7.500 TL’ye varan Worldpuan!,2026-08-10T13:45:46+00:00
6361,85,installment,,,,120000.0,,9 taksit,"1-31 Temmuz 2026 tarihleri arasında tatilbudur.com, TatilBudur sı ve TatilBudur çağrı merkezinden tek seferde yapılacak peşin, 3 taksitli veya 6 taksitli alışverişlerde yurt içi ve Kuzey Kıbrıs otel rezervasyonlarında geçerli;",2026-08-10T13:45:46+00:00
6362,85,pos_advantage,,,,120000.0,,"POS komisyon, bloke veya ek taksit avantajı","Bu kampanyamıza katılımınızla birlikte, tarafınıza ait kredi ve banka kartı işlem verileriniz, 1-31 Temmuz 2026 tarihleri arasında Bankalara ait sanal POS'tan toplanacaktır.",2026-08-10T13:45:46+00:00
6372,86,installment,,,,,,6 taksit,Trendyol Harcamalarınızda World’e Özel 3 Taksit Fırsatı!,2026-08-10T13:45:46+00:00
6442,87,miles,,5.0,2000.0,2000.0,,2.000 Mil'e kadar,Akaryakıt Harcamalarınıza Her Ay Ekstra 2.000 Mil'e Varan Fırsat!,2026-08-10T13:45:46+00:00
6468,88,miles,,5.0,2000.0,,,2.000 Mil'e kadar,E-Ticaret Harcamalarınıza Her Ay Ekstra 2.000 Mil'e Varan Fırsat!,2026-08-10T13:45:46+00:00
6469,89,installment,,,,,,3 taksit,E-Ticaret Pazaryeri Satıcılarına Özel Vade Farksız 3 Taksit!,2026-08-10T13:45:46+00:00
6511,90,discount,,15.0,,,,%15 indirim,İlk kez Navlungo kullanacak Kuveyt Türk müşterilerine %15 indirim tanımlanacaktır.,2026-08-10T13:45:46+00:00
6512,90,miles,,10.0,60000.0,,,60.000 Mil'e kadar,Kuveyt Türk ile E-İhracat Gönderilerinizde Mil Kazanın!,2026-08-10T13:45:46+00:00
6531,91,miles,,5.0,2000.0,2000.0,,2.000 Mil'e kadar,Market ve Gıda Harcamalarınıza Her Ay Ekstra 2.000 Mil'e Varan Fırsat!,2026-08-10T13:45:46+00:00
6532,92,miles,,5.0,4000.0,2000.0,,4.000 Mil'e kadar,Miles&Smiles Business Kart QR Ödeme ile Ekstra 4.000 Mil!,2026-08-10T13:45:46+00:00
6529,93,installment,,,,,,3 taksit,MTV Ödemelerinizde Vade Farksız 3 Taksit Fırsatı!,2026-08-10T13:45:46+00:00
6545,94,cashback,10000.0,1.0,,100000.0,,Nakit iade avantajı,Kampanya Tarihleri 29.06.2026 - 31.12.2026 Kampanyayı Paylaş Proemtia Sağlam Bayi Kart sahibi olacak müşterilerimize 100.000 TL ve üzeri ilk işleme özel %1 nakit iade kazanın.,2026-08-10T13:45:46+00:00
6548,95,shopping_points,,,600.0,2000.0,,"Altın Puan, Worldpuan, ParafPara, Bankkart Lira veya alışveriş puanı",Sağlam Business Kart Akaryakıt Harcamalarınıza 600 TL’ye Varan Altın Puan Fırsatı!,2026-08-10T13:45:46+00:00
6549,96,shopping_points,,,4000.0,2000.0,,"Altın Puan, Worldpuan, ParafPara, Bankkart Lira veya alışveriş puanı",Sağlam Business Kart QR Ödeme ile 4.000 TL' ye Varan Altın Puan Fırsatı!,2026-08-10T13:45:46+00:00
6550,97,installment,,,,,,9 taksit,"Sağlam Business Kart’tan Dev Kampanya 3 Ay Erteleme ve %3,49 Oranla 9 Taksit İmkanı!",2026-08-10T13:45:46+00:00
6551,97,free_service,,,,,,Kart ücreti alınmıyor,Sağlam Business Kart Avantajları Sağlam Business Kart sahiplerinden herhangi bir kart ücreti alınmamaktadır.,2026-08-10T13:45:46+00:00
6555,98,discount,2000.0,,,1000.0,2000.0,2.000 TL indirim,Sağlam Tohum Kart QR Ödeme ile 2.000 TL' ye Varan İndirim Fırsatı!,2026-08-10T13:45:46+00:00
6560,99,miles,,5.0,2000.0,20000.0,,2.000 Mil'e kadar,Toptancı Harcamalarınıza Her Ay Ekstra 2.000 Mil'e Varan Fırsat!,2026-08-10T13:45:46+00:00
6567,100,miles,,5.0,2000.0,20000.0,,2.000 Mil'e kadar,Yapı ve İnşaat Harcamalarınıza Her Ay Ekstra 2.000 Mil'e Varan Fırsat!,2026-08-10T13:45:46+00:00
6446,101,free_service,,,,,,Ücretsiz HGS etiketi,"Araç Finansmanı Onaylanan KOBİ’lere HGS Kampanyası Kampanya Tarihleri 17.07.2026 - 31.12.2026 Kampanyayı Paylaş Araç Finansmanı Onaylanan KOBİ’lere HGS Kampanyası ile yeni araç almayı düşünen, araç finansmanına ihtiyaç duyan, hâlihazırda aracı olup yenileme/daha üst modele geçmeyi düşünen KOBİ müşterilerimize araç finansmanları onaylanması durumunda ücretsiz HGS etiketi avantajı sunulmaktadır.",2026-08-10T13:45:46+00:00
6577,102,miles,,,10000.0,,,10.000 Mil'e kadar,10.000 Mil Hediye Miles&Smiles Kuveyt Türk Business kart ınıza ilk harcamanızı yaptığınız anda 10.000 mil hediye!,2026-08-10T13:45:46+00:00
6520,103,discount,,75.0,,,,%75 indirim,Geliver iş birliği ile %75'e varan kargo indirimi fırsatını kaçırmayın.,2026-08-10T13:45:46+00:00
6521,103,discount,,70.0,,,,%70 indirim,"Geliver, kendi kullanıcılarına %70’e varan indirim sağlamakla birlikte E-Ticaret yapan Kuveyt Türklü KOBİ'lere ek indirimler sağlamaktadır.",2026-08-10T13:45:46+00:00
6477,107,reward,16000.0,,,,16000.0,Ödül veya hediye tutarı,"Esnaf, Çiftçi ve Tüzel Şirketlere Özel 16.000 TL Değerinde Finansal Ürün Paketi Hediye!",2026-08-10T13:45:46+00:00
6478,107,free_service,,,,,,Ücretsiz ürün veya hizmet paketi,"Kampanya Tarihleri 9.02.2024 - 31.12.2027 Kampanyayı Paylaş Siz de Kuveyt Türk Mobil' den şahıs firması, çiftçi veya tüzel şirket hesabı açın, 16.000 TL değerindeki finansal ürün paketimizden ücretsiz faydalanın!",2026-08-10T13:45:46+00:00
6479,108,reward,1000.0,,,,1000.0,Ödül veya hediye tutarı,"Kampanya Tarihleri 14.02.2025 - 31.12.2027 Kampanyayı Paylaş 31 Aralık 2027 tarihine kadar Kuveyt Türk Mobil ’den müşterimiz olan şahıs firması, çiftçiler ve tüzel şirketler 3 adet fatura talimatı vererek 1000 TL kazanıyor.",2026-08-10T13:45:46+00:00
6514,109,cashback,2000.0,,,1000.0,,Nakit iade avantajı,Ücretsiz 2 adet 10 yapraklı çek karnesi 100 adet ücretsiz çek tahsilatı 2 adet ücretsiz HGS etiketi Ücretsiz EFT ve havale imkanı(mobil/internet şube) Bankacılık Ürün Avantajları Döviz ve altın alım/satımına özel kur avantajı 60 aya kadar vadeli araç finansmanı 1.000 TL'ye kadar fatura desteği Sağlam Nakit Kart ile yapılacak ilk 2.000 TL ve üzeri akaryakıt harcamanıza 2.000 TL iade.,2026-08-10T13:45:46+00:00
6515,109,installment,,,,1000.0,,9 taksit,"Avantajlar Kuveyt Türk Ticari Kartlarına Özel Avantajlar Kuveyt Türk Ticari Kredi Kartlarıyla yapılacak taksitli işlemlerde aylık %3,49 oranla 9 taksite kadar vadelendirme imkanı!",2026-08-10T13:45:46+00:00
6516,109,special_rate,,,,,,Özel döviz veya kıymetli maden kuru,Ücretsiz 2 adet 10 yapraklı çek karnesi 100 adet ücretsiz çek tahsilatı 2 adet ücretsiz HGS etiketi Ücretsiz EFT ve havale imkanı(mobil/internet şube) Bankacılık Ürün Avantajları Döviz ve altın alım/satımına özel kur avantajı 60 aya kadar vadeli araç finansmanı 1.000 TL'ye kadar fatura desteği Sağlam Nakit Kart ile yapılacak ilk 2.000 TL ve üzeri akaryakıt harcamanıza 2.000 TL iade.,2026-08-10T13:45:46+00:00
6517,109,pos_advantage,,,,1000.0,,"POS komisyon, bloke veya ek taksit avantajı","POS Çözümleri %0,99' dan başlayan komisyon oranları(350.000 TL 'ye kadar) 9 güne kadar blokede %0 komisyon Ücretsiz Ürünler Sağlam Nakit Kart ile yapılacak ilk 1.000 TL ve üzeri harcamaya 1.000 TL iade.",2026-08-10T13:45:46+00:00
6518,109,free_service,,,,,,Ücretsiz HGS etiketi,Ücretsiz 2 adet 10 yapraklı çek karnesi 100 adet ücretsiz çek tahsilatı 2 adet ücretsiz HGS etiketi Ücretsiz EFT ve havale imkanı(mobil/internet şube) Bankacılık Ürün Avantajları Döviz ve altın alım/satımına özel kur avantajı 60 aya kadar vadeli araç finansmanı 1.000 TL'ye kadar fatura desteği Sağlam Nakit Kart ile yapılacak ilk 2.000 TL ve üzeri akaryakıt harcamanıza 2.000 TL iade.,2026-08-10T13:45:46+00:00
6510,110,discount,,30.0,,,,%30 indirim,Kuveyt Türk Veteriner Klinik Müşterilerine Özel Fugevet Dijital Yönetim Çözümlerinden %30 İndirim Kampanya Tarihleri 14.05.2026 - 31.12.2026 Kampanyayı Paylaş Kuveyt Türk müşterilerine özel modern veteriner klinik yönetimi hizmetleri sunan Fuguvet web sitesi üzerinden yapacakları hizmet satın alımlarında %30 indirim sunulacaktır.,2026-08-10T13:45:46+00:00
6542,111,cashback,1000.0,,,1000.0,,Nakit iade avantajı,"Kampanya Tarihleri 24.07.2025 - 31.12.2026 Kampanyayı Paylaş Kuveyt Türk Mobil ’den müşterimiz olan esnaflar, çiftçiler ve şahıs firması hesapları için için 1000 TL ’lik Sağlam Nakit Kart harcamasına 1000 TL harcama iadesi hediye!",2026-08-10T13:45:46+00:00
6543,111,reward,1000.0,,,1000.0,1000.0,Ödül veya hediye tutarı,"Mobilden Kuveyt Türklü olan Esnaf, Çiftçi ve Şahıs Firmalarına Özel 1000 TL Hediye!",2026-08-10T13:45:46+00:00
6533,112,cashback,1000.0,,,1000.0,,Nakit iade avantajı,1000 TL’lik Sağlam Business Nakit kart harcamasına 1000 TL harcama iadesi hediye!,2026-08-10T13:45:46+00:00
6534,112,reward,22000.0,,,1000.0,22000.0,Ödül veya hediye tutarı,Mobilden Kuveyt Türklü Olan Esnaf ve Çiftçilere 22.000 TL'ye Varan Hediye!,2026-08-10T13:45:46+00:00
6535,113,cashback,1000.0,,,1000.0,,Nakit iade avantajı,1000 TL’lik Sağlam Business Nakit Kart harcamasına 1.000 TL harcama iadesi hediye!,2026-08-10T13:45:46+00:00
6536,113,reward,22000.0,,,1000.0,22000.0,Ödül veya hediye tutarı,Mobilden Kuveyt Türklü Olan Tüzel Firmalara 22.000 TL'ye Varan Hediye!,2026-08-10T13:45:46+00:00
6540,114,cashback,1000.0,,,1000.0,,Nakit iade avantajı,Kampanya Tarihleri 24.07.2025 - 31.12.2026 Kampanyayı Paylaş Kuveyt Türk Mobil ’den müşterimiz olan Tüzel firma hesapları için 1000 TL ’lik Sağlam Business Nakit Kart harcamasına 1000 TL harcama iadesi hediye!,2026-08-10T13:45:46+00:00
6541,114,reward,1000.0,,,1000.0,1000.0,Ödül veya hediye tutarı,Mobilden Kuveyt Türklü Tüzel Firmalara Özel 1000 TL Hediye!,2026-08-10T13:45:46+00:00
6522,115,installment,,,,,,12 taksit,Kuveyt Türk'ten Eğitime Özel Taksitli POS Kampanyası Kampanya Tarihleri 1.07.2026 - 30.09.2026 Kampanyayı Paylaş Kuveyt Türk'ten eğitime destek!,2026-08-10T13:45:46+00:00
6523,115,pos_advantage,,,,,,"POS komisyon, bloke veya ek taksit avantajı",Kuveyt Türk'ten Eğitime Özel Taksitli POS Kampanyası Kampanya Tarihleri 1.07.2026 - 30.09.2026 Kampanyayı Paylaş Kuveyt Türk'ten eğitime destek!,2026-08-10T13:45:46+00:00
6524,116,pos_advantage,,,,,,"POS komisyon, bloke veya ek taksit avantajı","Kuveyt Türk’ten Sanal POS Kampanyası Kampanya Tarihleri 1.06.2025 - 31.12.2026 Kampanyayı Paylaş Kuveyt Türk olarak, e-ticaret sektörüne özel hazırladığımız cazip Sanal POS kampanyası ile sizlere avantajlar sunuyoruz.",2026-08-10T13:45:46+00:00
6525,117,pos_advantage,,,,,,"POS komisyon, bloke veya ek taksit avantajı","Kuveyt Türk’ten Yeni Müşterilere Özel POS Kampanyası Kampanya Tarihleri 1.11.2025 - 31.12.2026 Kampanyayı Paylaş Kuveyt Türk olarak, yeni müşterilerimize özel hazırladığımız cazip POS kampanyası ile sizlere avantajlar sunuyoruz.",2026-08-10T13:45:46+00:00
6466,118,installment,,,,,,3 taksit,Diyanet Umre Finansmanı ile Vade Farksız 3 Taksit İmkanı!,2026-08-10T13:45:46+00:00
6558,120,installment,,,,,,6 taksit,Taksitlio’da Yeni Müşterilere Özel Kuveyt Türk Alışveriş Finansmanı Fırsatı!,2026-08-10T13:45:46+00:00
6437,122,shopping_points,,,750.0,750.0,,"Altın Puan, Worldpuan, ParafPara, Bankkart Lira veya alışveriş puanı",750 TL'ye Varan Altın Puan Dokunuşu!,2026-08-10T13:45:46+00:00
6438,123,discount,20000.0,,,20000.0,20000.0,20.000 TL indirim,Kampanya Tarihleri 1.07.2026 - 31.07.2026 Kampanyayı Paylaş Adore Mobilya alışverişlerinize 9 aya varan taksit ve 20.000 TL üzeri harcamaya 4.000 TL indirim fırsatı!,2026-08-10T13:45:46+00:00
6439,123,installment,,,,20000.0,,9 taksit,Adore Mobilya'da 4.000 TL İndirim ve Vade Farksız 9 Aya Varan Taksit Fırsatı!,2026-08-10T13:45:46+00:00
6440,124,installment,,,,,,9 taksit,Adore Mobilya’da Vade Farksız 9 Aya Varan Taksit Fırsatı!,2026-08-10T13:45:46+00:00
6443,125,shopping_points,,,200.0,2000.0,,"Altın Puan, Worldpuan, ParafPara, Bankkart Lira veya alışveriş puanı",Akaryakıtta 200 TL'ye Varan Altın Puan Fırsatı!,2026-08-10T13:45:46+00:00
6444,126,installment,,,,,,9 taksit,Almila Mobilya’da 9 Aya Varan Taksit Fırsatı!,2026-08-10T13:45:46+00:00
6445,127,installment,,,,,,2 taksit,Altınyıldız’da Vade Farksız 2 Taksit Fırsatı Kampanya Tarihleri 28.07.2026 - 31.12.2026 Kampanyayı Paylaş Kuveyt Türk bireysel kredi kartları ile 31 Aralık 2026 tarihine kadar Altınyıldız resmi web sitesinde yapacağınız alışverişlerinizde vade farksız 2 taksit imkanı sizi bekliyor.,2026-08-10T13:45:46+00:00
6447,128,installment,,,,,,5 taksit,Avansas’da Vade Farksız 5 Aya Varan Taksit Fırsatı!,2026-08-10T13:45:46+00:00
6448,129,installment,,,,,,4 taksit,Barçın Spor’da 4 Taksit Fırsatı!,2026-08-10T13:45:46+00:00
6449,130,discount,5000.0,,,,5000.0,5.000 TL indirim,Kampanya kapsamında tek işlemde maksimum 5.000 TL indirim kazanılabilir.,2026-08-10T13:45:46+00:00
6450,130,discount,,25.0,,,5000.0,%25 indirim,KAMPANYA DETAYLARI Taksitli yapılan alışverişlerde %25 indirim uygulanır.,2026-08-10T13:45:46+00:00
6451,130,installment,,,,,,3 taksit,"Kampanya Tarihleri 1.07.2026 - 31.07.2076 Kampanyayı Paylaş Kuveyt Türk bireysel kredi kartları, 31 Temmuz 2026 tarihine kadar Bella Maison resmi web sitesi üzerinden yapacağınız taksitli alışverişlerde %25 indirim ve vade farksız 3 aya varan taksit imkanı sunuyor.",2026-08-10T13:45:46+00:00
6452,131,installment,,,,,,4 taksit,Beymen’de Vade Farksız 4 Aya Varan Taksit Fırsatı Kampanya Tarihleri 19.06.2026 - 31.12.2026 Kampanyayı Paylaş Kuveyt Türk bireysel kredi kartları ile 31 Aralık 2026’ya kadar Beymen resmi web sitesinde yapacağınız alışverişlerinizde 4 aya varan taksit imkanı sizi bekliyor.,2026-08-10T13:45:46+00:00
6453,132,installment,,,,,,3 taksit,Brandy’s Mağazalarında Vade Farksız 3 Aya Varan Taksit Fırsatı Kampanya Tarihleri 14.01.2026 - 31.12.2026 Kampanyayı Paylaş Kuveyt Türk bireysel kredi kartları ile 31 Aralık 2026 tarihine kadar Brandy’s mağazalarında yapacağınız alışverişlerinizde vade farksız 3 aya varan taksit imkanı sizi bekliyor.,2026-08-10T13:45:46+00:00
6454,133,discount,5000.0,,,,5000.0,5.000 TL indirim,Kampanya kapsamında tek işlemde maksimum 5.000 TL indirim kazanılabilir.,2026-08-10T13:45:46+00:00
6455,133,discount,,25.0,,,5000.0,%25 indirim,KAMPANYA DETAYLARI Taksitli yapılan alışverişlerde %25 indirim uygulanır.,2026-08-10T13:45:46+00:00
6456,133,installment,,,,,,4 taksit,"Kampanya Tarihleri 1.07.2026 - 31.07.2026 Kampanyayı Paylaş Kuveyt Türk Bireysel Kredi Kartları, 31 Temmuz 2026 tarihine kadar Civil resmi web sitesi üzerinden yapacağınız taksitli alışverişlerde %25 indirim ve vade farksız 4 aya varan taksit imkanı sunuyor.",2026-08-10T13:45:46+00:00
6457,134,installment,,,,,,4 taksit,Civil’de Vade Farksız 4 Aya Varan Taksit Fırsatı Kampanya Tarihleri 22.06.2026 - 31.12.2026 Kampanyayı Paylaş Kuveyt Türk bireysel kredi kartları ile 31 Aralık 2026 tarihine kadar Civil resmi web sitesinde yapacağınız alışverişlerinizde vade farksız 4 aya varan taksit imkanı sizi bekliyor.,2026-08-10T13:45:46+00:00
6458,135,installment,,,,,,6 taksit,Columbia’da Vade Farksız 6 Aya Varan Taksit Fırsatı Kampanya Tarihleri 20.08.2025 - 31.12.2026 Kampanyayı Paylaş Kuveyt Türk bireysel kredi kartları ile 31 Aralık 2026 tarihine kadar Columbia ve The Moose Bay’den yapacağınız alışverişlerinizde vade farksız 6 aya varan taksit imkanı sizi bekliyor.,2026-08-10T13:45:46+00:00
6459,136,discount,30000.0,,,30000.0,30000.0,30.000 TL indirim,Kampanya Tarihleri 1.07.2026 - 31.07.2026 Kampanyayı Paylaş Kuveyt Türk Bireysel Kredi Kartları ile Daikin alışverişlerinize 8 aya varan taksit ve 30.000 TL üzeri taksitli harcamaya 2.000 TL indirim fırsatı!,2026-08-10T13:45:46+00:00
6460,136,installment,,,,30000.0,,8 taksit,Daikin'de 2.000 TL İndirim ve Vade Farksız 8 Aya Varan Taksit Fırsatı!,2026-08-10T13:45:46+00:00
6463,137,installment,,,,,,9 taksit,Demirdöküm’de 9 Taksit Fırsatı!,2026-08-10T13:45:46+00:00
6464,138,installment,,,,,,2 taksit,"Desa Grup’ta Vade Farksız 2 Taksit Fırsatı Kampanya Tarihleri 16.09.2025 - 31.12.2026 Kampanyayı Paylaş Kuveyt Türk bireysel kredi kartları ile 31 Aralık 2026 tarihine kadar Desa Grubun (Samsonite, Desa , Adesa) mağazalarında yapacağınız alışverişlerinizde vade farksız 2 taksit imkanı sizi bekliyor.",2026-08-10T13:45:46+00:00
6465,139,installment,,,,,,4 taksit,Divarese’de Vade Farksız 4 Aya Varan Taksit Fırsatı!,2026-08-10T13:45:46+00:00
6467,140,installment,,,,,,5 taksit,Doğtaş Grubu'nda 5 Aya Varan Taksit İmkanı!,2026-08-10T13:45:46+00:00
6470,141,installment,,,,,,9 taksit,EasyCep‘te Vade Farksız 9 Aya Varan Taksit Fırsatı!,2026-08-10T13:45:46+00:00
6487,142,installment,,,,,,5 taksit,Eğitim Harcamalariniza 5 Taksit Imkani Kampanya Tarihleri 12.02.2024 - 31.12.2026 Kampanyayı Paylaş Sağlam Kart Eğitim Kampanyası Artık Kuveyt Türk Mobil ’de!,2026-08-10T13:45:46+00:00
6488,143,installment,,,,,,5 taksit,Eğitim ve Sağlık Harcamalarınızda 5 Taksit Fırsatı!,2026-08-10T13:45:46+00:00
6473,144,discount,,10.0,,,,%10 indirim,"Yıldızlı otellerde %10 indirim, Helal hassasiyetli yurt dışı turlarında %8 indirim, Tüm umre turlarında %6 indirim, yurt içi Otel rezervasyonlarında vade farksız 9 taksit avantajları sizleri bekliyor.",2026-08-10T13:45:46+00:00
6474,144,discount,,8.0,,,,%8 indirim,"Yıldızlı otellerde %10 indirim, Helal hassasiyetli yurt dışı turlarında %8 indirim, Tüm umre turlarında %6 indirim, yurt içi Otel rezervasyonlarında vade farksız 9 taksit avantajları sizleri bekliyor.",2026-08-10T13:45:46+00:00
6475,144,installment,,,,,,9 taksit,Kuveyt Türk Kredi Kartlarınızla Elçi Tur üzerinden yapacağınız seçili rezervasyonlarda indirim ve taksit fırsatlarından yararlanın.,2026-08-10T13:45:46+00:00
6471,145,discount,1000.0,,,,1000.0,1.000 TL indirim,Elektrikli Araç Şarjınıza Özel 1.000 TL'ye Varan İndirim!,2026-08-10T13:45:46+00:00
6472,145,discount,,10.0,,,1000.0,%10 indirim,KAMPANYA DETAYLARI Şarj harcamalarına %10 indirim uygulanır.,2026-08-10T13:45:46+00:00
6476,146,installment,,,,,,3 taksit,Enplus ile 3 Aya Varan Vade Farksız Taksit İmkanı!,2026-08-10T13:45:46+00:00
6489,147,installment,,,,,,3 taksit,Fakir’de Vade Farksız 3 Aya Varan Taksit Fırsatı Kampanya Tarihleri 18.09.2025 - 31.12.2026 Kampanyayı Paylaş Kuveyt Türk bireysel kredi kartları ile 31 Aralık 2026 tarihine kadar Fakir’den yapacağınız alışverişlerinizde vade farksız 3 aya varan taksit imkanı sizi bekliyor.,2026-08-10T13:45:46+00:00
6491,148,installment,,,,,,3 taksit,Gelir Vergisi Ödemelerinizde 3 Taksit Fırsatı!,2026-08-10T13:45:46+00:00
6492,149,installment,,,,,,11 taksit,Gree Klima’da Vade Farksız 11 Aya Varan Taksit Fırsatı!,2026-08-10T13:45:46+00:00
6493,150,installment,,,,,,9 taksit,Gündoğdu Mobilya’da Vade Farksız 9 Aya Varan Taksit Fırsatı!,2026-08-10T13:45:46+00:00
6494,151,installment,,,,,,9 taksit,Gürgençler'de 9 Aya Varan Taksit İmkanı!,2026-08-10T13:45:46+00:00
6495,152,installment,,,,,,9 taksit,Hantech’de Vade Farksız 9 Aya Varan Taksit Fırsatı!,2026-08-10T13:45:46+00:00
6497,153,miles,,,10000.0,,,10.000 Mil'e kadar,Hisse Senedi İşlemleriniz Mil'lere Dönüşsün Kampanya Tarihleri 1.06.2026 - 31.08.2026 Kampanyayı Paylaş Kampanya Koşulları Kampanya kapsamında 01.06.2026 ile 31.08.2026 tarihleri arasında Borsa İstanbul pay senedi işlemlerine yönelik olarak;,2026-08-10T13:45:46+00:00
6576,154,discount,3000.0,,,1000.0,3000.0,3.000 TL indirim,İdefix'te 3.000 TL'ye Varan İndirim Fırsatı!,2026-08-10T13:45:46+00:00
6578,155,installment,,,,,,6 taksit,İmza’da Vade Farksız 6 Aya Varan Taksit Fırsatı Kampanya Tarihleri 22.10.2025 - 31.12.2026 Kampanyayı Paylaş Kuveyt Türk bireysel kredi kartları ile 31 Aralık 2026 tarihine kadar İmza mağazalarında yapacağınız alışverişlerinizde vade farksız 6 aya varan taksit imkanı sizi bekliyor.,2026-08-10T13:45:46+00:00
6579,156,installment,,,,,,6 taksit,İşbir Yatak ile 6’ya Varan Taksit İmkanı!,2026-08-10T13:45:46+00:00
6498,157,installment,,,,,,4 taksit,Kiğılı’da Vade Farksız 4 Aya Varan Taksit Fırsatı!,2026-08-10T13:45:46+00:00
6502,158,installment,,,,10000.0,,6 taksit,Koçtaş’ta Vade Farksız 6 Aya Varan Taksit Fırsatı!,2026-08-10T13:45:46+00:00
6499,159,installment,,,,,,9 taksit,Konfor’da Vade Farksız 9 Aya Varan Taksit Fırsatı!,2026-08-10T13:45:46+00:00
6500,160,installment,,,,,,7 taksit,Konyalı Saat ile 7 Aya Varan Taksit İmkanı!,2026-08-10T13:45:46+00:00
6501,161,installment,,,,,,4 taksit,Korayspor ile Vade Farksız 4'e Varan Taksit İmkanı!,2026-08-10T13:45:46+00:00
6505,162,discount,,7.0,,,,%7 indirim,"Kuveyt Türk Kredi Kartlarına Toprak Turizm Yurt Dışı Turlarında %10, Umre Turlarında %7 İndirim Kampanya Tarihleri 30.07.2026 - 30.09.2026 Kampanyayı Paylaş Yeni rotalar keşfetmek ya da umre yolculuğunuzu planlamak için Kuveyt Türk kredi kartınıza özel avantajlardan yararlanın.",2026-08-10T13:45:46+00:00
6506,163,cashback,2000.0,,,,,Nakit iade avantajı,"Kampanya Tarihleri 5.11.2025 - 31.12.2026 Kampanyayı Paylaş Kuveyt Türk Mobil 'den aylık minimum 2.000 TL’lik Pratik BES ürünü sözleşmesi yapıp, ödemesini Kuveyt Türk Bireysel Kredi Kartları üzerinden yapan müşterilerimize özel 2.000 TL iade yapılacaktır.",2026-08-10T13:45:46+00:00
6507,163,reward,2000.0,,,,2000.0,Ödül veya hediye tutarı,Kuveyt Türk Mobil'den Pratik BES planınıza 2000 TL Hediye!,2026-08-10T13:45:46+00:00
6509,164,installment,,,,100.0,,9 taksit,"Kuveyt Türk Müşterilerine Özel %2,99 Oranlı Kar Paylı Taksitlendirme Fırsatı!",2026-08-10T13:45:46+00:00
6519,165,discount,,30.0,,,,%30 indirim,"KAMPANYA DETAYLARI Kampanya kapsamında, WindyCar resmi web sitesi üzerinden yapılan online rezervasyonlarda %30 indirim uygulanır.",2026-08-10T13:45:46+00:00
6526,166,installment,,,,,,9 taksit,Lajivert ve Ritmik Mobilya’da Vade Farksız 9 Aya Varan Taksit Fırsatı Kampanya Tarihleri 6.03.2026 - 31.12.2026 Kampanyayı Paylaş Kuveyt Türk bireysel kredi kartları ile 31 Aralık 2026’ya kadar Lajivert Mobilya ve Ritmik Mobilya mağazaları ve resmi web sitesinde yapacağınız alışverişlerinizde 9 aya varan taksit imkanı sizi bekliyor.,2026-08-10T13:45:46+00:00
6527,167,installment,,,,,,6 taksit,Lastikcim.com'da Vade Farksız 6 Aya Varan Taksit Fırsatı!,2026-08-10T13:45:46+00:00
6528,168,installment,,,,,,9 taksit,Lazzoni’de 9 Aya Varan Taksit Fırsatı!,2026-08-10T13:45:46+00:00
6530,169,installment,,,,,,3 taksit,MTV Ödemelerinizde Vade Farksız 3 Taksit!,2026-08-10T13:45:46+00:00
6544,170,installment,,,,,,4 taksit,Penelope ve Othello’da Vade Farksız 4 Aya Varan Taksit Fırsatı!,2026-08-10T13:45:46+00:00
6546,171,installment,,,,,,4 taksit,Ramsey’de Vade Farksız 4 Aya Varan Taksit Fırsatı!,2026-08-10T13:45:46+00:00
6547,172,installment,,,,,,5 taksit,Saat&Saat Alışverişlerinizde 5'e Varan Taksit İmkanı!,2026-08-10T13:45:46+00:00
6552,173,discount,1000.0,,,,1000.0,1.000 TL indirim,"Kampanya Tarihleri 30.07.2025 - 31.12.2026 Kampanyayı Paylaş 31 Aralık 2026 tarihine kadar yapacağınız tatil harcamalarınızda 9 aya varan taksit avantajından yararlanabilir, Halalbooking’e kaydolurken 1.000 TL değerinde indirim kazanabilirsiniz.",2026-08-10T13:45:46+00:00
6553,173,discount,,20.0,,,,%20 indirim,"Kredi kartı segmentinize göre ilk yıl Gold, Platin veya Diamond üyelik kazanarak seçili otellerde %20'ye varan indirim, private hizmetler ve ücretsiz havaalanı transferi ayrıcalıklarından faydalanabilirsiniz.",2026-08-10T13:45:46+00:00
6554,173,installment,,,,,,9 taksit,"Kampanya Tarihleri 30.07.2025 - 31.12.2026 Kampanyayı Paylaş 31 Aralık 2026 tarihine kadar yapacağınız tatil harcamalarınızda 9 aya varan taksit avantajından yararlanabilir, Halalbooking’e kaydolurken 1.000 TL değerinde indirim kazanabilirsiniz.",2026-08-10T13:45:46+00:00
6556,174,installment,,,,,,5 taksit,Sağlık Harcamalariniza 5 Taksit Imkani Kampanya Tarihleri 14.02.2024 - 31.12.2026 Kampanyayı Paylaş Sağlam Kart Sağlık Kampanyası Artık Kuveyt Türk Mobil ’de!,2026-08-10T13:45:46+00:00
6557,175,installment,,,,,,3 taksit,Starwood Yapı Market’te Vade Farksız 3 Aya Varan Taksit Fırsatı!,2026-08-10T13:45:46+00:00
6559,176,installment,,,,,,3 taksit,Tergan’da Vade Farksız 3 Aya Varan Taksit Fırsatı!,2026-08-10T13:45:46+00:00
6561,177,installment,,,,,,12 taksit,Vaillant’ta 12 Taksit Fırsatı!,2026-08-10T13:45:46+00:00
6562,178,installment,,,,,,3 taksit,Vatan Bilgisayar’da Vade Farksız 3 Taksit Fırsatı!,2026-08-10T13:45:46+00:00
6563,179,installment,,,,,,9 taksit,Weltew’de 9 Aya Varan Taksit Fırsatı!,2026-08-10T13:45:46+00:00
6564,180,installment,,,,,,9 taksit,Wome Deluxe Hotel’de 9 Aya Varan Taksit Fırsatı!,2026-08-10T13:45:46+00:00
6570,181,installment,,,,,,5 taksit,Yeni Sağlam Kart Troy'lulara Özel Vade Farksız 5 Aya Varan Taksit İmkanı!,2026-08-10T13:45:46+00:00
6571,182,installment,,,,,,12 taksit,Yenilio'ya Özel Vade Farksız 12'ye Varan Taksit İmkanı!,2026-08-10T13:45:46+00:00
6572,183,discount,,15.0,,,,%15 indirim,Yurtdışı araç kiralamada: 360KUVEYT koduyla net %15 indirim.,2026-08-10T13:45:46+00:00
6573,183,discount,,10.0,,,,%10 indirim,İndirim Kodları: Yurtiçi araç kiralamada: KUVEYT360 koduyla %10 indirim.,2026-08-10T13:45:46+00:00
6574,184,installment,,,,,,12 taksit,Yuki Motor’da Vade Farksız 12 Aya Varan Taksit Fırsatı Kampanya Tarihleri 27.04.2026 - 31.12.2026 Kampanyayı Paylaş Kuveyt Türk bireysel kredi kartları ile 31 Aralık 2026 tarihine kadar Yuki Motor’da yapacağınız alışverişlerinizde vade farksız 12 aya varan taksit imkanı sizi bekliyor.,2026-08-10T13:45:46+00:00
6441,185,miles,,,10000.0,1000.0,,10.000 Mil'e kadar,Akademisyenlere Özel Avantaj Paketi Kampanya Tarihleri 11.08.2025 - 31.12.2026 Kampanyayı Paylaş Miles&Smiles Kuveyt Türk Kart Avantajları Miles&Smiles Kuveyt Türk Kart ile 10.000 Mil Avantajı: Miles&Smiles Kuveyt Türk kredi kartları ile yapacağınız ilk 1.000 TL ve üzeri harcamada kart limitinize göre 10.000 Mil'e varan hediye kazanabilirsiniz.,2026-08-10T13:45:46+00:00
6461,186,cashback,500.0,,,500.0,,Nakit iade avantajı,"Davet Kodunla Gel Davet kodu kullanarak Kuveyt Türk Mobil veya Self Nokta üzerinden hesap açan müşteriler, müşteri olduktan sonra gerçekleştirecekleri 500 TL ve üzeri Sağlam Nakit Kart harcamasına 500 TL harcama iadesi kazanır.",2026-08-10T13:45:46+00:00
6462,186,reward,750.0,,,500.0,750.0,Ödül veya hediye tutarı,"Davet Kodunla Gel, Memnuniyet Anketine Katıl, 750 TL Kazan!",2026-08-10T13:45:46+00:00
6480,187,discount,10000.0,,,,10000.0,10.000 TL indirim,Konfor mağazalarında 10.000 TL’ye varan indirim ve 9 aya varan vade farksız taksit fırsatına sahip olabilirsiniz.,2026-08-10T13:45:46+00:00
6481,187,discount,,50.0,,,10000.0,%50 indirim,"Miles&Smiles Kuveyt Türk kredi kartları ile İstanbul Havalimanı ve Sabiha Gökçen Havalimanı’nda lounge, otopark ve vale hizmetlerinde %50 indirim avantajına sahip olabilirsiniz.",2026-08-10T13:45:46+00:00
6482,187,discount,,15.0,,,10000.0,%15 indirim,"Yolcu360 üzerinden yurtiçi araç kiralamada: KUVEYT360 koduyla %10 indirim , Yurtdışı araç kiralamada: 360KUVEYT koduyla net %15 indirim kazanabilirsiniz.",2026-08-10T13:45:46+00:00
6483,187,discount,,12.0,,,10000.0,%12 indirim,Qatar Airways Kuveyt Türk kredi kartlarına %12'ye varan indirim fırsatı!,2026-08-10T13:45:46+00:00
6484,187,discount,,10.0,,,10000.0,%10 indirim,"Yolcu360 üzerinden yurtiçi araç kiralamada: KUVEYT360 koduyla %10 indirim , Yurtdışı araç kiralamada: 360KUVEYT koduyla net %15 indirim kazanabilirsiniz.",2026-08-10T13:45:46+00:00
6485,187,shopping_points,,,10.0,,,"Altın Puan, Worldpuan, ParafPara, Bankkart Lira veya alışveriş puanı","Kuveyt Türk Mobil veya Self Nokta'dan yeni müşteri olup, Kuveyt Türk bireysel kredi kartıyla mobilden Yurt Dışı Çıkış Harcı satın alındığında harç tutarının tamamı altın puan olarak iade verilecektir.",2026-08-10T13:45:46+00:00
6486,187,installment,,,,,,36 taksit,"Müjde Evlilik Paketimize sahip olduğunuzda: 10.000 TL ve 50.000 TL arasında yaptığınız 3 harcamanızı vade farksız 10 taksite bölerek yüksek tutarlı ödemelerinizi kolaylaştırabilir, Kiğılı, Ramsey, Divarese, İmza, Tergan, Desa Grup, Brandy’s, Saat&Saat, Konyalı Saat ve Trendyol gibi markalarda çeyiz ve giyim alışveriş yapabilir, Koçtaş, Dyson, Fakir, Enplus, Lazzoni, Doğtaş, Weltew, Gürgençler, Vatan Bilgisayar gibi m",2026-08-10T13:45:46+00:00
6490,188,reward,500.0,,,,500.0,Ödül veya hediye tutarı,Fatura Talimatlarınıza Toplam 500 TL Hediye!,2026-08-10T13:45:46+00:00
6496,189,installment,,,,,,9 taksit,"Kampanya Tarihleri 7.03.2025 - 31.12.2026 Kampanyayı Paylaş Hepsiburada sından oluşturacağınız sepetinizi Kuveyt Türk Alışveriş Finansmanı ile ödemek için Kuveyt Türk müşterisi olun, 50.000 TL ’ye kadar vade farksız 9 taksitle alışverişin keyfini çıkarın!",2026-08-10T13:45:46+00:00
6503,190,cashback,500.0,,,,,Nakit iade avantajı,Davet kodunu kullanarak Kuveyt Türk Mobil'den Kuveyt Türklü olup 500 TL harcama iadesi kazanabilirsiniz.,2026-08-10T13:45:46+00:00
6504,190,reward,13500.0,,,,13500.0,Ödül veya hediye tutarı,Kuveyt Türk Kampüs’e Gelenlere Toplamda 13.500 TL Hediye!,2026-08-10T13:45:46+00:00
6508,191,special_rate,,,,,,Özel döviz veya kıymetli maden kuru,Kuveyt Türk Mobil’den Müşterimiz Olun Özel Kur Fırsatını Kaçırmayın!,2026-08-10T13:45:46+00:00
6537,192,cashback,500.0,,,,,Nakit iade avantajı,Davet kodunu kullanarak mobilden veya Self Nokta'dan Kuveyt Türklü olup 500 TL harcama iadesi kazanabilirsiniz.,2026-08-10T13:45:46+00:00
6538,192,shopping_points,,,,,,Ödemenin tamamı Altın Puan olarak iade,"Kuveyt Türk Mobil veya Self Nokta'dan yeni müşteri olup, Kuveyt Türk bireysel kredi kartıyla mobilden Yurt Dışı Çıkış Harcı satın alındığında harç tutarının tamamı altın puan olarak iade verilecektir.",2026-08-10T13:45:46+00:00
6539,192,reward,7250.0,,,,7250.0,Ödül veya hediye tutarı,Mobilden Kuveyt Türklü Olanlara Toplamda 7.250 TL Hediye!,2026-08-10T13:45:46+00:00
6565,193,cashback,500.0,,,500.0,,Nakit iade avantajı,Üstelik davet koduyla Kuveyt Türklü olan yakınlarınıza da 500 TL harcama iadesi!,2026-08-10T13:45:46+00:00
6566,193,reward,5000.0,,,500.0,5000.0,Ödül veya hediye tutarı,Yakınlarını Kuveyt Türk'e Davet Et Toplamda 5.000 TL'ye Varan Hediye Kazan!,2026-08-10T13:45:46+00:00
6568,194,miles,,,10000.0,1000.0,,10.000 Mil'e kadar,Yeni Kuveyt Türk Mobil Müşterilerine 10.000 Mil'e Varan Fırsat!,2026-08-10T13:45:46+00:00
6569,195,installment,,,,,,12 taksit,"Kampanya Tarihleri 22.10.2025 - 31.12.2026 Kampanyayı Paylaş 2 ay ertelemeli İhtiyaç Kart, yeni müşterilere özel 100.000 TL’ye kadar %1,99 oranla 12 aya varan taksit fırsatı sunuyor!",2026-08-10T13:45:46+00:00
6575,196,shopping_points,,,,,,Ödemenin tamamı Altın Puan olarak iade,"Kampanya Tarihleri 1.01.2026 - 31.12.2026 Kampanyayı Paylaş Kuveyt Türk Mobil üzerinden 01.01.2026 tarihinden itibaren müşteri olup, Kuveyt Türk bireysel kredi kartıyla mobilden Yurt Dışı Çıkış Harcı satın alındığında harç tutarının tamamı altın puan olarak iade verilecektir.",2026-08-10T13:45:46+00:00
6513,197,discount,,35.0,,,,%35 indirim,"Avantajlı fiyatlardan yararlanmaya devam etmek için sonraki satın alma işlemlerinde PocketSIM uygulaması üzerinden, eSIM planını seçtikten sonra ödeme adımındaki ""İndirim Kodu"" alanına KTPRIME35 kodunu girerek %35 indirimden faydalanabilirsiniz.",2026-08-10T13:45:46+00:00
6746,198,discount,,15.0,,,,%15 indirim,Happy Bonus kartı ile %15'ye varan indirimlerden yararlanın.,2026-08-10T13:45:46+00:00
6753,199,installment,,,,,,3 taksit,Okul Ödemelerinize Kâr Paysız Taksit!,2026-08-10T13:45:46+00:00
6769,200,installment,,,,,,3 taksit,Vergi Ödemelerinize Kâr Paysız Taksit!,2026-08-10T13:45:46+00:00
6744,201,installment,,,,,,3 taksit,Faturanıza 3 Aya Kadar Kâr Paysız Taksit!,2026-08-10T13:45:46+00:00
6754,202,reward,500.0,,,,500.0,Ödül veya hediye tutarı,Happy Bonus kartınızdan her fatura için 100 TL toplam 500 TL Bonus kazanılacaktır.,2026-08-10T13:45:46+00:00
6755,203,installment,,,,,,3 taksit,Pasaport Harcı Ödemelerinize Kâr Paysız Taksit!,2026-08-10T13:45:46+00:00
6762,204,discount,250.0,,,2000.0,250.0,250 TL indirim,Sevimli Dostlarınız için Petidi.com’da 250 TL İndirim Fırsatı!,2026-08-10T13:45:46+00:00
6758,205,installment,,,,,,3 taksit,Sağlık Harcamalarınıza Kâr Paysız Taksit!,2026-08-10T13:45:46+00:00
6747,206,reward,2500.0,,,5000.0,2500.0,Ödül veya hediye tutarı,Happy Kredi Kartı ile 2.500 TL Bonus kazanın!,2026-08-10T13:45:46+00:00
6772,207,discount,,15.0,,5000.0,,%15 indirim,"Yurtiçi araç kiralama da %10, yurtdışı araç kiralama da net %15 indirim sağlamaktadır.",2026-08-10T13:45:46+00:00
6773,207,discount,,10.0,,5000.0,,%10 indirim,"Yolcu360'da Happy Kart'la Araç Kiralamak Daha Avantajlı Happy Kart ile Yolcu 360'dan yapılacak araç kiralama harcamalarında: 5.000 TL ve üzeri harcamaya 250 TL Bonus, TF360 kodu ile Yurt içi araç kiralamada net %10 indirim, Yurt dışı araç kiramalada net %15 indirim Kampanya detayları: Bonus: Happy Bonus Kart ile Yolcu360'da tek seferde yapılacak 5.000 TL ve üzeri işleme 250 TL Bonus kazanabilirsiniz.",2026-08-10T13:45:46+00:00
6774,207,reward,250.0,,,5000.0,250.0,Ödül veya hediye tutarı,"Yolcu360'da Happy Kart'la Araç Kiralamak Daha Avantajlı Happy Kart ile Yolcu 360'dan yapılacak araç kiralama harcamalarında: 5.000 TL ve üzeri harcamaya 250 TL Bonus, TF360 kodu ile Yurt içi araç kiralamada net %10 indirim, Yurt dışı araç kiramalada net %15 indirim Kampanya detayları: Bonus: Happy Bonus Kart ile Yolcu360'da tek seferde yapılacak 5.000 TL ve üzeri işleme 250 TL Bonus kazanabilirsiniz.",2026-08-10T13:45:46+00:00
6741,209,reward,1950.0,,,,1950.0,Ödül veya hediye tutarı,"katkı payı ödeyeni kendisi olmak koşuluyla kendi adına 1, eşine 1 ve çocuğuna 1 adet olmak üzere toplamda 3 adet BES yaptıran ve bu BES’lerin katkı payını bankamız kredi kartı ile ödeyen müşterimiz 1.950 TL bonus kazanacaktır.",2026-08-10T13:45:46+00:00
6742,210,reward,5000.0,,,5000.0,5000.0,Ödül veya hediye tutarı,"Maaşınızı Türkiye Finans’a taşıyarak, 27.000 TL’ye varan nakit promosyon ve bonus ile birlikte Türkiye Finans’a davet ettiğiniz emekli yakınlarınız için 5.000 TL’ye varan nakit ödül fırsatından yararlanabilirsiniz.",2026-08-10T13:45:46+00:00
6743,211,reward,4000.0,,,1000.0,4000.0,Ödül veya hediye tutarı,4.000 TL Bonus Kazandıran Kampanya Nedir?,2026-08-10T13:45:46+00:00
6745,212,return_advantage,,,,,,Avantajlı getiri oranı,Günlük Hesap’la İhtiyaç Anında Vadeni Bozma!,2026-08-10T13:45:46+00:00
6748,215,return_advantage,,,,,,Avantajlı getiri oranı,"Katılım Hesabınızı Şimdi Açın, Daha Yüksek Getiri Oranlarından Yararlanın!",2026-08-10T13:45:46+00:00
6749,216,discount,10000.0,,,,10000.0,10.000 TL indirim,"Paratik kartınız ile 15.584 anlaşmalı İş Bankası, Yapı Kredi ve PTT ATM’sinden komisyon ödemeden 10.000 TL’ye kadar para çekebilir ve yatırabilir, 10.000 TL üzeri işlemlerinizi yapılan anlaşmalar kapsamındaki indirim oranları ile gerçekleştirebilirsiniz.",2026-08-10T13:45:46+00:00
6750,216,fee_exemption,,,,,,Komisyon veya masraf muafiyeti,Masrafsız Bankacılık,2026-08-10T13:45:46+00:00
6751,217,privilege,,,,,,MasterKOBİ ayrıcalıkları,Mastercard Business Kart’a özel fırsatlar MasterKOBİ’de!,2026-08-10T13:45:46+00:00
6768,218,reward,1000.0,,,1000.0,1000.0,Ödül veya hediye tutarı,"Müşteri olduğunuz aydan itibaren Yedek Hesap ve Günlük Hesap ürünlerinden birinin aktif kullanımı için 500 TL, toplamda 1.000 TL bonus kazanabilirsiniz.",2026-08-10T13:45:46+00:00
6752,219,discount,,50.0,,,,%50 indirim,İlk yıl için kiralık kasa hizmetinden %50 indirimli olarak yararlanabilirsiniz.,2026-08-10T13:45:46+00:00
6770,220,reward,5000.0,,,,5000.0,Ödül veya hediye tutarı,"Gönderdiğiniz davet kodu ile mobilden Türkiye Finanslı olan ve Happy Bonus kredi kartlarını kullanan her yakınınız için 500 TL, toplamda 5.000TL bonus kazanabilirsiniz.",2026-08-10T13:45:46+00:00
6771,221,fee_exemption,,,,,,Komisyon veya masraf muafiyeti,Yeni Yatırım Hesabınıza Sıfır Komisyon Oranı,2026-08-10T13:45:46+00:00
6738,222,reward,500.0,,,,500.0,Ödül veya hediye tutarı,Otomatik fatura ödeme talimatları ile toplam 500 TL Bonus kazanabilirsiniz.,2026-08-10T13:45:46+00:00
6739,222,installment,,,,,,3 taksit,Aksa Doğalgaz ve 4 farklı otomatik fatura talimatıyla 500 TL Bonus ve 3 taksit fırsatı!,2026-08-10T13:45:46+00:00
6777,223,membership,,,,,,GastroClub üyeliği,Âlâ Bankacılık Ayrıcalıklar Dünyasında GastroClub Üyeliği İle Keyifli Bir Deneyime Adım Atın!,2026-08-10T13:45:46+00:00
6797,224,discount,,20.0,,,,%20 indirim,"Mini Check-up - %20 indirimli check up hizmeti Diş Sağlığı: Yılda 1 kez ücretsiz - diş muayenesi, diş taşı temizliği ve tek diş röntgen filmi Online Diyetisyen: Yılda 3 kez ücretsiz online diyetisyen görüşmesi Online Psikolog: Yılda 3 kez ücretsiz online psikolog görüşmesi Online Personel Trainer: Yılda 3 kez ücretsiz online personel trainer Tıbbi Danışma: Yılda 1 kez ücretsiz telefonda tıbbi danışmanlık Vize Danışma",2026-08-10T13:45:46+00:00
6784,225,installment,,,,,,3 taksit,Âlâ Kart ile Okul Ödemelerinize 3 Aya Kadar Kâr Paysız Taksit!,2026-08-10T13:45:46+00:00
6799,226,free_service,,,,,,Ücretsiz Fast Track hizmeti,Âlâ ve Âlâ Private Müşterilerine Özel Ücretsiz Fast Track Ayrıcalığı!,2026-08-10T13:45:46+00:00
6779,227,installment,,,,,,3 taksit,Âlâ Kart ile Fatura Ödemenize 3 aya Kadar Kâr Paysız Taksit!,2026-08-10T13:45:46+00:00
6780,228,status_upgrade,,,,,,Statü yükseltme ayrıcalığı,Âlâ Kart ile Halalbooking’de Statünüzü Yükseltin!,2026-08-10T13:45:46+00:00
6781,229,discount,1000.0,,,,1000.0,1.000 TL indirim,"Âlâ Kartınızı kullanarak size özel indirim kodunuz ile Transfer hizmeti esnasında limit sınırı olmadan işlem tutarının %25 kadar indirim anında kazanılırken, 1.000 TL’ye varan ek %50 ekstre indirimi ayrıcalığından yararlanılabilecektir.",2026-08-10T13:45:46+00:00
6782,229,discount,,50.0,,,,%50 indirim,"%25+%50 İndirimli Havalimanı ve VIP Transfer Hizmeti Kullanım Koşulları Havalimanı ve VIP Transfer hizmeti Âlâ First, Âlâ ve Âlâ Private müşterisi olan Âlâ Kart sahiplerine özeldir.",2026-08-10T13:45:46+00:00
6783,229,discount,,25.0,,,,%25 indirim,Âlâ Kart ile Havalimanı ve VIP Transfer Hizmetinden %25 + %50 İndirimle Yararlanın!,2026-08-10T13:45:46+00:00
6798,230,reward,700.0,,,,700.0,Ödül veya hediye tutarı,"Kampanya Detayı: Âlâ Kart İle HGS etiketi alıp HGS talimatı vererek ödemenizi gerçekleştirin, 700 TL Bonus kazanın.",2026-08-10T13:45:46+00:00
6785,231,discount,20000.0,,,2000.0,20000.0,20.000 TL indirim,Yeni Âlâ Kart sahibi olan müşterilerimiz ilk ekstreleri minimum 20.000 TL kesildikten sonra restoran harcamalarına %10 indirim ayrıcalığından faydalanabilir.,2026-08-10T13:45:46+00:00
6786,231,discount,,10.0,,2000.0,,%10 indirim,Ayrıcalıklarla dolu Âlâ Kartınızı kullanarak tek seferde yapacağınız 2.000 TL ve üzeri restoran harcamalarınızdan %10 indirim kazanma fırsatı sizi bekliyor.,2026-08-10T13:45:46+00:00
6795,232,discount,600.0,,,,600.0,600 TL indirim,"Kampanya Detayı: 25.02.2026-31.12.2026 tarihleri arasında Âlâ Kart sahipleri, Obilet sı üzerinden üye olarak ve “TURKIYEFINANS ’’ kodunu kullanarak seçili firmalardan satın alacakları uçak biletlerinde 100 TL, 1.500 TL – 5.000 TL arası otel rezervasyonlarında 300 TL, 5.000 TL – 15.000 TL arası otel rezervasyonlarında 750 TL, 15.000 TL-30.000 TL arası otel rezervasyonlarında 1.500 TL, 30.000 TL – 50.000 TL arası otel ",2026-08-10T13:45:46+00:00
6796,233,reward,500.0,,,,500.0,Ödül veya hediye tutarı,"Kampanya Detayı: Âlâ Kredi Kartınızdan her yeni otomatik fatura ödeme talimatı için 100 TL, toplamda 5 adet talimatınıza 500 TL Bonus kazanılacaktır.",2026-08-10T13:45:46+00:00
6793,234,discount,,50.0,,,,%50 indirim,"İstanbul ve Sabiha Gökçen Havalimanında yapacağınız otopark harcamalarınıza özel %50 indirim ayrıcalığından, ödemelerinizde Âlâ Kartınızı kullanarak yararlanabilirsiniz.",2026-08-10T13:45:46+00:00
6787,235,installment,,,,,,3 taksit,Âlâ Kart ile Sağlık Harcamanıza 3 Aya Kadar Kâr Paysız Taksit!,2026-08-10T13:45:46+00:00
6759,236,discount,,50.0,,,,%50 indirim,"Âlâ segment müşterilerimiz Âlâ Kart ile 3 ay süre ile varlık şartı olmadan aşağıdaki ayrıcalıklardan faydalanabilir: Âlâ’da yılda 6, Âlâ Private’de ise yılda 12 adet giriş hakkı ile ücretsiz Lounge (Âlâ Private için +1 misafir hakkı) Âlâ’da yılda 6, Âlâ Private’de ise yılda 12 adet ücretsiz Fast Track ile havalimanlarında hızlı geçiş hakkı (Âlâ Private için +1 misafir hakkı) Silinmeyen bonuslar ile Âlâ'da 2 katı, Âlâ",2026-08-10T13:45:46+00:00
6760,236,discount,,10.0,,,,%10 indirim,"Âlâ Sağlık Meslek Paketi Kapsamında Sunulan Ayrıcalıklar 3 ay süre ile varlık şartı olmaksızın Âlâ Bankacılık ayrıcalıkları Kazancı Bol Hoş Geldin Paketi ile “SAGLIK” koduyla Mobilden Türkiye Finans müşterisi olunması halinde 11.000 TL’ye varan bonus kazanma fırsatı Yeni müşteri olacak doktor, diş hekimi , hemşire ve eczacı meslek grubu çalışanları için avantajlı Günlük Hesap ""Hoş geldin"" getiri oranı Yeni müşterimiz",2026-08-10T13:45:46+00:00
6761,236,discount,,5.0,,,,%5 indirim,"Âlâ Sağlık Meslek Paketi Kapsamında Sunulan Ayrıcalıklar 3 ay süre ile varlık şartı olmaksızın Âlâ Bankacılık ayrıcalıkları Kazancı Bol Hoş Geldin Paketi ile “SAGLIK” koduyla Mobilden Türkiye Finans müşterisi olunması halinde 11.000 TL’ye varan bonus kazanma fırsatı Yeni müşteri olacak doktor, diş hekimi , hemşire ve eczacı meslek grubu çalışanları için avantajlı Günlük Hesap ""Hoş geldin"" getiri oranı Yeni müşterimiz",2026-08-10T13:45:46+00:00
6763,237,discount,,50.0,,,,%50 indirim,İndirimli Kiralık Kasa : Âlâ müşterisi olduğunuz süre boyunca Kiralık kasa hizmetinden %50 indirimli olarak yararlanabilirsiniz.,2026-08-10T13:45:46+00:00
6764,237,discount,,25.0,,,,%25 indirim,"Ücretsiz Lounge Ücretsiz Fast Track Mil Programı %25 + %50 İndirimli Havalimanı ve VIP Transfer Hizmeti %50 İndirimli Otopark Ücretsiz GastroClub üyeliği ile birçok sektörde indirim Âlâ Kart ile restoran harcamalarına %10 indirim Âlâ Kart ile yurt dışı harcamalarına %10 indirim Âlâ Kart ile seyahat harcamalarına %10 indirim Sinema ve tiyatro harcamalarına %50 indirim Silinmeyen bonus puan Asistans hizmetleri Vergi, s",2026-08-10T13:45:46+00:00
6765,237,discount,,10.0,,,,%10 indirim,"Ücretsiz Lounge Ücretsiz Fast Track Mil Programı %25 + %50 İndirimli Havalimanı ve VIP Transfer Hizmeti %50 İndirimli Otopark Ücretsiz GastroClub üyeliği ile birçok sektörde indirim Âlâ Kart ile restoran harcamalarına %10 indirim Âlâ Kart ile yurt dışı harcamalarına %10 indirim Âlâ Kart ile seyahat harcamalarına %10 indirim Sinema ve tiyatro harcamalarına %50 indirim Silinmeyen bonus puan Asistans hizmetleri Vergi, s",2026-08-10T13:45:46+00:00
6766,237,reward,1000.0,,,,1000.0,Ödül veya hediye tutarı,"Müşteri olduğunuz aydan itibaren Yedek Hesap ve Günlük Hesap ürünlerinden birinin aktif kullanımı için 500 TL, toplamda 1.000 TL bonus kazanabilirsiniz.",2026-08-10T13:45:46+00:00
6767,237,installment,,,,,,4 taksit,Trafik Sigortası’nda 4 Taksit Avantajı : Trafik Sigortası ödemenizi Türkiye Finans kredi kartı ile yapmanız halinde 4 taksit imkânından yararlanabilirsiniz.,2026-08-10T13:45:46+00:00
6794,238,installment,,,,,,3 taksit,Âlâ Kart vergi ödemelerinize 3 Aya Kadar Kâr Paysız Taksit!,2026-08-10T13:45:46+00:00
6775,239,discount,,15.0,,,,%15 indirim,Kampanya Detayı: Âlâ Kart’a özel Yolcu360’da TF360 kodu ile araç kiralamada %15’e varan indirim ve 250 TL Bonus size bekliyor!,2026-08-10T13:45:46+00:00
6776,239,reward,250.0,,,,250.0,Ödül veya hediye tutarı,Kampanya Koşulları Âlâ Kart ile Yolcu360’da tek seferde yapılacak 5.000 TL ve üzeri işleme 250 TL Bonus kazanabilirsiniz.,2026-08-10T13:45:46+00:00
6740,240,service,,,,,,Asistanlık hizmetleri,Asistanlık Hizmetleri,2026-08-10T13:45:46+00:00
6778,241,miles,,,,,,Bonusların Mil Puanına dönüşümü,Âlâ Kart ile Bonuslarınız Mil Puanına Dönüşüyor!,2026-08-10T13:45:46+00:00
6756,242,discount,,50.0,,,,%50 indirim,"lounge, fast track ve mil puan ile uçak bileti alımı FX İşlemlerinde Avantajlı Makas Aralıkları Yurt İçi Hisse Senedi Alım Satım İşlemlerinde Düşük Komisyon ile İşlem Yapabilme Ayrıcalığı 11.000 TL’ye varan Bonus Kazancı Bol Hoş Geldin Paketi Ücretsiz EFT–Havale–FAST ve 150.000’den fazla ATM’den ücretsiz para çekme kolaylığı Yüksek limitli, Dosya Masrafsız İhtiyaç Finansmanı Dosya Masrafsız 3 ay Ötelemeli İhtiyaç Fin",2026-08-10T13:45:46+00:00
6757,242,installment,,,,,,4 taksit,"lounge, fast track ve mil puan ile uçak bileti alımı FX İşlemlerinde Avantajlı Makas Aralıkları Yurt İçi Hisse Senedi Alım Satım İşlemlerinde Düşük Komisyon ile İşlem Yapabilme Ayrıcalığı 11.000 TL’ye varan Bonus Kazancı Bol Hoş Geldin Paketi Ücretsiz EFT–Havale–FAST ve 150.000’den fazla ATM’den ücretsiz para çekme kolaylığı Yüksek limitli, Dosya Masrafsız İhtiyaç Finansmanı Dosya Masrafsız 3 ay Ötelemeli İhtiyaç Fin",2026-08-10T13:45:46+00:00
6789,243,discount,5000.0,,,5000.0,5000.0,5.000 TL indirim,"Âlâ Kart sahipleri, seyahat ve konaklama sektöründe kartlarını kullanarak tek seferde yaptıkları 5.000 TL ve üzeri harcamalardan %10 indirim kazanıyor.",2026-08-10T13:45:46+00:00
6790,243,discount,,10.0,,5000.0,,%10 indirim,Âlâ Kart ile Yapacağınız Seyahat ve Konaklama Harcamalarınızdan %10 İndirim Kazanın!,2026-08-10T13:45:46+00:00
6788,244,discount,,50.0,,2000.0,,%50 indirim,0850 393 22 44 Toplama Resmi Âlâ Kart ile Sinema ve Tiyatro Biletlerinizi %50 İndirimli Alın!,2026-08-10T13:45:46+00:00
6737,245,free_service,,,,,,Ücretsiz lounge hizmeti,1.400+ Lounge Noktasında Ücretsiz Konforun Tadını Çıkarın!,2026-08-10T13:45:46+00:00
6791,246,discount,5000.0,,,5000.0,5000.0,5.000 TL indirim,"Yurt dışında fiziki POS cihazları üzerinden yaptığınız harcamalarınızda Âlâ Kartınızı kullanın, tek seferde yapacağınız 5.000 TL ve üzeri harcamalarınız için %10 indirim kazanın.",2026-08-10T13:45:46+00:00
6792,246,discount,,10.0,,5000.0,,%10 indirim,0850 393 22 44 Toplama Resmi Âlâ Kart ile Yapacağınız Yurt Dışı Harcamalarından %10 İndirim Kazanın!,2026-08-10T13:45:46+00:00
6800,247,shopping_points,,,500.0,300.0,,"Altın Puan, Worldpuan, ParafPara, Bankkart Lira veya alışveriş puanı",Michelin’de 4 Taksit Son Gün 31.08.2026 Michelin’de 4 Taksit Son Gün 31.08.2026 Detaylar MTV Ödemelerinize 4 Taksit Son Gün 05.08.2026 MTV Ödemelerinize 4 Taksit Son Gün 05.08.2026 Detaylar Sağlık Sektöründe +5 Taksit Son Gün 31.12.2026 Sağlık Sektöründe +5 Taksit Son Gün 31.12.2026 Detaylar Kültür Sanat Harcamalarınıza Toplam 500 TL Bankkart Lira!,2026-08-10T13:45:46+00:00
6801,247,installment,,,,300.0,,6 taksit,"A101'de 6 Taksit Tüm Kampanyalar 2 Kuyum, Optik ve Saat 3 Market ve Gıda 4 E-Ticaret 2 Elektronik ve Telekomünikasyon 3 Yapı Sektörü ve İklimlendirme 2 Akaryakıt 12 1 Eğitim, Kitap ve Kırtasiye 1 Genel Kampanyalar 6 Turizm ve Seyahat 0 Hobi ve Oyuncak 15 Mobilya ve Dekorasyon 4 Beyaz Eşya ve Ev Aletleri 17 Giyim ve Aksesuar Arşiv A101'de 6 Taksit Kampanya Dönemi 10-07-2025 - 31-08-2026 Sektör: Diğer Kampanya Koşullar",2026-08-10T13:45:46+00:00
6802,248,installment,,,,,,4 taksit,"Abdullah Kiğılı’da 2 Taksit Tüm Kampanyalar 2 Kuyum, Optik ve Saat 3 Market ve Gıda 4 E-Ticaret 2 Elektronik ve Telekomünikasyon 3 Yapı Sektörü ve İklimlendirme 2 Akaryakıt 12 1 Eğitim, Kitap ve Kırtasiye 1 Genel Kampanyalar 6 Turizm ve Seyahat 0 Hobi ve Oyuncak 15 Mobilya ve Dekorasyon 4 Beyaz Eşya ve Ev Aletleri 17 Giyim ve Aksesuar Arşiv Abdullah Kiğılı’da 2 Taksit Kampanya Dönemi 01-04-2025 - 31-08-2026 Sektör: G",2026-08-10T13:45:46+00:00
6803,249,shopping_points,,,2000.0,,,"Altın Puan, Worldpuan, ParafPara, Bankkart Lira veya alışveriş puanı",Aile Kart'a Özel 2.000 TL'ye varan Bankkart Lira!,2026-08-10T13:45:46+00:00
6804,249,reward,2000.0,,,,2000.0,Ödül veya hediye tutarı,Kampanya müşteri bazındadır ve bir müşteri kampanyadan en fazla 2.000 TL Bankkart Lira kazanabilecektir.,2026-08-10T13:45:46+00:00
6805,250,shopping_points,,,750.0,,,"Altın Puan, Worldpuan, ParafPara, Bankkart Lira veya alışveriş puanı",Akaryakıt Harcamalarınıza 400 TL Bankkart Lira!,2026-08-10T13:45:46+00:00
6806,250,reward,400.0,,,,400.0,Ödül veya hediye tutarı,Kampanya Dönemi 10-07-2026 - 07-08-2026 Kampanya Koşulları: Ziraat Katılım Bankkart kredi kartınız ile anlaşmalı akaryakıt istasyonlarında 10 Temmuz 2026 - 7 Ağustos 2026 tarihleri arasında farklı günlerde ve tek seferde yapacağınız 1.250 TL ve üzeri dördüncü akaryakıt ya da otogaz harcamanıza 400 TL Bankkart Lira kazanabilirsiniz.,2026-08-10T13:45:46+00:00
6807,251,installment,,,,,,12 taksit,"Alarko Carrier’da 6 Taksit Tüm Kampanyalar 2 Kuyum, Optik ve Saat 3 Market ve Gıda 4 E-Ticaret 2 Elektronik ve Telekomünikasyon 3 Yapı Sektörü ve İklimlendirme 2 Akaryakıt 12 1 Eğitim, Kitap ve Kırtasiye 1 Genel Kampanyalar 6 Turizm ve Seyahat 0 Hobi ve Oyuncak 15 Mobilya ve Dekorasyon 4 Beyaz Eşya ve Ev Aletleri 17 Giyim ve Aksesuar Arşiv Alarko Carrier’da 6 Taksit Kampanya Dönemi 01-04-2025 - 31-08-2026 Sektör: Yap",2026-08-10T13:45:46+00:00
6808,252,installment,,,,,,9 taksit,"Alfemo'da 5 Taksit Tüm Kampanyalar 2 Kuyum, Optik ve Saat 3 Market ve Gıda 4 E-Ticaret 2 Elektronik ve Telekomünikasyon 3 Yapı Sektörü ve İklimlendirme 2 Akaryakıt 12 1 Eğitim, Kitap ve Kırtasiye 1 Genel Kampanyalar 6 Turizm ve Seyahat 0 Hobi ve Oyuncak 15 Mobilya ve Dekorasyon 4 Beyaz Eşya ve Ev Aletleri 17 Giyim ve Aksesuar Arşiv Alfemo'da 5 Taksit Kampanya Dönemi 27-11-2025 - 31-08-2026 Sektör: Mobilya ve Dekorasy",2026-08-10T13:45:46+00:00
6809,253,discount,3000.0,,,1000.0,3000.0,3.000 TL indirim,E-Ticaret TROY Kartla İdefix’te 3.000 TL’ye Varan İndirim!,2026-08-10T13:45:46+00:00
6810,253,shopping_points,,,500.0,1000.0,,"Altın Puan, Worldpuan, ParafPara, Bankkart Lira veya alışveriş puanı",Son Gün 31.08.2026 Detaylar E-Ticaret E-Ticaret Alışverişlerinize Toplam 500 TL Bankkart Lira!,2026-08-10T13:45:46+00:00
6811,253,installment,,,,1000.0,,9 taksit,"Amazon'da 9'a varan Taksit Tüm Kampanyalar 2 Kuyum, Optik ve Saat 3 Market ve Gıda 4 E-Ticaret 2 Elektronik ve Telekomünikasyon 3 Yapı Sektörü ve İklimlendirme 2 Akaryakıt 12 1 Eğitim, Kitap ve Kırtasiye 1 Genel Kampanyalar 6 Turizm ve Seyahat 0 Hobi ve Oyuncak 15 Mobilya ve Dekorasyon 4 Beyaz Eşya ve Ev Aletleri 17 Giyim ve Aksesuar Arşiv Amazon'da 9'a varan Taksit Kampanya Dönemi 13-11-2025 - 31-08-2026 Sektör: Diğ",2026-08-10T13:45:46+00:00
6813,254,shopping_points,,,5000.0,,,"Altın Puan, Worldpuan, ParafPara, Bankkart Lira veya alışveriş puanı",Bağımsız Kart'a Özel 5.000 TL'ye varan Bankkart Lira!,2026-08-10T13:45:46+00:00
6814,254,reward,5000.0,,,,5000.0,Ödül veya hediye tutarı,Kampanya müşteri bazındadır ve bir müşteri kampanyadan en fazla 5.000 TL Bankkart Lira kazanabilecektir.,2026-08-10T13:45:46+00:00
6812,255,installment,,,,,,12 taksit,"BAUHAUS’ta 3 Taksit Tüm Kampanyalar 2 Kuyum, Optik ve Saat 3 Market ve Gıda 4 E-Ticaret 2 Elektronik ve Telekomünikasyon 3 Yapı Sektörü ve İklimlendirme 2 Akaryakıt 12 1 Eğitim, Kitap ve Kırtasiye 1 Genel Kampanyalar 6 Turizm ve Seyahat 0 Hobi ve Oyuncak 15 Mobilya ve Dekorasyon 4 Beyaz Eşya ve Ev Aletleri 17 Giyim ve Aksesuar Arşiv BAUHAUS’ta 3 Taksit Kampanya Dönemi 01-04-2025 - 31-08-2026 Sektör: Yapı Sektörü ve İ",2026-08-10T13:45:46+00:00
6815,256,installment,,,,,,9 taksit,"Bellona'da 5 Taksit Tüm Kampanyalar 2 Kuyum, Optik ve Saat 3 Market ve Gıda 4 E-Ticaret 2 Elektronik ve Telekomünikasyon 3 Yapı Sektörü ve İklimlendirme 2 Akaryakıt 12 1 Eğitim, Kitap ve Kırtasiye 1 Genel Kampanyalar 6 Turizm ve Seyahat 0 Hobi ve Oyuncak 15 Mobilya ve Dekorasyon 4 Beyaz Eşya ve Ev Aletleri 17 Giyim ve Aksesuar Arşiv Bellona'da 5 Taksit Kampanya Dönemi 01-04-2025 - 31-08-2026 Sektör: Mobilya ve Dekora",2026-08-10T13:45:46+00:00
6816,257,installment,,,,,,4 taksit,"Benetton'da 2 Taksit Tüm Kampanyalar 2 Kuyum, Optik ve Saat 3 Market ve Gıda 4 E-Ticaret 2 Elektronik ve Telekomünikasyon 3 Yapı Sektörü ve İklimlendirme 2 Akaryakıt 12 1 Eğitim, Kitap ve Kırtasiye 1 Genel Kampanyalar 6 Turizm ve Seyahat 0 Hobi ve Oyuncak 15 Mobilya ve Dekorasyon 4 Beyaz Eşya ve Ev Aletleri 17 Giyim ve Aksesuar Arşiv Benetton'da 2 Taksit Kampanya Dönemi 01-04-2025 - 31-08-2026 Sektör: Giyim ve Aksesu",2026-08-10T13:45:46+00:00
6817,258,installment,,,,,,9 taksit,"Chakra'da 6 Taksit Tüm Kampanyalar 2 Kuyum, Optik ve Saat 3 Market ve Gıda 4 E-Ticaret 2 Elektronik ve Telekomünikasyon 3 Yapı Sektörü ve İklimlendirme 2 Akaryakıt 12 1 Eğitim, Kitap ve Kırtasiye 1 Genel Kampanyalar 6 Turizm ve Seyahat 0 Hobi ve Oyuncak 15 Mobilya ve Dekorasyon 4 Beyaz Eşya ve Ev Aletleri 17 Giyim ve Aksesuar Arşiv Chakra'da 6 Taksit Kampanya Dönemi 02-03-2026 - 31-08-2026 Ziraat Katılım Bankkart kre",2026-08-10T13:45:46+00:00
6926,259,installment,,,,,,9 taksit,"Çilek Mobilya'da 9 Taksit Tüm Kampanyalar 2 Kuyum, Optik ve Saat 3 Market ve Gıda 4 E-Ticaret 2 Elektronik ve Telekomünikasyon 3 Yapı Sektörü ve İklimlendirme 2 Akaryakıt 12 1 Eğitim, Kitap ve Kırtasiye 1 Genel Kampanyalar 6 Turizm ve Seyahat 0 Hobi ve Oyuncak 15 Mobilya ve Dekorasyon 4 Beyaz Eşya ve Ev Aletleri 17 Giyim ve Aksesuar Arşiv Çilek Mobilya'da 9 Taksit Kampanya Dönemi 01-04-2025 - 31-08-2026 Sektör: Mobil",2026-08-10T13:45:46+00:00
6818,260,installment,,,,,,3 taksit,"Dagi’de 2 Taksit Tüm Kampanyalar 2 Kuyum, Optik ve Saat 3 Market ve Gıda 4 E-Ticaret 2 Elektronik ve Telekomünikasyon 3 Yapı Sektörü ve İklimlendirme 2 Akaryakıt 12 1 Eğitim, Kitap ve Kırtasiye 1 Genel Kampanyalar 6 Turizm ve Seyahat 0 Hobi ve Oyuncak 15 Mobilya ve Dekorasyon 4 Beyaz Eşya ve Ev Aletleri 17 Giyim ve Aksesuar Arşiv Dagi’de 2 Taksit Kampanya Dönemi 01-04-2025 - 31-08-2026 Sektör: Giyim ve Aksesuar Ziraa",2026-08-10T13:45:46+00:00
6819,261,shopping_points,,,1000.0,,,"Altın Puan, Worldpuan, ParafPara, Bankkart Lira veya alışveriş puanı",Giyim ve Aksesuar Samsonite’ta 2 Taksit Son Gün 31.08.2026 Giyim ve Aksesuar Samsonite’ta 2 Taksit Son Gün 31.08.2026 Detaylar Giyim ve Aksesuar Machka’da 4 Taksit Son Gün 31.08.2026 Giyim ve Aksesuar Machka’da 4 Taksit Son Gün 31.08.2026 Detaylar Giyim ve Aksesuar Giyim ve Ayakkabı Alışverişinizde Toplam 1.000 TL Bankkart Lira!,2026-08-10T13:45:46+00:00
6820,261,installment,,,,,,4 taksit,"Decathlon'da 4 Taksit Tüm Kampanyalar 2 Kuyum, Optik ve Saat 3 Market ve Gıda 4 E-Ticaret 2 Elektronik ve Telekomünikasyon 3 Yapı Sektörü ve İklimlendirme 2 Akaryakıt 12 1 Eğitim, Kitap ve Kırtasiye 1 Genel Kampanyalar 6 Turizm ve Seyahat 0 Hobi ve Oyuncak 15 Mobilya ve Dekorasyon 4 Beyaz Eşya ve Ev Aletleri 17 Giyim ve Aksesuar Arşiv Decathlon'da 4 Taksit Kampanya Dönemi 01-04-2025 - 31-08-2026 Sektör: Giyim ve Akse",2026-08-10T13:45:46+00:00
6821,262,installment,,,,,,4 taksit,"Desa’da 2 Taksit Tüm Kampanyalar 2 Kuyum, Optik ve Saat 3 Market ve Gıda 4 E-Ticaret 2 Elektronik ve Telekomünikasyon 3 Yapı Sektörü ve İklimlendirme 2 Akaryakıt 12 1 Eğitim, Kitap ve Kırtasiye 1 Genel Kampanyalar 6 Turizm ve Seyahat 0 Hobi ve Oyuncak 15 Mobilya ve Dekorasyon 4 Beyaz Eşya ve Ev Aletleri 17 Giyim ve Aksesuar Arşiv Desa’da 2 Taksit Kampanya Dönemi 01-04-2025 - 31-08-2026 Sektör: Giyim ve Aksesuar Ziraa",2026-08-10T13:45:46+00:00
6822,263,installment,,,,,,9 taksit,"Divanev’de 8 Taksit Tüm Kampanyalar 2 Kuyum, Optik ve Saat 3 Market ve Gıda 4 E-Ticaret 2 Elektronik ve Telekomünikasyon 3 Yapı Sektörü ve İklimlendirme 2 Akaryakıt 12 1 Eğitim, Kitap ve Kırtasiye 1 Genel Kampanyalar 6 Turizm ve Seyahat 0 Hobi ve Oyuncak 15 Mobilya ve Dekorasyon 4 Beyaz Eşya ve Ev Aletleri 17 Giyim ve Aksesuar Arşiv Divanev’de 8 Taksit Kampanya Dönemi 03-02-2026 - 31-08-2026 Sektör: Mobilya ve Dekora",2026-08-10T13:45:46+00:00
6823,264,installment,,,,,,9 taksit,"Doğtaş’ta 6 Taksit Tüm Kampanyalar 2 Kuyum, Optik ve Saat 3 Market ve Gıda 4 E-Ticaret 2 Elektronik ve Telekomünikasyon 3 Yapı Sektörü ve İklimlendirme 2 Akaryakıt 12 1 Eğitim, Kitap ve Kırtasiye 1 Genel Kampanyalar 6 Turizm ve Seyahat 0 Hobi ve Oyuncak 15 Mobilya ve Dekorasyon 4 Beyaz Eşya ve Ev Aletleri 17 Giyim ve Aksesuar Arşiv Doğtaş’ta 6 Taksit Kampanya Dönemi 01-04-2025 - 31-08-2026 Sektör: Mobilya ve Dekorasy",2026-08-10T13:45:46+00:00
6828,265,shopping_points,,,1000.0,2000.0,,"Altın Puan, Worldpuan, ParafPara, Bankkart Lira veya alışveriş puanı",Giyim ve Aksesuar Decathlon'da 4 Taksit Son Gün 31.08.2026 Giyim ve Aksesuar Decathlon'da 4 Taksit Son Gün 31.08.2026 Detaylar Giyim ve Aksesuar Faik Sönmez’de 3 Taksit Son Gün 31.08.2026 Giyim ve Aksesuar Faik Sönmez’de 3 Taksit Son Gün 31.08.2026 Detaylar Giyim ve Aksesuar W Collection'da 4 Taksit Son Gün 31.08.2026 Giyim ve Aksesuar W Collection'da 4 Taksit Son Gün 31.08.2026 Detaylar Giyim ve Aksesuar Giyim ve Ay,2026-08-10T13:45:46+00:00
6829,265,installment,,,,2000.0,,8 taksit,"E-bebek'te 8 Taksit Tüm Kampanyalar 2 Kuyum, Optik ve Saat 3 Market ve Gıda 4 E-Ticaret 2 Elektronik ve Telekomünikasyon 3 Yapı Sektörü ve İklimlendirme 2 Akaryakıt 12 1 Eğitim, Kitap ve Kırtasiye 1 Genel Kampanyalar 6 Turizm ve Seyahat 0 Hobi ve Oyuncak 15 Mobilya ve Dekorasyon 4 Beyaz Eşya ve Ev Aletleri 17 Giyim ve Aksesuar Arşiv E-bebek'te 8 Taksit Kampanya Dönemi 01-04-2025 - 31-08-2026 Sektör: Giyim ve Aksesuar",2026-08-10T13:45:46+00:00
6824,266,discount,3000.0,,,3500.0,3000.0,3.000 TL indirim,E-Ticaret Amazon'da 9'a varan Taksit Son Gün 31.08.2026 E-Ticaret Amazon'da 9'a varan Taksit Son Gün 31.08.2026 Detaylar E-Ticaret TROY Kartla İdefix’te 3.000 TL’ye Varan İndirim!,2026-08-10T13:45:46+00:00
6825,266,shopping_points,,,500.0,3500.0,,"Altın Puan, Worldpuan, ParafPara, Bankkart Lira veya alışveriş puanı",E-Ticaret Alışverişlerinize Toplam 500 TL Bankkart Lira!,2026-08-10T13:45:46+00:00
6826,266,reward,500.0,,,3500.0,3000.0,Ödül veya hediye tutarı,"Kampanya Dönemi 10-07-2026 - 07-08-2026 Ziraat Katılım Bankkart kredi kartınız ile e-ticaret üye işyerlerinden tek seferde yapacağınız 3.500 TL ve üzeri her alışverişiniz ile 250 TL, toplam 500 TL Bankkart Lira kazanabilirsiniz.",2026-08-10T13:45:46+00:00
6827,266,installment,,,,3500.0,,9 taksit,E-Ticaret Amazon'da 9'a varan Taksit Son Gün 31.08.2026 E-Ticaret Amazon'da 9'a varan Taksit Son Gün 31.08.2026 Detaylar E-Ticaret TROY Kartla İdefix’te 3.000 TL’ye Varan İndirim!,2026-08-10T13:45:46+00:00
6830,267,installment,,,,,,12 taksit,"Kombi’de 12 Taksit Tüm Kampanyalar 2 Kuyum, Optik ve Saat 3 Market ve Gıda 4 E-Ticaret 2 Elektronik ve Telekomünikasyon 3 Yapı Sektörü ve İklimlendirme 2 Akaryakıt 12 1 Eğitim, Kitap ve Kırtasiye 1 Genel Kampanyalar 6 Turizm ve Seyahat 0 Hobi ve Oyuncak 15 Mobilya ve Dekorasyon 4 Beyaz Eşya ve Ev Aletleri 17 Giyim ve Aksesuar Arşiv E.C.A.",2026-08-10T13:45:46+00:00
6831,268,shopping_points,,,750.0,,,"Altın Puan, Worldpuan, ParafPara, Bankkart Lira veya alışveriş puanı",Elektrikli Araç Şarj İstasyonlarında 750 TL Bankkart Lira!,2026-08-10T13:45:46+00:00
6832,268,reward,750.0,,,,750.0,Ödül veya hediye tutarı,"Kampanya Dönemi 10-07-2026 - 07-08-2026 Kampanya Koşulları Ziraat Katılım Bankkart kredi kartınız ile Bankkart anlaşmalı Elektrikli Araç Şarj İstasyonları üye işyerlerinde 10 Temmuz 2026 - 7 Ağustos 2026 tarihleri arasında tek seferde yapacağınız her ödemenizde %20, toplam 750 TL Bankkart Lira kazanabilirsiniz.",2026-08-10T13:45:46+00:00
6833,269,installment,,,,,,9 taksit,"Enplus’ta 4 Taksit Tüm Kampanyalar 2 Kuyum, Optik ve Saat 3 Market ve Gıda 4 E-Ticaret 2 Elektronik ve Telekomünikasyon 3 Yapı Sektörü ve İklimlendirme 2 Akaryakıt 12 1 Eğitim, Kitap ve Kırtasiye 1 Genel Kampanyalar 6 Turizm ve Seyahat 0 Hobi ve Oyuncak 15 Mobilya ve Dekorasyon 4 Beyaz Eşya ve Ev Aletleri 17 Giyim ve Aksesuar Arşiv Enplus’ta 4 Taksit Kampanya Dönemi 01-04-2025 - 31-08-2026 Sektör: Beyaz Eşya ve Ev Al",2026-08-10T13:45:46+00:00
6834,270,discount,,30.0,,,,%30 indirim,Kampanya Koşulları: Liste fiyatı üzerinden %30 indirim kampanyası 31.12.2026 tarihine kadar tüm Enterprise ofislerinde ve online kiralamalarda geçerlidir.,2026-08-10T13:45:46+00:00
6835,270,discount,,15.0,,,,%15 indirim,Son Gün 31.08.2026 Detaylar Turizm ve Seyahat Yolcu360'ta Yurt Dışı Araç Kiralamalarınızda %15 İndirim Son Gün 31.12.2026 Turizm ve Seyahat Yolcu360'ta Yurt Dışı Araç Kiralamalarınızda %15 İndirim Son Gün 31.12.2026 Detaylar,2026-08-10T13:45:46+00:00
6836,270,discount,,10.0,,,,%10 indirim,Son Gün 07.08.2026 Detaylar Turizm ve Seyahat Yolcu360'ta Yurt İçi Araç Kiralamalarınızda %10 İndirim Son Gün 31.12.2026 Turizm ve Seyahat Yolcu360'ta Yurt İçi Araç Kiralamalarınızda %10 İndirim Son Gün 31.12.2026 Detaylar Turizm ve Seyahat Halalbooking'de Size Özel Avantajlı Tatiller!,2026-08-10T13:45:46+00:00
6837,270,shopping_points,,,1500.0,,,"Altın Puan, Worldpuan, ParafPara, Bankkart Lira veya alışveriş puanı",Turizm ve Seyahat Hava Yolu Bilet Alımınıza 1.500 TL Bankkart Lira!,2026-08-10T13:45:46+00:00
6838,271,installment,,,,,,9 taksit,"Enza Home'da 8 Taksit Tüm Kampanyalar 2 Kuyum, Optik ve Saat 3 Market ve Gıda 4 E-Ticaret 2 Elektronik ve Telekomünikasyon 3 Yapı Sektörü ve İklimlendirme 2 Akaryakıt 12 1 Eğitim, Kitap ve Kırtasiye 1 Genel Kampanyalar 6 Turizm ve Seyahat 0 Hobi ve Oyuncak 15 Mobilya ve Dekorasyon 4 Beyaz Eşya ve Ev Aletleri 17 Giyim ve Aksesuar Arşiv Enza Home'da 8 Taksit Kampanya Dönemi 03-02-2026 - 31-08-2026 Sektör: Mobilya ve De",2026-08-10T13:45:46+00:00
6839,272,installment,,,,,,4 taksit,"Faik Sönmez’de 3 Taksit Tüm Kampanyalar 2 Kuyum, Optik ve Saat 3 Market ve Gıda 4 E-Ticaret 2 Elektronik ve Telekomünikasyon 3 Yapı Sektörü ve İklimlendirme 2 Akaryakıt 12 1 Eğitim, Kitap ve Kırtasiye 1 Genel Kampanyalar 6 Turizm ve Seyahat 0 Hobi ve Oyuncak 15 Mobilya ve Dekorasyon 4 Beyaz Eşya ve Ev Aletleri 17 Giyim ve Aksesuar Arşiv Faik Sönmez’de 3 Taksit Kampanya Dönemi 01-04-2025 - 31-08-2026 Sektör: Giyim ve ",2026-08-10T13:45:46+00:00
6840,273,shopping_points,,,1000.0,,,"Altın Puan, Worldpuan, ParafPara, Bankkart Lira veya alışveriş puanı",Giyim ve Ayakkabı Alışverişinizde Toplam 1.000 TL Bankkart Lira!,2026-08-10T13:45:46+00:00
6841,273,reward,1000.0,,,,1000.0,Ödül veya hediye tutarı,"Kampanya Dönemi 10-07-2026 - 07-08-2026 Kampanya Koşulları: 10 Temmuz 2026 – 7 Ağustos 2026 tarihleri arasında Ziraat Katılım Bankkart kredi kartınız ile giyim ve ayakkabı sektörlerindeki üye işyerlerinde Bankkart POS 'undan yapacağınız 5.000 TL - 9.999 TL arasındaki alışverişiniz ile 500 TL, 10.000 TL ve üzerindeki alışverişiniz ile 1.000 TL, toplam 1.000 TL Bankkart Lira kazanabilirsiniz.",2026-08-10T13:45:46+00:00
6842,273,installment,,,,,,8 taksit,Giyim ve Aksesuar E-bebek'te 8 Taksit Son Gün 31.08.2026 Giyim ve Aksesuar E-bebek'te 8 Taksit Son Gün 31.08.2026 Detaylar Giyim ve Aksesuar Faik Sönmez’de 3 Taksit Son Gün 31.08.2026 Giyim ve Aksesuar Faik Sönmez’de 3 Taksit Son Gün 31.08.2026 Detaylar Giyim ve Aksesuar Ramsey’de 4 Taksit Son Gün 31.08.2026 Giyim ve Aksesuar Ramsey’de 4 Taksit Son Gün 31.08.2026 Detaylar Giyim ve Aksesuar Mavi'de 4 Taksit Son Gün 31,2026-08-10T13:45:46+00:00
6843,274,discount,1000.0,,,,1000.0,1.000 TL indirim,Ziraat Katılım Bankkart (Klasik) ve Ziraat Katılım Bankkart (Ücretsiz) kart sahipleri Gold statüsü ve ilk rezervasyonlarında belirli otellerde 1.000 TL indirim kazanır.,2026-08-10T13:45:46+00:00
6844,274,discount,,30.0,,,,%30 indirim,Turizm ve Seyahat Yolcu360'ta Yurt Dışı Araç Kiralamalarınızda %15 İndirim Son Gün 31.12.2026 Turizm ve Seyahat Yolcu360'ta Yurt Dışı Araç Kiralamalarınızda %15 İndirim Son Gün 31.12.2026 Detaylar Turizm ve Seyahat Yolcu360'ta Yurt İçi Araç Kiralamalarınızda %10 İndirim Son Gün 31.12.2026 Turizm ve Seyahat Yolcu360'ta Yurt İçi Araç Kiralamalarınızda %10 İndirim Son Gün 31.12.2026 Detaylar Turizm ve Seyahat Türk Hava ,2026-08-10T13:45:46+00:00
6845,274,discount,,20.0,,,,%20 indirim,"her yıl 10.000 Statü Puanı, %20 oranına varan özel indirimler, 1,5 Para Puan + 1,5 Statü Puanı, belirli otellerde giriş esnasındaki müsaitlik durumuna bağlı olarak;",2026-08-10T13:45:46+00:00
6846,274,discount,,15.0,,,,%15 indirim,"her yıl 3.000 Statü Puanı, %15 oranına varan özel indirimler ve her 1 dolarlık harcama için 1,25 Para Puan + 1,25 Statü Puanı, belirli otellerde giriş esnasındaki müsaitlik durumuna bağlı olarak;",2026-08-10T13:45:46+00:00
6847,274,discount,,10.0,,,,%10 indirim,Turizm ve Seyahat Yolcu360'ta Yurt Dışı Araç Kiralamalarınızda %15 İndirim Son Gün 31.12.2026 Turizm ve Seyahat Yolcu360'ta Yurt Dışı Araç Kiralamalarınızda %15 İndirim Son Gün 31.12.2026 Detaylar Turizm ve Seyahat Yolcu360'ta Yurt İçi Araç Kiralamalarınızda %10 İndirim Son Gün 31.12.2026 Turizm ve Seyahat Yolcu360'ta Yurt İçi Araç Kiralamalarınızda %10 İndirim Son Gün 31.12.2026 Detaylar Turizm ve Seyahat Türk Hava ,2026-08-10T13:45:46+00:00
6848,274,installment,,,,,,6 taksit,Turizm ve Seyahat Yolcu360'ta Yurt Dışı Araç Kiralamalarınızda %15 İndirim Son Gün 31.12.2026 Turizm ve Seyahat Yolcu360'ta Yurt Dışı Araç Kiralamalarınızda %15 İndirim Son Gün 31.12.2026 Detaylar Turizm ve Seyahat Yolcu360'ta Yurt İçi Araç Kiralamalarınızda %10 İndirim Son Gün 31.12.2026 Turizm ve Seyahat Yolcu360'ta Yurt İçi Araç Kiralamalarınızda %10 İndirim Son Gün 31.12.2026 Detaylar Turizm ve Seyahat Türk Hava ,2026-08-10T13:45:46+00:00
6849,275,discount,,30.0,,4000.0,,%30 indirim,Turizm ve Seyahat Yolcu360'ta Yurt Dışı Araç Kiralamalarınızda %15 İndirim Son Gün 31.12.2026 Turizm ve Seyahat Yolcu360'ta Yurt Dışı Araç Kiralamalarınızda %15 İndirim Son Gün 31.12.2026 Detaylar Turizm ve Seyahat Yolcu360'ta Yurt İçi Araç Kiralamalarınızda %10 İndirim Son Gün 31.12.2026 Turizm ve Seyahat Yolcu360'ta Yurt İçi Araç Kiralamalarınızda %10 İndirim Son Gün 31.12.2026 Detaylar Turizm ve Seyahat Türk Hava ,2026-08-10T13:45:46+00:00
6850,275,discount,,15.0,,4000.0,,%15 indirim,Turizm ve Seyahat Yolcu360'ta Yurt Dışı Araç Kiralamalarınızda %15 İndirim Son Gün 31.12.2026 Turizm ve Seyahat Yolcu360'ta Yurt Dışı Araç Kiralamalarınızda %15 İndirim Son Gün 31.12.2026 Detaylar Turizm ve Seyahat Yolcu360'ta Yurt İçi Araç Kiralamalarınızda %10 İndirim Son Gün 31.12.2026 Turizm ve Seyahat Yolcu360'ta Yurt İçi Araç Kiralamalarınızda %10 İndirim Son Gün 31.12.2026 Detaylar Turizm ve Seyahat Türk Hava ,2026-08-10T13:45:46+00:00
6851,275,discount,,10.0,,4000.0,,%10 indirim,Turizm ve Seyahat Yolcu360'ta Yurt Dışı Araç Kiralamalarınızda %15 İndirim Son Gün 31.12.2026 Turizm ve Seyahat Yolcu360'ta Yurt Dışı Araç Kiralamalarınızda %15 İndirim Son Gün 31.12.2026 Detaylar Turizm ve Seyahat Yolcu360'ta Yurt İçi Araç Kiralamalarınızda %10 İndirim Son Gün 31.12.2026 Turizm ve Seyahat Yolcu360'ta Yurt İçi Araç Kiralamalarınızda %10 İndirim Son Gün 31.12.2026 Detaylar Turizm ve Seyahat Türk Hava ,2026-08-10T13:45:46+00:00
6852,275,shopping_points,,,1500.0,4000.0,,"Altın Puan, Worldpuan, ParafPara, Bankkart Lira veya alışveriş puanı",Hava Yolu Bilet Alımınıza 1.500 TL Bankkart Lira!,2026-08-10T13:45:46+00:00
6853,275,reward,1500.0,,,4000.0,1500.0,Ödül veya hediye tutarı,"Kampanya Dönemi 10-07-2026 - 07-08-2026 Kampanya Koşulları: Ziraat Katılım Bankkart kredi kartınız ile hava yollarında faaliyet gösteren üye işyerlerinde (Türk Hava Yolları, Pegasus, AJet, SunExpress) satış ofisleri, web siteleri, ları veya çağrı merkezleri kanallarından tek seferde yapacağınız 4.000 TL ve üzeri harcamanız ile 350 TL , 10.000 TL ve üzeri harcamanız ile 800 TL, 25.000 TL ve üzeri harcamanız ile 1.500 ",2026-08-10T13:45:46+00:00
6854,275,installment,,,,4000.0,,6 taksit,Turizm ve Seyahat Yolcu360'ta Yurt Dışı Araç Kiralamalarınızda %15 İndirim Son Gün 31.12.2026 Turizm ve Seyahat Yolcu360'ta Yurt Dışı Araç Kiralamalarınızda %15 İndirim Son Gün 31.12.2026 Detaylar Turizm ve Seyahat Yolcu360'ta Yurt İçi Araç Kiralamalarınızda %10 İndirim Son Gün 31.12.2026 Turizm ve Seyahat Yolcu360'ta Yurt İçi Araç Kiralamalarınızda %10 İndirim Son Gün 31.12.2026 Detaylar Turizm ve Seyahat Türk Hava ,2026-08-10T13:45:46+00:00
6927,276,installment,,,,,,9 taksit,"İdaş’ta 9 Taksit Tüm Kampanyalar 2 Kuyum, Optik ve Saat 3 Market ve Gıda 4 E-Ticaret 2 Elektronik ve Telekomünikasyon 3 Yapı Sektörü ve İklimlendirme 2 Akaryakıt 12 1 Eğitim, Kitap ve Kırtasiye 1 Genel Kampanyalar 6 Turizm ve Seyahat 0 Hobi ve Oyuncak 15 Mobilya ve Dekorasyon 4 Beyaz Eşya ve Ev Aletleri 17 Giyim ve Aksesuar Arşiv İdaş’ta 9 Taksit Kampanya Dönemi 01-04-2025 - 31-08-2026 Sektör: Mobilya ve Dekorasyon Z",2026-08-10T13:45:46+00:00
6855,277,installment,,,,1500.0,,8 taksit,"IKEA'da 6 Taksit Tüm Kampanyalar 2 Kuyum, Optik ve Saat 3 Market ve Gıda 4 E-Ticaret 2 Elektronik ve Telekomünikasyon 3 Yapı Sektörü ve İklimlendirme 2 Akaryakıt 12 1 Eğitim, Kitap ve Kırtasiye 1 Genel Kampanyalar 6 Turizm ve Seyahat 0 Hobi ve Oyuncak 15 Mobilya ve Dekorasyon 4 Beyaz Eşya ve Ev Aletleri 17 Giyim ve Aksesuar Arşiv IKEA'da 6 Taksit Kampanya Dönemi 01-04-2024 - 31-08-2026 Sektör: Mobilya ve Dekorasyon K",2026-08-10T13:45:46+00:00
6928,278,shopping_points,,,5000.0,2500.0,,"Altın Puan, Worldpuan, ParafPara, Bankkart Lira veya alışveriş puanı",İlk Bankkart Kredi Kartınıza 5.000 TL Bankkart Lira!,2026-08-10T13:45:46+00:00
6929,278,reward,5000.0,,,2500.0,5000.0,Ödül veya hediye tutarı,Kampanya müşteri bazındadır ve bir müşteri kampanyadan en fazla 5.000 TL Bankkart Lira kazanabilecektir.,2026-08-10T13:45:46+00:00
6930,279,shopping_points,,,5000.0,1000.0,,"Altın Puan, Worldpuan, ParafPara, Bankkart Lira veya alışveriş puanı",İlk Ek Kredi Kartınıza 1.000 TL Bankkart Lira!,2026-08-10T13:45:46+00:00
6931,279,reward,1000.0,,,1000.0,1000.0,Ödül veya hediye tutarı,"Kampanya Dönemi 10-07-2026 - 07-08-2026 10 Temmuz - 7 Ağustos 2026 tarihleri arasında alacağınız Bireysel Ziraat Katılım Bankkart ek kredi kartınız ile 7 Ağustos 2026 tarihine kadar Bankkart anlaşmalı market, bakkal, kasap, manav ve şarküteri üye işyerlerinde Bankkart POS'undan tek seferde yapılacak 1.000 TL ve üzeri her alışveriş ile 200 TL, toplam 1.000 TL Bankkart Lira kazanabilirsiniz.",2026-08-10T13:45:46+00:00
6932,279,installment,,,,1000.0,,5 taksit,Son Gün 31.08.2026 Detaylar Sağlık Sektöründe +5 Taksit Son Gün 31.12.2026 Sağlık Sektöründe +5 Taksit Son Gün 31.12.2026 Detaylar MTV Ödemelerinize 4 Taksit Son Gün 05.08.2026 MTV Ödemelerinize 4 Taksit Son Gün 05.08.2026 Detaylar Bağımsız Kart'a Özel 5.000 TL'ye varan Bankkart Lira!,2026-08-10T13:45:46+00:00
6933,280,installment,,,,,,9 taksit,"İstikbal’de 7 Taksit Tüm Kampanyalar 2 Kuyum, Optik ve Saat 3 Market ve Gıda 4 E-Ticaret 2 Elektronik ve Telekomünikasyon 3 Yapı Sektörü ve İklimlendirme 2 Akaryakıt 12 1 Eğitim, Kitap ve Kırtasiye 1 Genel Kampanyalar 6 Turizm ve Seyahat 0 Hobi ve Oyuncak 15 Mobilya ve Dekorasyon 4 Beyaz Eşya ve Ev Aletleri 17 Giyim ve Aksesuar Arşiv İstikbal’de 7 Taksit Kampanya Dönemi 01-04-2025 - 31-08-2026 Sektör: Mobilya ve Deko",2026-08-10T13:45:46+00:00
6856,281,shopping_points,,,1500.0,1500.0,,"Altın Puan, Worldpuan, ParafPara, Bankkart Lira veya alışveriş puanı",Kafe ve Restoran Harcamalarınıza Toplam 450 TL Bankkart Lira!,2026-08-10T13:45:46+00:00
6857,281,reward,450.0,,,1500.0,450.0,Ödül veya hediye tutarı,"Kampanya Dönemi 10-07-2026 - 07-08-2026 Kampanya Koşulları: Ziraat Katılım Bankkart kredi kartınız ile Bankkart anlaşmalı kafe ve restoran sektörlerindeki üye işyerlerinde Bankkart POS'undan tek seferde yapacağınız 1.500 TL ve üzeri her harcamanıza 150 TL, toplam 450 TL Bankkart Lira kazanabilirsiniz.",2026-08-10T13:45:46+00:00
6858,281,installment,,,,1500.0,,2 taksit,Kampanya kapsamında Bankkart Lira verilecek işlemler peşin veya taksitli yapılabilir.,2026-08-10T13:45:46+00:00
6859,282,installment,,,,5000.0,,9 taksit,"Karaca'da 3 Taksit Tüm Kampanyalar 2 Kuyum, Optik ve Saat 3 Market ve Gıda 4 E-Ticaret 2 Elektronik ve Telekomünikasyon 3 Yapı Sektörü ve İklimlendirme 2 Akaryakıt 12 1 Eğitim, Kitap ve Kırtasiye 1 Genel Kampanyalar 6 Turizm ve Seyahat 0 Hobi ve Oyuncak 15 Mobilya ve Dekorasyon 4 Beyaz Eşya ve Ev Aletleri 17 Giyim ve Aksesuar Arşiv Karaca'da 3 Taksit Kampanya Dönemi 03-11-2025 - 31-08-2026 Sektör: Çok Reyonlu Mağazal",2026-08-10T13:45:46+00:00
6860,283,installment,,,,,,9 taksit,"Kelebek’te 6 Taksit Tüm Kampanyalar 2 Kuyum, Optik ve Saat 3 Market ve Gıda 4 E-Ticaret 2 Elektronik ve Telekomünikasyon 3 Yapı Sektörü ve İklimlendirme 2 Akaryakıt 12 1 Eğitim, Kitap ve Kırtasiye 1 Genel Kampanyalar 6 Turizm ve Seyahat 0 Hobi ve Oyuncak 15 Mobilya ve Dekorasyon 4 Beyaz Eşya ve Ev Aletleri 17 Giyim ve Aksesuar Arşiv Kelebek’te 6 Taksit Kampanya Dönemi 01-04-2025 - 31-08-2026 Sektör: Mobilya ve Dekora",2026-08-10T13:45:46+00:00
6861,284,installment,,,,,,4 taksit,"Kiğılı’da 2 Taksit Tüm Kampanyalar 2 Kuyum, Optik ve Saat 3 Market ve Gıda 4 E-Ticaret 2 Elektronik ve Telekomünikasyon 3 Yapı Sektörü ve İklimlendirme 2 Akaryakıt 12 1 Eğitim, Kitap ve Kırtasiye 1 Genel Kampanyalar 6 Turizm ve Seyahat 0 Hobi ve Oyuncak 15 Mobilya ve Dekorasyon 4 Beyaz Eşya ve Ev Aletleri 17 Giyim ve Aksesuar Arşiv Kiğılı’da 2 Taksit Kampanya Dönemi 01-04-2025 - 31-08-2026 Sektör: Giyim ve Aksesuar Z",2026-08-10T13:45:46+00:00
6865,285,shopping_points,,,1000.0,,,"Altın Puan, Worldpuan, ParafPara, Bankkart Lira veya alışveriş puanı",Giyim ve Aksesuar Giyim ve Ayakkabı Alışverişinizde Toplam 1.000 TL Bankkart Lira!,2026-08-10T13:45:46+00:00
6866,285,installment,,,,,,8 taksit,"KİP’te 4 Taksit Tüm Kampanyalar 2 Kuyum, Optik ve Saat 3 Market ve Gıda 4 E-Ticaret 2 Elektronik ve Telekomünikasyon 3 Yapı Sektörü ve İklimlendirme 2 Akaryakıt 12 1 Eğitim, Kitap ve Kırtasiye 1 Genel Kampanyalar 6 Turizm ve Seyahat 0 Hobi ve Oyuncak 15 Mobilya ve Dekorasyon 4 Beyaz Eşya ve Ev Aletleri 17 Giyim ve Aksesuar Arşiv KİP’te 4 Taksit Kampanya Dönemi 12-06-2025 - 31-08-2026 Sektör: Giyim ve Aksesuar Ziraat ",2026-08-10T13:45:46+00:00
6862,286,shopping_points,,,5000.0,,,"Altın Puan, Worldpuan, ParafPara, Bankkart Lira veya alışveriş puanı",Kültür Sanat Harcamalarınıza Toplam 500 TL Bankkart Lira!,2026-08-10T13:45:46+00:00
6863,286,reward,500.0,,,,500.0,Ödül veya hediye tutarı,"Kampanya Dönemi 10-07-2026 - 07-08-2026 Kampanya Koşulları: Ziraat Katılım Bankkart kredi kartınız ile müze, sinema, tiyatro ve konser bileti alma işlemlerinizde %10, toplam 500 TL Bankkart Lira kazanabilirsiniz.",2026-08-10T13:45:46+00:00
6864,286,installment,,,,,,6 taksit,A101'de 6 Taksit Son Gün 31.08.2026 A101'de 6 Taksit Son Gün 31.08.2026 Detaylar PETLAS'ta Peşin Fiyatına 6 Taksit Son Gün 31.12.2026 PETLAS'ta Peşin Fiyatına 6 Taksit Son Gün 31.12.2026 Detaylar Bağımsız Kart'a Özel 5.000 TL'ye varan Bankkart Lira!,2026-08-10T13:45:46+00:00
6869,287,installment,,,,,,4 taksit,"Machka’da 4 Taksit Tüm Kampanyalar 2 Kuyum, Optik ve Saat 3 Market ve Gıda 4 E-Ticaret 2 Elektronik ve Telekomünikasyon 3 Yapı Sektörü ve İklimlendirme 2 Akaryakıt 12 1 Eğitim, Kitap ve Kırtasiye 1 Genel Kampanyalar 6 Turizm ve Seyahat 0 Hobi ve Oyuncak 15 Mobilya ve Dekorasyon 4 Beyaz Eşya ve Ev Aletleri 17 Giyim ve Aksesuar Arşiv Machka’da 4 Taksit Kampanya Dönemi 01-04-2024 - 31-08-2026 Sektör: Giyim ve Aksesuar Z",2026-08-10T13:45:46+00:00
6870,288,shopping_points,,,1500.0,2500.0,,"Altın Puan, Worldpuan, ParafPara, Bankkart Lira veya alışveriş puanı",Market Alışverişlerinize Toplam 1.500 TL Bankkart Lira!,2026-08-10T13:45:46+00:00
6871,288,reward,1500.0,,,2500.0,1500.0,Ödül veya hediye tutarı,"Kampanya Dönemi 10-07-2026 - 07-08-2026 Kampanya Koşulları: Ziraat Katılım Bankkart kredi kartınız ile 10 Temmuz 2026 - 7 Ağustos 2026 tarihleri arasında market, bakkal, kasap, manav ve şarküteri üye işyerlerinde Bankkart POS 'undan tek seferde yapacağınız 2.500 TL ve üzeri her alışverişiniz ile 125 TL, toplam 1.500 TL Bankkart Lira kazanabilirsiniz.",2026-08-10T13:45:46+00:00
6872,288,installment,,,,2500.0,,2 taksit,Son Gün 07.08.2026 Detaylar Market ve Gıda Tespo’da 2 Taksit Son Gün 31.08.2026 Market ve Gıda Tespo’da 2 Taksit Son Gün 31.08.2026 Detaylar,2026-08-10T13:45:46+00:00
6873,289,installment,,,,,,8 taksit,"Mavi'de 4 Taksit Tüm Kampanyalar 2 Kuyum, Optik ve Saat 3 Market ve Gıda 4 E-Ticaret 2 Elektronik ve Telekomünikasyon 3 Yapı Sektörü ve İklimlendirme 2 Akaryakıt 12 1 Eğitim, Kitap ve Kırtasiye 1 Genel Kampanyalar 6 Turizm ve Seyahat 0 Hobi ve Oyuncak 15 Mobilya ve Dekorasyon 4 Beyaz Eşya ve Ev Aletleri 17 Giyim ve Aksesuar Arşiv Mavi'de 4 Taksit Kampanya Dönemi 21-08-2025 - 31-08-2026 Sektör: Giyim ve Aksesuar Kampa",2026-08-10T13:45:46+00:00
6874,290,shopping_points,,,5000.0,,,"Altın Puan, Worldpuan, ParafPara, Bankkart Lira veya alışveriş puanı",Aile Kart'a Özel 2.000 TL'ye varan Bankkart Lira!,2026-08-10T13:45:46+00:00
6875,290,installment,,,,,,4 taksit,"Michelin’de 4 Taksit Tüm Kampanyalar 2 Kuyum, Optik ve Saat 3 Market ve Gıda 4 E-Ticaret 2 Elektronik ve Telekomünikasyon 3 Yapı Sektörü ve İklimlendirme 2 Akaryakıt 12 1 Eğitim, Kitap ve Kırtasiye 1 Genel Kampanyalar 6 Turizm ve Seyahat 0 Hobi ve Oyuncak 15 Mobilya ve Dekorasyon 4 Beyaz Eşya ve Ev Aletleri 17 Giyim ve Aksesuar Arşiv Michelin’de 4 Taksit Kampanya Dönemi 01-04-2025 - 31-08-2026 Sektör: Araç Satış / Se",2026-08-10T13:45:46+00:00
6876,291,installment,,,,,,9 taksit,"Miele'de 6 Taksit Tüm Kampanyalar 2 Kuyum, Optik ve Saat 3 Market ve Gıda 4 E-Ticaret 2 Elektronik ve Telekomünikasyon 3 Yapı Sektörü ve İklimlendirme 2 Akaryakıt 12 1 Eğitim, Kitap ve Kırtasiye 1 Genel Kampanyalar 6 Turizm ve Seyahat 0 Hobi ve Oyuncak 15 Mobilya ve Dekorasyon 4 Beyaz Eşya ve Ev Aletleri 17 Giyim ve Aksesuar Arşiv Miele'de 6 Taksit Kampanya Dönemi 26-05-2025 - 31-08-2026 Sektör: Beyaz Eşya Ziraat Kat",2026-08-10T13:45:46+00:00
6877,292,installment,,,,,,9 taksit,"ModaLife'ta 9 Taksit Tüm Kampanyalar 2 Kuyum, Optik ve Saat 3 Market ve Gıda 4 E-Ticaret 2 Elektronik ve Telekomünikasyon 3 Yapı Sektörü ve İklimlendirme 2 Akaryakıt 12 1 Eğitim, Kitap ve Kırtasiye 1 Genel Kampanyalar 6 Turizm ve Seyahat 0 Hobi ve Oyuncak 15 Mobilya ve Dekorasyon 4 Beyaz Eşya ve Ev Aletleri 17 Giyim ve Aksesuar Arşiv ModaLife'ta 9 Taksit Kampanya Dönemi 16-10-2025 - 31-08-2026 Sektör: Mobilya ve Deko",2026-08-10T13:45:46+00:00
6878,293,installment,,,,,,9 taksit,"Mondihome'da 5 Taksit Tüm Kampanyalar 2 Kuyum, Optik ve Saat 3 Market ve Gıda 4 E-Ticaret 2 Elektronik ve Telekomünikasyon 3 Yapı Sektörü ve İklimlendirme 2 Akaryakıt 12 1 Eğitim, Kitap ve Kırtasiye 1 Genel Kampanyalar 6 Turizm ve Seyahat 0 Hobi ve Oyuncak 15 Mobilya ve Dekorasyon 4 Beyaz Eşya ve Ev Aletleri 17 Giyim ve Aksesuar Arşiv Mondihome'da 5 Taksit Kampanya Dönemi 01-04-2025 - 31-08-2026 Sektör: Mobilya ve De",2026-08-10T13:45:46+00:00
6867,294,shopping_points,,,2000.0,,,"Altın Puan, Worldpuan, ParafPara, Bankkart Lira veya alışveriş puanı",Aile Kart'a Özel 2.000 TL'ye varan Bankkart Lira!,2026-08-10T13:45:46+00:00
6868,294,installment,,,,,,6 taksit,"MTV Ödemelerinize 4 Taksit Tüm Kampanyalar 2 Kuyum, Optik ve Saat 3 Market ve Gıda 4 E-Ticaret 2 Elektronik ve Telekomünikasyon 3 Yapı Sektörü ve İklimlendirme 2 Akaryakıt 12 1 Eğitim, Kitap ve Kırtasiye 1 Genel Kampanyalar 6 Turizm ve Seyahat 0 Hobi ve Oyuncak 15 Mobilya ve Dekorasyon 4 Beyaz Eşya ve Ev Aletleri 17 Giyim ve Aksesuar Arşiv MTV Ödemelerinize 4 Taksit Kampanya Dönemi 01-07-2026 - 05-08-2026 Ziraat Katı",2026-08-10T13:45:46+00:00
6879,295,installment,,,,,,8 taksit,"Okul Ödemelerinizde +8 Taksit Tüm Kampanyalar 2 Kuyum, Optik ve Saat 3 Market ve Gıda 4 E-Ticaret 2 Elektronik ve Telekomünikasyon 3 Yapı Sektörü ve İklimlendirme 2 Akaryakıt 12 1 Eğitim, Kitap ve Kırtasiye 1 Genel Kampanyalar 6 Turizm ve Seyahat 0 Hobi ve Oyuncak 15 Mobilya ve Dekorasyon 4 Beyaz Eşya ve Ev Aletleri 17 Giyim ve Aksesuar Arşiv Okul Ödemelerinizde +8 Taksit Kampanya Dönemi 18-08-2025 - 31-12-2026 Sektö",2026-08-10T13:45:46+00:00
6880,296,shopping_points,,,500.0,,,"Altın Puan, Worldpuan, ParafPara, Bankkart Lira veya alışveriş puanı","Kuyum, Optik ve Saat Optik Alışverişinize 500 TL Bankkart Lira!",2026-08-10T13:45:46+00:00
6881,296,installment,,,,,,4 taksit,"Opmar Optik’te 4 Taksit Tüm Kampanyalar 2 Kuyum, Optik ve Saat 3 Market ve Gıda 4 E-Ticaret 2 Elektronik ve Telekomünikasyon 3 Yapı Sektörü ve İklimlendirme 2 Akaryakıt 12 1 Eğitim, Kitap ve Kırtasiye 1 Genel Kampanyalar 6 Turizm ve Seyahat 0 Hobi ve Oyuncak 15 Mobilya ve Dekorasyon 4 Beyaz Eşya ve Ev Aletleri 17 Giyim ve Aksesuar Arşiv Opmar Optik’te 4 Taksit Kampanya Dönemi 01-04-2025 - 31-08-2026 Sektör: Optik Zir",2026-08-10T13:45:46+00:00
6882,297,shopping_points,,,500.0,5000.0,,"Altın Puan, Worldpuan, ParafPara, Bankkart Lira veya alışveriş puanı",Optik Alışverişinize 500 TL Bankkart Lira!,2026-08-10T13:45:46+00:00
6883,297,reward,500.0,,,5000.0,500.0,Ödül veya hediye tutarı,"Kampanya Dönemi 10-07-2026 - 07-08-2026 Kampanya Koşulları: Ziraat Katılım Bankkart kredi kartınız ile Bankkart anlaşmalı Optik sektöründeki üye işyerlerinde tek seferde yapacağınız 5.000 TL ve üzeri alışverişiniz ile 250 TL , 10.000 TL ve üzeri alışverişiniz ile 500 TL Bankkart Lira kazanabilirsiniz.",2026-08-10T13:45:46+00:00
6884,297,installment,,,,5000.0,,4 taksit,Kampanya kapsamında Bankkart Lira verilecek işlemler peşin veya taksitli yapılabilir.,2026-08-10T13:45:46+00:00
6885,298,installment,,,,,,4 taksit,"Oxxo’da 2 Taksit Tüm Kampanyalar 2 Kuyum, Optik ve Saat 3 Market ve Gıda 4 E-Ticaret 2 Elektronik ve Telekomünikasyon 3 Yapı Sektörü ve İklimlendirme 2 Akaryakıt 12 1 Eğitim, Kitap ve Kırtasiye 1 Genel Kampanyalar 6 Turizm ve Seyahat 0 Hobi ve Oyuncak 15 Mobilya ve Dekorasyon 4 Beyaz Eşya ve Ev Aletleri 17 Giyim ve Aksesuar Arşiv Oxxo’da 2 Taksit Kampanya Dönemi 01-04-2025 - 31-08-2026 Sektör: Giyim ve Aksesuar Ziraa",2026-08-10T13:45:46+00:00
6888,299,installment,,,,,,4 taksit,"Panço’da 3 Taksit Tüm Kampanyalar 2 Kuyum, Optik ve Saat 3 Market ve Gıda 4 E-Ticaret 2 Elektronik ve Telekomünikasyon 3 Yapı Sektörü ve İklimlendirme 2 Akaryakıt 12 1 Eğitim, Kitap ve Kırtasiye 1 Genel Kampanyalar 6 Turizm ve Seyahat 0 Hobi ve Oyuncak 15 Mobilya ve Dekorasyon 4 Beyaz Eşya ve Ev Aletleri 17 Giyim ve Aksesuar Arşiv Panço’da 3 Taksit Kampanya Dönemi 01-04-2025 - 31-08-2026 Sektör: Giyim ve Aksesuar Zir",2026-08-10T13:45:46+00:00
6886,300,shopping_points,,,2000.0,,,"Altın Puan, Worldpuan, ParafPara, Bankkart Lira veya alışveriş puanı",QR ile Ödemelerinize Toplam 100 TL Bankkart Lira!,2026-08-10T13:45:46+00:00
6887,300,installment,,,,,,6 taksit,"PETLAS'ta Peşin Fiyatına 6 Taksit Tüm Kampanyalar 2 Kuyum, Optik ve Saat 3 Market ve Gıda 4 E-Ticaret 2 Elektronik ve Telekomünikasyon 3 Yapı Sektörü ve İklimlendirme 2 Akaryakıt 12 1 Eğitim, Kitap ve Kırtasiye 1 Genel Kampanyalar 6 Turizm ve Seyahat 0 Hobi ve Oyuncak 15 Mobilya ve Dekorasyon 4 Beyaz Eşya ve Ev Aletleri 17 Giyim ve Aksesuar Arşiv PETLAS'ta Peşin Fiyatına 6 Taksit Kampanya Dönemi 01-04-2025 - 31-12-20",2026-08-10T13:45:46+00:00
6889,301,installment,,,,,,9 taksit,"Puffy'de 6'ya varan Taksit Tüm Kampanyalar 2 Kuyum, Optik ve Saat 3 Market ve Gıda 4 E-Ticaret 2 Elektronik ve Telekomünikasyon 3 Yapı Sektörü ve İklimlendirme 2 Akaryakıt 12 1 Eğitim, Kitap ve Kırtasiye 1 Genel Kampanyalar 6 Turizm ve Seyahat 0 Hobi ve Oyuncak 15 Mobilya ve Dekorasyon 4 Beyaz Eşya ve Ev Aletleri 17 Giyim ve Aksesuar Arşiv Puffy'de 6'ya varan Taksit Kampanya Dönemi 01-04-2025 - 31-08-2026 Sektör: Mob",2026-08-10T13:45:46+00:00
6890,302,shopping_points,,,5000.0,500.0,,"Altın Puan, Worldpuan, ParafPara, Bankkart Lira veya alışveriş puanı",QR ile Ödemelerinize Toplam 100 TL Bankkart Lira!,2026-08-10T13:45:46+00:00
6891,302,reward,100.0,,,500.0,100.0,Ödül veya hediye tutarı,"Kampanya Dönemi 10-07-2026 - 07-08-2026 Kampanya Koşulları: Ziraat Katılım Mobil ile POS'ta QR (Karekod) ödeme kullanılarak tek seferde yapacağınız 500 TL ve üzeri her alışverişiniz ile 25 TL , toplam 100 TL Bankkart Lira kazanabilirsiniz.",2026-08-10T13:45:46+00:00
6892,302,installment,,,,500.0,,4 taksit,Kampanya süresi boyunca QR ödeme ile alışverişler peşin ya da taksitli yapılabilir.,2026-08-10T13:45:46+00:00
6893,303,installment,,,,,,4 taksit,"Ramsey’de 4 Taksit Tüm Kampanyalar 2 Kuyum, Optik ve Saat 3 Market ve Gıda 4 E-Ticaret 2 Elektronik ve Telekomünikasyon 3 Yapı Sektörü ve İklimlendirme 2 Akaryakıt 12 1 Eğitim, Kitap ve Kırtasiye 1 Genel Kampanyalar 6 Turizm ve Seyahat 0 Hobi ve Oyuncak 15 Mobilya ve Dekorasyon 4 Beyaz Eşya ve Ev Aletleri 17 Giyim ve Aksesuar Arşiv Ramsey’de 4 Taksit Kampanya Dönemi 12-06-2025 - 31-08-2026 Sektör: Giyim ve Aksesuar Z",2026-08-10T13:45:46+00:00
6895,304,shopping_points,,,5000.0,,,"Altın Puan, Worldpuan, ParafPara, Bankkart Lira veya alışveriş puanı",Michelin’de 4 Taksit Son Gün 31.08.2026 Michelin’de 4 Taksit Son Gün 31.08.2026 Detaylar MTV Ödemelerinize 4 Taksit Son Gün 05.08.2026 MTV Ödemelerinize 4 Taksit Son Gün 05.08.2026 Detaylar İlk Ek Kredi Kartınıza 1.000 TL Bankkart Lira!,2026-08-10T13:45:46+00:00
6896,304,installment,,,,,,5 taksit,"Sağlık Sektöründe +5 Taksit Tüm Kampanyalar 2 Kuyum, Optik ve Saat 3 Market ve Gıda 4 E-Ticaret 2 Elektronik ve Telekomünikasyon 3 Yapı Sektörü ve İklimlendirme 2 Akaryakıt 12 1 Eğitim, Kitap ve Kırtasiye 1 Genel Kampanyalar 6 Turizm ve Seyahat 0 Hobi ve Oyuncak 15 Mobilya ve Dekorasyon 4 Beyaz Eşya ve Ev Aletleri 17 Giyim ve Aksesuar Arşiv Sağlık Sektöründe +5 Taksit Kampanya Dönemi 01-04-2025 - 31-12-2026 Sektör: S",2026-08-10T13:45:46+00:00
6894,305,installment,,,,,,4 taksit,"Samsonite’ta 2 Taksit Tüm Kampanyalar 2 Kuyum, Optik ve Saat 3 Market ve Gıda 4 E-Ticaret 2 Elektronik ve Telekomünikasyon 3 Yapı Sektörü ve İklimlendirme 2 Akaryakıt 12 1 Eğitim, Kitap ve Kırtasiye 1 Genel Kampanyalar 6 Turizm ve Seyahat 0 Hobi ve Oyuncak 15 Mobilya ve Dekorasyon 4 Beyaz Eşya ve Ev Aletleri 17 Giyim ve Aksesuar Arşiv Samsonite’ta 2 Taksit Kampanya Dönemi 01-04-2025 - 31-08-2026 Sektör: Giyim ve Akse",2026-08-10T13:45:46+00:00
6900,306,shopping_points,,,1500.0,,,"Altın Puan, Worldpuan, ParafPara, Bankkart Lira veya alışveriş puanı",Market ve Gıda Kafe ve Restoran Harcamalarınıza Toplam 450 TL Bankkart Lira!,2026-08-10T13:45:46+00:00
6901,306,installment,,,,,,2 taksit,"Tespo’da 2 Taksit Tüm Kampanyalar 2 Kuyum, Optik ve Saat 3 Market ve Gıda 4 E-Ticaret 2 Elektronik ve Telekomünikasyon 3 Yapı Sektörü ve İklimlendirme 2 Akaryakıt 12 1 Eğitim, Kitap ve Kırtasiye 1 Genel Kampanyalar 6 Turizm ve Seyahat 0 Hobi ve Oyuncak 15 Mobilya ve Dekorasyon 4 Beyaz Eşya ve Ev Aletleri 17 Giyim ve Aksesuar Arşiv Tespo’da 2 Taksit Kampanya Dönemi 01-04-2025 - 31-08-2026 Sektör: Market ve Gıda Ziraat",2026-08-10T13:45:46+00:00
6902,307,shopping_points,,,5000.0,,,"Altın Puan, Worldpuan, ParafPara, Bankkart Lira veya alışveriş puanı",Michelin’de 4 Taksit Son Gün 31.08.2026 Michelin’de 4 Taksit Son Gün 31.08.2026 Detaylar Sağlık Sektöründe +5 Taksit Son Gün 31.12.2026 Sağlık Sektöründe +5 Taksit Son Gün 31.12.2026 Detaylar İlk Bankkart Kredi Kartınıza 5.000 TL Bankkart Lira!,2026-08-10T13:45:46+00:00
6903,307,installment,,,,,,5 taksit,Michelin’de 4 Taksit Son Gün 31.08.2026 Michelin’de 4 Taksit Son Gün 31.08.2026 Detaylar Sağlık Sektöründe +5 Taksit Son Gün 31.12.2026 Sağlık Sektöründe +5 Taksit Son Gün 31.12.2026 Detaylar İlk Bankkart Kredi Kartınıza 5.000 TL Bankkart Lira!,2026-08-10T13:45:46+00:00
6904,307,privilege,,,,,,MasterKOBİ ayrıcalıkları,Ticari Kartla MasterKOBİ'de Özel Ayrıcalıklar ve İndirimler!,2026-08-10T13:45:46+00:00
6905,308,discount,3000.0,,,1000.0,3000.0,3.000 TL indirim,Son Gün 07.08.2026 Detaylar E-Ticaret TROY Kartla İdefix’te 3.000 TL’ye Varan İndirim!,2026-08-10T13:45:46+00:00
6906,308,shopping_points,,,500.0,1000.0,,"Altın Puan, Worldpuan, ParafPara, Bankkart Lira veya alışveriş puanı",E-Ticaret Amazon'da 9'a varan Taksit Son Gün 31.08.2026 E-Ticaret Amazon'da 9'a varan Taksit Son Gün 31.08.2026 Detaylar E-Ticaret E-Ticaret Alışverişlerinize Toplam 500 TL Bankkart Lira!,2026-08-10T13:45:46+00:00
6907,308,installment,,,,1000.0,,9 taksit,"Trendyol'da 6'ya varan Taksit Tüm Kampanyalar 2 Kuyum, Optik ve Saat 3 Market ve Gıda 4 E-Ticaret 2 Elektronik ve Telekomünikasyon 3 Yapı Sektörü ve İklimlendirme 2 Akaryakıt 12 1 Eğitim, Kitap ve Kırtasiye 1 Genel Kampanyalar 6 Turizm ve Seyahat 0 Hobi ve Oyuncak 15 Mobilya ve Dekorasyon 4 Beyaz Eşya ve Ev Aletleri 17 Giyim ve Aksesuar Arşiv Trendyol'da 6'ya varan Taksit Kampanya Dönemi 01-04-2025 - 31-08-2026 Sektö",2026-08-10T13:45:46+00:00
6897,309,discount,3000.0,,,1000.0,3000.0,3.000 TL indirim,TROY Kartla İdefix’te 3.000 TL’ye Varan İndirim!,2026-08-10T13:45:46+00:00
6898,309,shopping_points,,,500.0,1000.0,,"Altın Puan, Worldpuan, ParafPara, Bankkart Lira veya alışveriş puanı",E-Ticaret E-Ticaret Alışverişlerinize Toplam 500 TL Bankkart Lira!,2026-08-10T13:45:46+00:00
6899,309,installment,,,,1000.0,,9 taksit,Son Gün 07.08.2026 Detaylar E-Ticaret Amazon'da 9'a varan Taksit Son Gün 31.08.2026 E-Ticaret Amazon'da 9'a varan Taksit Son Gün 31.08.2026 Detaylar E-Ticaret Trendyol'da 6'ya varan Taksit Son Gün 31.08.2026 E-Ticaret Trendyol'da 6'ya varan Taksit Son Gün 31.08.2026 Detaylar,2026-08-10T13:45:46+00:00
6908,310,installment,,,,,,5 taksit,"Troy'da 5 Taksit Tüm Kampanyalar 2 Kuyum, Optik ve Saat 3 Market ve Gıda 4 E-Ticaret 2 Elektronik ve Telekomünikasyon 3 Yapı Sektörü ve İklimlendirme 2 Akaryakıt 12 1 Eğitim, Kitap ve Kırtasiye 1 Genel Kampanyalar 6 Turizm ve Seyahat 0 Hobi ve Oyuncak 15 Mobilya ve Dekorasyon 4 Beyaz Eşya ve Ev Aletleri 17 Giyim ve Aksesuar Arşiv Troy'da 5 Taksit Kampanya Dönemi 01-04-2025 - 31-08-2026 Sektör: Elektronik Ziraat Katıl",2026-08-10T13:45:46+00:00
6909,311,discount,,30.0,,,,%30 indirim,Turizm ve Seyahat Yolcu360'ta Yurt İçi Araç Kiralamalarınızda %10 İndirim Son Gün 31.12.2026 Turizm ve Seyahat Yolcu360'ta Yurt İçi Araç Kiralamalarınızda %10 İndirim Son Gün 31.12.2026 Detaylar Turizm ve Seyahat Yolcu360'ta Yurt Dışı Araç Kiralamalarınızda %15 İndirim Son Gün 31.12.2026 Turizm ve Seyahat Yolcu360'ta Yurt Dışı Araç Kiralamalarınızda %15 İndirim Son Gün 31.12.2026 Detaylar Turizm ve Seyahat Enterprise,2026-08-10T13:45:46+00:00
6910,311,discount,,15.0,,,,%15 indirim,Turizm ve Seyahat Yolcu360'ta Yurt İçi Araç Kiralamalarınızda %10 İndirim Son Gün 31.12.2026 Turizm ve Seyahat Yolcu360'ta Yurt İçi Araç Kiralamalarınızda %10 İndirim Son Gün 31.12.2026 Detaylar Turizm ve Seyahat Yolcu360'ta Yurt Dışı Araç Kiralamalarınızda %15 İndirim Son Gün 31.12.2026 Turizm ve Seyahat Yolcu360'ta Yurt Dışı Araç Kiralamalarınızda %15 İndirim Son Gün 31.12.2026 Detaylar Turizm ve Seyahat Enterprise,2026-08-10T13:45:46+00:00
6911,311,discount,,10.0,,,,%10 indirim,Turizm ve Seyahat Yolcu360'ta Yurt İçi Araç Kiralamalarınızda %10 İndirim Son Gün 31.12.2026 Turizm ve Seyahat Yolcu360'ta Yurt İçi Araç Kiralamalarınızda %10 İndirim Son Gün 31.12.2026 Detaylar Turizm ve Seyahat Yolcu360'ta Yurt Dışı Araç Kiralamalarınızda %15 İndirim Son Gün 31.12.2026 Turizm ve Seyahat Yolcu360'ta Yurt Dışı Araç Kiralamalarınızda %15 İndirim Son Gün 31.12.2026 Detaylar Turizm ve Seyahat Enterprise,2026-08-10T13:45:46+00:00
6912,311,installment,,,,,,6 taksit,"Türk Hava Yolları'nda 6 Taksit Tüm Kampanyalar 2 Kuyum, Optik ve Saat 3 Market ve Gıda 4 E-Ticaret 2 Elektronik ve Telekomünikasyon 3 Yapı Sektörü ve İklimlendirme 2 Akaryakıt 12 1 Eğitim, Kitap ve Kırtasiye 1 Genel Kampanyalar 6 Turizm ve Seyahat 0 Hobi ve Oyuncak 15 Mobilya ve Dekorasyon 4 Beyaz Eşya ve Ev Aletleri 17 Giyim ve Aksesuar Arşiv Türk Hava Yolları'nda 6 Taksit Kampanya Dönemi 01-05-2025 - 31-08-2026 Sek",2026-08-10T13:45:46+00:00
6913,312,installment,,,,,,9 taksit,"Uğur Derin Dondurucu’da 9 Taksit Tüm Kampanyalar 2 Kuyum, Optik ve Saat 3 Market ve Gıda 4 E-Ticaret 2 Elektronik ve Telekomünikasyon 3 Yapı Sektörü ve İklimlendirme 2 Akaryakıt 12 1 Eğitim, Kitap ve Kırtasiye 1 Genel Kampanyalar 6 Turizm ve Seyahat 0 Hobi ve Oyuncak 15 Mobilya ve Dekorasyon 4 Beyaz Eşya ve Ev Aletleri 17 Giyim ve Aksesuar Arşiv Uğur Derin Dondurucu’da 9 Taksit Kampanya Dönemi 01-04-2025 - 31-08-2026",2026-08-10T13:45:46+00:00
6914,313,installment,,,,,,5 taksit,"Vatan’da 3 Taksit Tüm Kampanyalar 2 Kuyum, Optik ve Saat 3 Market ve Gıda 4 E-Ticaret 2 Elektronik ve Telekomünikasyon 3 Yapı Sektörü ve İklimlendirme 2 Akaryakıt 12 1 Eğitim, Kitap ve Kırtasiye 1 Genel Kampanyalar 6 Turizm ve Seyahat 0 Hobi ve Oyuncak 15 Mobilya ve Dekorasyon 4 Beyaz Eşya ve Ev Aletleri 17 Giyim ve Aksesuar Arşiv Vatan’da 3 Taksit Kampanya Dönemi 01-04-2025 - 31-08-2026 Sektör: Elektronik Ziraat Kat",2026-08-10T13:45:46+00:00
6915,314,installment,,,,,,8 taksit,"W Collection'da 4 Taksit Tüm Kampanyalar 2 Kuyum, Optik ve Saat 3 Market ve Gıda 4 E-Ticaret 2 Elektronik ve Telekomünikasyon 3 Yapı Sektörü ve İklimlendirme 2 Akaryakıt 12 1 Eğitim, Kitap ve Kırtasiye 1 Genel Kampanyalar 6 Turizm ve Seyahat 0 Hobi ve Oyuncak 15 Mobilya ve Dekorasyon 4 Beyaz Eşya ve Ev Aletleri 17 Giyim ve Aksesuar Arşiv W Collection'da 4 Taksit Kampanya Dönemi 01-03-2026 - 31-08-2026 Ziraat Katılım ",2026-08-10T13:45:46+00:00
6916,315,installment,,,,,,9 taksit,"Yataş Bedding'de 8 Taksit Tüm Kampanyalar 2 Kuyum, Optik ve Saat 3 Market ve Gıda 4 E-Ticaret 2 Elektronik ve Telekomünikasyon 3 Yapı Sektörü ve İklimlendirme 2 Akaryakıt 12 1 Eğitim, Kitap ve Kırtasiye 1 Genel Kampanyalar 6 Turizm ve Seyahat 0 Hobi ve Oyuncak 15 Mobilya ve Dekorasyon 4 Beyaz Eşya ve Ev Aletleri 17 Giyim ve Aksesuar Arşiv Yataş Bedding'de 8 Taksit Kampanya Dönemi 30-05-2025 - 31-08-2026 Sektör: Mobil",2026-08-10T13:45:46+00:00
6917,316,discount,,30.0,,,,%30 indirim,Son Gün 07.08.2026 Detaylar Turizm ve Seyahat Türk Hava Yolları'nda 6 Taksit Son Gün 31.08.2026 Turizm ve Seyahat Türk Hava Yolları'nda 6 Taksit Son Gün 31.08.2026 Detaylar Turizm ve Seyahat Enterprise'ta Araç Kiralamalarınızda %30 İndirim Son Gün 31.12.2026 Turizm ve Seyahat Enterprise'ta Araç Kiralamalarınızda %30 İndirim Son Gün 31.12.2026 Detaylar Turizm ve Seyahat Yolcu360'ta Yurt İçi Araç Kiralamalarınızda %10 ,2026-08-10T13:45:46+00:00
6918,316,discount,,15.0,,,,%15 indirim,Araç kiralama ücreti dışında yapılan ödemeler Bankkart kullanıcılarına özel %15 İndirim Kampanyası kapsamı dışındadır.,2026-08-10T13:45:46+00:00
6919,316,discount,,10.0,,,,%10 indirim,Son Gün 07.08.2026 Detaylar Turizm ve Seyahat Türk Hava Yolları'nda 6 Taksit Son Gün 31.08.2026 Turizm ve Seyahat Türk Hava Yolları'nda 6 Taksit Son Gün 31.08.2026 Detaylar Turizm ve Seyahat Enterprise'ta Araç Kiralamalarınızda %30 İndirim Son Gün 31.12.2026 Turizm ve Seyahat Enterprise'ta Araç Kiralamalarınızda %30 İndirim Son Gün 31.12.2026 Detaylar Turizm ve Seyahat Yolcu360'ta Yurt İçi Araç Kiralamalarınızda %10 ,2026-08-10T13:45:46+00:00
6920,316,shopping_points,,,1500.0,,,"Altın Puan, Worldpuan, ParafPara, Bankkart Lira veya alışveriş puanı",Turizm ve Seyahat Hava Yolu Bilet Alımınıza 1.500 TL Bankkart Lira!,2026-08-10T13:45:46+00:00
6921,316,installment,,,,,,6 taksit,Son Gün 07.08.2026 Detaylar Turizm ve Seyahat Türk Hava Yolları'nda 6 Taksit Son Gün 31.08.2026 Turizm ve Seyahat Türk Hava Yolları'nda 6 Taksit Son Gün 31.08.2026 Detaylar Turizm ve Seyahat Enterprise'ta Araç Kiralamalarınızda %30 İndirim Son Gün 31.12.2026 Turizm ve Seyahat Enterprise'ta Araç Kiralamalarınızda %30 İndirim Son Gün 31.12.2026 Detaylar Turizm ve Seyahat Yolcu360'ta Yurt İçi Araç Kiralamalarınızda %10 ,2026-08-10T13:45:46+00:00
6922,317,discount,,15.0,,,,%15 indirim,Turizm ve Seyahat Yolcu360'ta Yurt Dışı Araç Kiralamalarınızda %15 İndirim Son Gün 31.12.2026 Turizm ve Seyahat Yolcu360'ta Yurt Dışı Araç Kiralamalarınızda %15 İndirim Son Gün 31.12.2026 Detaylar Turizm ve Seyahat Halalbooking'de Size Özel Avantajlı Tatiller!,2026-08-10T13:45:46+00:00
6923,317,discount,,10.0,,,,%10 indirim,Araç kiralama ücreti dışında yapılan ödemeler Bankkart kullanıcılarına özel %10 İndirim Kampanyası kapsamı dışındadır.,2026-08-10T13:45:46+00:00
6924,317,shopping_points,,,1500.0,,,"Altın Puan, Worldpuan, ParafPara, Bankkart Lira veya alışveriş puanı",Son Gün 31.08.2026 Detaylar Turizm ve Seyahat Hava Yolu Bilet Alımınıza 1.500 TL Bankkart Lira!,2026-08-10T13:45:46+00:00
6925,317,installment,,,,,,6 taksit,Son Gün 07.08.2026 Detaylar Turizm ve Seyahat Türk Hava Yolları'nda 6 Taksit Son Gün 31.08.2026 Turizm ve Seyahat Türk Hava Yolları'nda 6 Taksit Son Gün 31.08.2026 Detaylar,2026-08-10T13:45:46+00:00
6383,319,installment,,,,300.0,,6 taksit,A101 de Vade Farksız 6 Aya Varan Taksit Fırsatı!,2026-08-10T13:45:46+00:00
6384,320,installment,,,,,,8 taksit,Alfemo’da Peşin fiyatına 8 Taksit Fırsatı!,2026-08-10T13:45:46+00:00
6388,323,installment,,,,,,4 taksit,Divarese’de 4 Taksit Fırsatı!,2026-08-10T13:45:46+00:00
6386,324,cashback,,18.0,,,,Nakit iade avantajı,💸 Dkart Debit Kartınızla Jack & Jones mağazalarından yapacağınız alışverişlerinizde işlem tutarlarınızın %18 ’i kadar nakit iade anında kartınıza yatırılacaktır.,2026-08-10T13:45:46+00:00
6387,325,cashback,,8.0,,,,Nakit iade avantajı,💸 Dkart Debit Kartınızla Koton mağazalarından yapacağınız alışverişlerinizde işlem tutarlarınızın %8’i kadar nakit iade anında kartınıza yatırılacaktır.,2026-08-10T13:45:46+00:00
6389,326,installment,,,,,,9 taksit,Dyson’da Peşin Fiyatına 9 Aya Varan Taksit Fırsatı!,2026-08-10T13:45:46+00:00
6390,327,installment,,,,,,6 taksit,D’S Damat’ta 6 Aya Varan Taksit Fırsatı!,2026-08-10T13:45:46+00:00
6391,329,installment,,,,,,9 taksit,Gürgençler’de Peşin Fiyatına 9 Aya Varan Taksit Fırsatı!,2026-08-10T13:45:46+00:00
6393,330,installment,,,,,,6 taksit,ITOPYA.COM'da Vade Farksız 6 Taksit Fırsatı!,2026-08-10T13:45:46+00:00
6421,331,discount,,15.0,,,,%15 indirim,Dünya Katılım Paraf ile İder Mobilya mağazalarında Paraf POS’larından yapacağınız alışverişlerde 7 taksit imkanı sunulacak ve %15 indirim uygulanacaktır.,2026-08-10T13:45:46+00:00
6422,331,installment,,,,,,7 taksit,İder Mobilya’da 7 Taksite %15 indirim Fırsatı!,2026-08-10T13:45:46+00:00
6423,332,installment,,,,,,3 taksit,İncehesap.Com'da Peşin Fiyatına 3 Taksit Fırsatı!,2026-08-10T13:45:46+00:00
6424,333,installment,,,,,,4 taksit,İpekyol’da 4 Taksit Fırsatı!,2026-08-10T13:45:46+00:00
6394,334,installment,,,,,,5 taksit,Kip’te 5 Taksit Fırsatı!,2026-08-10T13:45:46+00:00
6395,336,installment,,,,,,12 taksit,Monster Notebook’ta Peşin Fiyatına 12 Aya Varan Taksit Fırsatı!,2026-08-10T13:45:46+00:00
6396,337,installment,,,,,,3 taksit,N11'de Peşin Fiyatına 3 Taksit Fırsatı Dünya Katılım Paraf ile n11’de tek seferde yapılacak alışverişlerde peşin fiyatına 3 aya varan taksit imkanı sunulmaktadır.,2026-08-10T13:45:46+00:00
6397,338,installment,,,,,,4 taksit,Network’te 4 Taksit Fırsatı!,2026-08-10T13:45:46+00:00
6398,339,installment,,,,,,9 taksit,Paraf ile Demirdöküm’de 9 Aya Varan Taksit Fırsatı!,2026-08-10T13:45:46+00:00
6399,339,pos_advantage,,,,,,"POS komisyon, bloke veya ek taksit avantajı",Dünya Katılım Paraf ile Paraf üyesi Demirdöküm sanal Pos’u üzerinden gerçekleşecek işlemlere vade farksız 9 ay taksit imkanı sunulacaktır.,2026-08-10T13:45:46+00:00
6400,340,installment,,,,,,4 taksit,Paraf ile Evidea’da 4 Taksit Fırsatı!,2026-08-10T13:45:46+00:00
6401,341,installment,,,,,,5 taksit,Paraf ile Koçtaş'ta 5 Taksit Fırsatı!,2026-08-10T13:45:46+00:00
6403,342,installment,,,,,,6 taksit,Paraf İle ADV Mağazalarında 6 Taksit Fırsatı!,2026-08-10T13:45:46+00:00
6404,343,installment,,,,,,6 taksit,Paraf İle Damat Tween’de 6 Taksit Fırsatı!,2026-08-10T13:45:46+00:00
6405,344,installment,,,,,,6 taksit,Paraf İle Zsa Zsa Zsu Mağazalarında 6 Taksit Fırsatı!,2026-08-10T13:45:46+00:00
6406,345,installment,,,,600.0,,6 taksit,Pazarama’da Peşin Fiyatına 6 Taksit Fırsatı!,2026-08-10T13:45:46+00:00
6408,346,installment,,,,,,5 taksit,Ramsey’de 5 Taksit Fırsatı!,2026-08-10T13:45:46+00:00
6411,348,installment,,,,,,9 taksit,Touristica.com.tr'de Peşin Fiyatına 9 Taksit Fırsatı!,2026-08-10T13:45:46+00:00
6412,349,installment,,,,1000.0,,9 taksit,Trendyol'da Peşin Fiyatına 9 Aya Varan Taksit Fırsatı!,2026-08-10T13:45:46+00:00
6410,350,discount,3000.0,,,1000.0,3000.0,3.000 TL indirim,"TROY kartla idefix’te yaz boyunca her 1.000 TL’ye 200 TL, toplamda 3.000 TL’ye varan anında indirim fırsatı!",2026-08-10T13:45:46+00:00
6413,351,installment,,,,,,4 taksit,Twist’te 4 Taksit Fırsatı!,2026-08-10T13:45:46+00:00
6415,352,installment,,,,,,9 taksit,Vaillant’ta 9 Aya Varan Taksit Fırsatı!,2026-08-10T13:45:46+00:00
6416,352,pos_advantage,,,,,,"POS komisyon, bloke veya ek taksit avantajı",Dünya Katılım Paraf ile Paraf üyesi Vaillant sanal Pos’u üzerinden gerçekleşen işlemlere vade farksız 9 aya varan taksit imkanı sunulacaktır.,2026-08-10T13:45:46+00:00
6417,353,installment,,,,,,4 taksit,Vakkorama’da 4 taksit Fırsatı!,2026-08-10T13:45:46+00:00
6414,354,installment,,,,,,4 taksit,VAKKO’da 4 Taksit Fırsatı!,2026-08-10T13:45:46+00:00
6418,355,installment,,,,,,6 taksit,Vatan’da Peşin Fiyatına 6 Aya Varan Taksit Fırsatı!,2026-08-10T13:45:46+00:00
6419,356,installment,,,,,,9 taksit,Vestel’de 9 Aya Varan Taksit Fırsatı!,2026-08-10T13:45:46+00:00
6420,357,installment,,,,,,8 taksit,Yataş’ta 8 Taksit Fırsatı!,2026-08-10T13:45:46+00:00
6425,359,reward,10000.0,,,,10000.0,Ödül veya hediye tutarı,"Davet eden kişi, davet ettiği kişinin kampanya koşullarını sağlaması halinde, kişi başı maksimum 2.000 TL, toplamda 5 kişi için maksimum 10.000 TL nakit ödül kazanabilir.",2026-08-10T13:45:46+00:00
6426,361,installment,,,,,,3 taksit,Bana Bunu Al İş Ortağım ile Troy Mağazalarında Taksit Fırsatları Bana Bunu Al İş Ortağım ile Troy Mağazalarında Finansman Fırsatı!,2026-08-10T13:45:46+00:00
6428,362,cashback,,75.0,,,,Nakit iade avantajı,Biz Kart Dijital Üyelikler Biz Kart ile Dijital Üyeliklerde %75 Nakit İade Fırsatı!,2026-08-10T13:45:46+00:00
6427,363,reward,25000.0,,,,25000.0,Ödül veya hediye tutarı,"Davet eden kişi, davet ettiği kişinin kampanya koşullarını sağlaması halinde kişi başı maksimum 500 TL, toplamda 50 kişi için maksimum 25.000 TL nakit ödül kazanabilir.",2026-08-10T13:45:46+00:00
6429,364,cashback,1000.0,10.0,,,,Nakit iade avantajı,Biz Kart Yemek Harcamalarında %10 Nakit İade Biz Kart ile Yemek Harcamalarına 1.000 TL’ye Varan Nakit İade!,2026-08-10T13:45:46+00:00
6430,365,discount,,50.0,,,,%50 indirim,"200'e yakın restoranda %30’a varan indirim Anlaşmalı paket servis platformlarında %25'e varan indirim The House Cafe’lerde tatlı ikramı Market alışverişlerinde özel indirimler Moda ve teknoloji markalarında %20’ye varan avantajlar Havalimanı hızlı geçiş, buggy ve transfer ayrıcalıkları Kültür-sanatta ve seyahatte ekstra indirimler Evcil hayvan ürünleri, yaşam, araç bakım gibi farklı kategorilerde fırsatlar Kuru temiz",2026-08-10T13:45:46+00:00
6431,365,discount,,30.0,,,,%30 indirim,"200'e yakın restoranda %30’a varan indirim Anlaşmalı paket servis platformlarında %25'e varan indirim The House Cafe’lerde tatlı ikramı Market alışverişlerinde özel indirimler Moda ve teknoloji markalarında %20’ye varan avantajlar Havalimanı hızlı geçiş, buggy ve transfer ayrıcalıkları Kültür-sanatta ve seyahatte ekstra indirimler Evcil hayvan ürünleri, yaşam, araç bakım gibi farklı kategorilerde fırsatlar Kuru temiz",2026-08-10T13:45:46+00:00
6432,365,discount,,25.0,,,,%25 indirim,"200'e yakın restoranda %30’a varan indirim Anlaşmalı paket servis platformlarında %25'e varan indirim The House Cafe’lerde tatlı ikramı Market alışverişlerinde özel indirimler Moda ve teknoloji markalarında %20’ye varan avantajlar Havalimanı hızlı geçiş, buggy ve transfer ayrıcalıkları Kültür-sanatta ve seyahatte ekstra indirimler Evcil hayvan ürünleri, yaşam, araç bakım gibi farklı kategorilerde fırsatlar Kuru temiz",2026-08-10T13:45:46+00:00
6433,365,discount,,10.0,,,,%10 indirim,"Hayat Finans sı üzerinden GastroClub üyeliğinizi oluşturarak seçkin restoranlar, marketler, moda, teknoloji, kuru temizleme, kültür-sanat ve seyahat kategorilerinde %10 ila %50 arasında indirimlerden faydalanın.",2026-08-10T13:45:46+00:00
6434,365,membership,,,,,,GastroClub üyeliği,Hayat Finans İş Birliği ile GastroClub Ayrıcalıkları Neler Sunuyor?,2026-08-10T13:45:46+00:00
6436,366,reward,100.0,,,,20.0,Ödül veya hediye tutarı,Hesabınıza gelen para transferlerinden bir takvim ayı içerisinde en fazla 10 adet işlem için maksimum 100 TL kazanabilirsiniz.,2026-08-10T13:45:46+00:00
6435,368,installment,,,,,,3 taksit,Hayat Finanslılara özel Xiaomi mağazalarında 3 aya varan taksit fırsatı Bana Bunu Al İş Ortağımda!,2026-08-10T13:45:46+00:00
6302,392,shopping_points,,,2000.0,,,"Altın Puan, Worldpuan, ParafPara, Bankkart Lira veya alışveriş puanı","Kampanyaya Katılım Adımları: Ağustos Ayına Özel Fatura Kampanyası “OFT2026” koduyla görüntülü görüşme ile , Albaraka World kredi kartınızla Albaraka Mobil üzerinden vereceğiniz her otomatik fatura ödeme talimatı için 500 TL, toplamda 2.000 TL Worldpuan kazanın!",2026-08-10T13:45:46+00:00
6253,393,shopping_points,,,200.0,1500.0,,"Altın Puan, Worldpuan, ParafPara, Bankkart Lira veya alışveriş puanı","Akaryakıt Kampanyası Albaraka Mobil Albaraka Mobil Troy kredi kartı ile yapacağınız akaryakıt harcamalarına özel her 1.500 TL ve üzeri harcamaya 50 TL, toplamda 200 TL Worldpuan kazanın!",2026-08-10T13:45:46+00:00
6257,394,shopping_points,,,2000.0,,,"Altın Puan, Worldpuan, ParafPara, Bankkart Lira veya alışveriş puanı",Şimdi kendiniz ve çocuğunuz için Albaraka Mobil’den yaptıracağınız BES’lerden toplamda 2.000 TL Worldpuan kazanma fırsatı sizlerle.,2026-08-10T13:45:46+00:00
6258,394,reward,2000.0,,,,2000.0,Ödül veya hediye tutarı,Kampanyadan en fazla 2.000 TL Worlpuan kazanılabilir.,2026-08-10T13:45:46+00:00
6261,395,shopping_points,,,2000.0,,,"Altın Puan, Worldpuan, ParafPara, Bankkart Lira veya alışveriş puanı",Şimdi mobilden yaptıracağınız sigortalarınız için toplam 2.000 TL Worldpuan kazanma fırsatı sizlerle.,2026-08-10T13:45:46+00:00
6262,395,reward,2000.0,,,,2000.0,Ödül veya hediye tutarı,Kampanyadan en fazla 2.000 TL Worlpuan kazanılabilir.,2026-08-10T13:45:46+00:00
6254,396,discount,,20.0,,,,%20 indirim,Albaraka Mobil Albaraka Mobil Albaraka kredi kartlarınız ile Tuzla Marina Aquapark ’ta eğlencenin tadını size özel %20 indirimle çıkarın!,2026-08-10T13:45:46+00:00
6277,397,shopping_points,,,300.0,,,"Altın Puan, Worldpuan, ParafPara, Bankkart Lira veya alışveriş puanı",DASK Sigortasında Worldpuan Fırsatı!,2026-08-10T13:45:46+00:00
6278,397,installment,,,,,,3 taksit,"Siz de Albaraka Mobil’den DASK sigortanızı kolayca yaptırın, evinizi koruma altına alırken Worldpuan ve taksit fırsatlarından yararlanın!",2026-08-10T13:45:46+00:00
6286,398,discount,,35.0,,,,%35 indirim,Albaraka Mobil Albaraka Mobil Albaraka Özel Bankacılık Kredi Kartlarınızla Enterprise online araç kiralamalarında liste fiyatı üzerinden %35 indirim fırsatından yararlanın!,2026-08-10T13:45:46+00:00
6304,400,discount,2000.0,,,25001.0,2000.0,2.000 TL indirim,"Albaraka Mobil Albaraka Mobil Ayrıcalıklarla dolu Albaraka Özel Bankacılık Kredi Kartlarınızı kullanarak tek seferde yapacağınız 10.000-25.000 TL arasındaki konaklama harcamalarında 1.000 TL, 25.001 TL ve üzeri konaklama harcamalarınızda 2.000 TL indirim kazanma fırsatı sizi bekliyor.",2026-08-10T13:45:46+00:00
6305,400,cashback,2000.0,,,25001.0,2000.0,Nakit iade avantajı,"Ek Kampanya Detayları: Özel Bankacılık Kredi Kartları ile kampanya kapsamındaki iş yerlerinde tek seferde yapılacak 10.000 TL - 25.000 TL arasındaki yurt içi konaklama harcamalarına 1.000 TL iade , 25.000,01 TL ve üzeri yurt içi konaklama harcamalarına ise 2.000 TL iade uygulanacaktır.",2026-08-10T13:45:46+00:00
6315,401,shopping_points,,,2000.0,,,"Altın Puan, Worldpuan, ParafPara, Bankkart Lira veya alışveriş puanı",Otomatik Fatura Ödeme Talimatlarınıza Toplamda 2.000 TL Worldpuan!,2026-08-10T13:45:46+00:00
6316,402,discount,5000.0,,,,5000.0,5.000 TL indirim,Albaraka Mobil Albaraka Mobil Ayrıcalıklarla dolu Albaraka Özel Bankacılık Kredi Kartlarınızı kullanarak tek seferde yapacağınız 5.000 TL’ye kadar olan otopark harcamalarınızda %10 indirim kazanma fırsatı sizi bekliyor.,2026-08-10T13:45:46+00:00
6317,402,discount,,10.0,,,,%10 indirim,Otopark Harcamalarınıza Özel %10 İndirim Fırsatı!,2026-08-10T13:45:46+00:00
6318,402,cashback,5000.0,10.0,,,,Nakit iade avantajı,"Ek Kampanya Detayları: Özel Bankacılık Kredi Kartları ile kampanya kapsamındaki otopark iş yerlerinde tek seferde yapılacak 5.000 TL'ye kadar olan harcamalara, harcama tutarının %10'u kadar iade uygulanacaktır.",2026-08-10T13:45:46+00:00
6320,403,cashback,300.0,50.0,,,300.0,Nakit iade avantajı,Otopark ve Vale Harcamalarınıza %50 İade Albaraka’da!,2026-08-10T13:45:46+00:00
6324,404,shopping_points,,,300.0,,,"Altın Puan, Worldpuan, ParafPara, Bankkart Lira veya alışveriş puanı",QR Kod İle Ödemelerinize Toplamda 300 TL Worldpuan!,2026-08-10T13:45:46+00:00
6325,405,discount,500.0,,,,500.0,500 TL indirim,Üstelik aylık 500 TL'ye varan indirim avantajı ile.,2026-08-10T13:45:46+00:00
6326,405,discount,,10.0,,,500.0,%10 indirim,Restoran Harcamalarınıza Özel %10 İndirim Fırsatı!,2026-08-10T13:45:46+00:00
6327,405,cashback,,10.0,,,500.0,Nakit iade avantajı,"Kampanyadan Yararlanmak İçin: Albaraka Özel Bankacılık Kredi Kartlarınız ile kampanya kapsamındaki restoranlarda harcamanızı gerçekleştirin, Kampanya şartlarını sağlayan işleminizi tamamlayın, %10 iade kazanma fırsatını yakalayın.",2026-08-10T13:45:46+00:00
6329,406,shopping_points,,,300.0,2000.0,,"Altın Puan, Worldpuan, ParafPara, Bankkart Lira veya alışveriş puanı","Restoran Kampanyası Albaraka Mobil Albaraka Mobil TROY kredi kartınız ile yapacağınız 2.000 TL ve üzeri her restoran harcamanıza 75 TL, toplamda 300 TL’ye varan Worldpuan hediye!",2026-08-10T13:45:46+00:00
6338,407,installment,,,,,,6 taksit,Sağlık Harcamalarına Vade Farksız 6 Taksit Kampanyası Albaraka Mobil Albaraka Mobil TROY kredi kartlarınız ile yapacağınız 1.000 TL- 100.000 TL arası sağlık harcamalarınıza vade farksız 6 taksit fırsatı!,2026-08-10T13:45:46+00:00
6291,408,shopping_points,,,1000.0,3000.0,,"Altın Puan, Worldpuan, ParafPara, Bankkart Lira veya alışveriş puanı",Giyim ve Kozmetik Harcamalarınızda 1.000 TL’ye varan Worldpuan!,2026-08-10T13:45:46+00:00
6292,408,pos_advantage,,,,3000.0,,"POS komisyon, bloke veya ek taksit avantajı","Kampanya Detayları: World Üye İşyerleri’ndeki fiziki ve sanal POS’lardan yapılacak giyim, çok katlı mağaza, ayakkabı, aksesuar, optik, saat ve kozmetik sektörlerindeki alışverişlerde geçerlidir.",2026-08-10T13:45:46+00:00
6349,409,shopping_points,,,7500.0,120000.0,,"Altın Puan, Worldpuan, ParafPara, Bankkart Lira veya alışveriş puanı",Seturda 7500 Tlye Varan Worldpuan 3 Setur'da 7.500 TL'ye varan Worldpuan!,2026-08-10T13:45:46+00:00
6350,409,installment,,,,120000.0,,12 taksit,"Peşin, 3 taksitli veya 6 taksitli alışverişlerden kampanyaya uygun olarak ilk yapılan alışveriş üzerinden Worldpuan kazanacaktır.",2026-08-10T13:45:46+00:00
6351,409,pos_advantage,,,,120000.0,,"POS komisyon, bloke veya ek taksit avantajı","Bu kampanyamıza katılımınızla birlikte, tarafınıza ait kredi ve banka kartı işlem verileriniz, 1- 31 Ağustos 2026 tarihleri arasında, Bankalara ait sanal POS'tan toplanacaktır.",2026-08-10T13:45:46+00:00
6363,410,discount,,5.0,,120000.0,7500.0,%5 indirim,"Worldpuan kampanyası ""Seçili otellerde sepette ek %5 indirim World'e özel %5 indirim!"" ve/veya ""%50'sini Şimdi Kalanı Tatile 7 Gün Kala Öde!"" kampanyaları ile birleştirilemez.",2026-08-10T13:45:46+00:00
6364,410,shopping_points,,,7500.0,120000.0,,"Altın Puan, Worldpuan, ParafPara, Bankkart Lira veya alışveriş puanı",Tatilbudurda 7500 Tlye Varan Worldpuan 3 TatilBudur'da 7.500 TL’ye varan Worldpuan!,2026-08-10T13:45:46+00:00
6365,410,installment,,,,120000.0,,12 taksit,"1-31 Ağustos 2026 tarihleri arasında Tatilbudur.com, TatilBudur sı ,TatilBudur çağrı merkezi ve acenteler üzerinden tek seferde yapılacak peşin, 3 taksitli veya 6 taksitli alışverişlerde seçili yurt içi ve Kuzey Kıbrıs otel, yurt dışı tur rezervasyonlarında geçerli;",2026-08-10T13:45:46+00:00
6366,410,pos_advantage,,,,120000.0,,"POS komisyon, bloke veya ek taksit avantajı","Bu kampanyamıza katılımınızla birlikte, tarafınıza ait kredi ve banka kartı işlem verileriniz, 1-31 Ağustos 2026 tarihleri arasında Bankalara ait sanal POS'tan toplanacaktır.",2026-08-10T13:45:46+00:00
6385,411,installment,,,,,,3 taksit,Casper.com.tr'de Peşin Fiyatına 3 Taksit Fırsatı!,2026-08-10T13:45:46+00:00
6392,412,installment,,,,6000.0,,12 taksit,Hepsiburada'da Peşin Fiyatına 6 Aya Varan Taksit Fırsatı!,2026-08-10T13:45:46+00:00
6407,413,installment,,,,,,3 taksit,PttAVM.com'da Peşin Fiyatına 3 Taksit Fırsatı!,2026-08-10T13:45:46+00:00
6409,414,installment,,,,,,9 taksit,Schafer Mağazalarında Vade Farksız 9 Aya Varan Taksit Fırsatı!,2026-08-10T13:45:46+00:00
6402,415,installment,,,,,,12 taksit,Paraf ile Yenilio'da Peşin Fiyatına 12 Aya Varan Taksit Fırsatı!,2026-08-10T13:45:46+00:00
6582,417,reward,750.0,,,500.0,75.0,Ödül veya hediye tutarı,Harcamanda toplam 750 TL kazan!” sayfasında bulunan “Katıl” butonuna tıklanması gerekmektedir.,2026-08-10T13:45:46+00:00
6580,418,installment,,,,,,3 taksit,A101 Ekstra’da tüm cep telefonlarına Peşin Fiyatına 3 Taksit!,2026-08-10T13:45:46+00:00
6583,419,cashback,125.0,3.0,,,,Nakit iade avantajı,A101’de her alışverişte %3'e varan nakit iade!,2026-08-10T13:45:46+00:00
6581,420,installment,,,,,,3 taksit,A101 Ekstra’da tüm cep telefonlarına Peşin Fiyatına 3 Taksit!,2026-08-10T13:45:46+00:00
6584,421,cashback,250.0,10.0,,,,Nakit iade avantajı,A101’lerde meyve sebze alışverişlerinde %10 nakit iade!,2026-08-10T13:45:46+00:00
6585,422,reward,10000.0,,,,10000.0,Ödül veya hediye tutarı,"Kulüp kapsamında aranan minimum 10.000 TL Günlük Kazandıran Hesap bakiyesi, her ayın 15.",2026-08-10T13:45:46+00:00
6642,423,cashback,250.0,10.0,,1000.0,,Nakit iade avantajı,Üstelik Çok Kazananlar Kulübü’ne Özel %10 iade!,2026-08-10T13:45:46+00:00
6643,423,reward,125.0,,,1000.0,125.0,Ödül veya hediye tutarı,"Hadi Kredi Kartı ile günlük en fazla 50 TL, aylık ise en fazla 100 TL,Hadi Black Kartı ile günlük en fazla 50 TL, aylık 125 TL kazanılabilir.",2026-08-10T13:45:46+00:00
6608,424,installment,,,,,,36 taksit,Hadi Taksitli Alışveriş Kredisi ile Bellona Mağazalarında 36 Aya Varan Taksit!,2026-08-10T13:45:46+00:00
6586,425,discount,,15.0,,,,%15 indirim,Kampanya etkinlik biletlerinde sepette %15 indirim sağlar.,2026-08-10T13:45:46+00:00
6587,426,discount,40.0,,,,40.0,40 TL indirim,Bilet.com’da Otobüs Biletlerinde 40 TL İndirim!,2026-08-10T13:45:46+00:00
6650,427,cashback,,50.0,,,,Nakit iade avantajı,"Tüm marketlerde %5 yerine %10 iade Tüm restoranlarda %7,5 yerine %15 iade Tüm akaryakıtta %5 yerine %10 iade Tüm Pegasus’ta %50 iade Tüm giyimde vade farksız 3 yerine 6 taksit Tüm detay ve koşullar için Çok Kazananlar Kulübü sayfasını ziyaret edebilirsin.",2026-08-10T13:45:46+00:00
6651,427,installment,,,,,,6 taksit,"Tüm marketlerde %5 yerine %10 iade Tüm restoranlarda %7,5 yerine %15 iade Tüm akaryakıtta %5 yerine %10 iade Tüm Pegasus’ta %50 iade Tüm giyimde vade farksız 3 yerine 6 taksit Tüm detay ve koşullar için Çok Kazananlar Kulübü sayfasını ziyaret edebilirsin.",2026-08-10T13:45:46+00:00
6615,428,installment,,,,,,3 taksit,Hadi Taksitli Kredi ile derin dondurucu ve klimalarda PEŞİN FİYATINA 3 TAKSİT!,2026-08-10T13:45:46+00:00
6590,429,cashback,500.0,50.0,,,50.0,Nakit iade avantajı,Dijital Platform ve Yapay Zeka Ödemelerinde %50'ye varan iade!,2026-08-10T13:45:46+00:00
6591,430,installment,,,,,,6 taksit,Eczanelerde Hadi Sağlık Kredisi ile %0 Vade Farkı ile 6 taksit!,2026-08-10T13:45:46+00:00
6593,431,cashback,250.0,10.0,,,250.0,Nakit iade avantajı,Eve alışverişlerinde %10 nakit iade!,2026-08-10T13:45:46+00:00
6594,432,installment,,,,,,6 taksit,Giyim Alışverişlerinde Vade Farksız 3 Taksit!,2026-08-10T13:45:46+00:00
6595,433,installment,,,,,,15 taksit,Hadi Alışveriş Kredisi ile Çetmen Mağazalarına Özel 15 Taksit!,2026-08-10T13:45:46+00:00
6597,434,discount,,30.0,,,,%30 indirim,Hadi Black Kredi Kartı ile Restoderm’de %30 indirim!,2026-08-10T13:45:46+00:00
6599,436,cashback,2500.0,50.0,,,2500.0,Nakit iade avantajı,Hadi Black Kredi Kartı ile tüm Pegasus uçuşlarında %50 iade!,2026-08-10T13:45:46+00:00
6598,437,discount,,20.0,,,,%20 indirim,Hadi Black Kredi Kartı ile Zorlu PSM'nin düzenlediği etkinliklerde %20 indirim!,2026-08-10T13:45:46+00:00
6624,438,cashback,25.0,,,,,Nakit iade avantajı,"Kampanyadan 25 TL nakit iade kazanabilmek için, başka bir bankadaki kendine ait hesaptan en az 250 TL para transferinin kampanya tarihleri arasında ve görüntülü görüşme yapılan gün içinde yapılması gerekmektedir.",2026-08-10T13:45:46+00:00
6625,438,reward,25.0,,,,25.0,Ödül veya hediye tutarı,Hesabını Aktifleştirmek için Göndereceğin İlk 250 TL Alışverişine Özel 25 TL Kazan (GEÇMİŞ KAMPANYA) | TOM Bank Hadi Kampanya Tarihleri 08 Kasım - 30 Kasım 2024 Bu kampanya sona ermiştir.,2026-08-10T13:45:46+00:00
6626,439,cashback,25.0,,,,,Nakit iade avantajı,"Kampanyadan 25 TL nakit iade kazanabilmek için, başka bir bankadaki kendine ait hesaptan en az 250 TL para transferinin kampanya tarihleri arasında ve görüntülü görüşme yapılan gün içinde yapılması gerekmektedir.",2026-08-10T13:45:46+00:00
6627,439,reward,25.0,,,,25.0,Ödül veya hediye tutarı,Hesabını aktifleştirmek için göndereceğin ilk 250 TL’ye 25 TL kazan!,2026-08-10T13:45:46+00:00
6628,440,cashback,50.0,,,,,Nakit iade avantajı,"Kampanyadan 50 TL nakit iade kazanabilmek için, başka bir bankadaki kendine ait hesaptan en az 500 TL para transferinin kampanya tarihleri arasında ve görüntülü görüşme yapılan gün içinde yapılması gerekmektedir.",2026-08-10T13:45:46+00:00
6629,440,reward,50.0,,,,50.0,Ödül veya hediye tutarı,Hesabını aktifleştirmek için göndereceğin ilk 500 TL’ye 50 TL kazan!,2026-08-10T13:45:46+00:00
6600,441,discount,500.0,,,500.0,500.0,500 TL indirim,(GEÇMİŞ KAMPANYA) | TOM Bank Hadi Kampanya Tarihleri 20 Aralık - 28 Şubat 2025 Kampanya Detayları Daha fazla göster Masterpass’e kayıtlı Mastercard® logolu Hadi Kredi Kartı veya Hadi Hesap Kartı ile flormar.com.tr veya Flormar sından yapılan 500 TL ve üzeri alışverişlerde 200 TL indirim uygulanacaktır.,2026-08-10T13:45:46+00:00
6601,442,discount,250.0,,,,250.0,250 TL indirim,Hadi Kartların ile uçak biletlerinde 250 TL İndirim!,2026-08-10T13:45:46+00:00
6602,443,discount,,40.0,,,,%40 indirim,Hadi Kredi Kartı ile AllDayEsim alışverişlerinde %40 indirim!,2026-08-10T13:45:46+00:00
6603,444,discount,2000.0,,,2000.0,2000.0,2.000 TL indirim,"(GEÇMİŞ KAMPANYA) | TOM Bank Hadi Kampanya Tarihleri 05 Aralık - 15 Ocak 2025 Masterpass’e kayıtlı Hadi Mastercard® kredi kartı, banka kartı veya ön ödemeli kart ile www.koton.com veya Koton sından yapılan 2.000 TL ve üzeri alışverişlerde 500 TL indirim uygulanacaktır.",2026-08-10T13:45:46+00:00
6630,446,cashback,2000.0,,,10000.0,2000.0,Nakit iade avantajı,Kampanya kapsamında en fazla 2000 TL iade kazanılabilir.,2026-08-10T13:45:46+00:00
6631,446,reward,2000.0,,,10000.0,2000.0,Ödül veya hediye tutarı,"Kredi Kartı limitini artır, harcamalarından toplam 2000 TL’ye kadar A101 hediye bakiye kazan!",2026-08-10T13:45:46+00:00
6604,448,discount,200.0,,,1500.0,200.0,200 TL indirim,"Hadi Kredi Kartı'nı Trendyol'a kaydet, 200 TL indirim kuponu kazan!",2026-08-10T13:45:46+00:00
6605,449,installment,,,,,,15 taksit,Hadi Mağazadan Alışveriş Kredisi ile Alpi Diş Hastanelerinde 15 Taksit!,2026-08-10T13:45:46+00:00
6606,450,installment,,,,,,15 taksit,Hadi Mağazadan Alışveriş Kredisi ile Konfor Mağazalarına Özel 15 Taksit!,2026-08-10T13:45:46+00:00
6607,451,installment,,,,,,12 taksit,Hadi Mağazadan Alışveriş Kredisi ile Samsung Beyaz Eşya Alışverişlerine 12 Taksit!,2026-08-10T13:45:46+00:00
6609,452,installment,,,,,,36 taksit,Hadi Taksitli Alışveriş Kredisi ile Mondi Mağazalarında 36 Aya Varan Taksit!,2026-08-10T13:45:46+00:00
6611,453,cashback,250.0,,,2500.0,,Nakit iade avantajı,Hadi Taksitli Kredi ile 2.500 TL ve üzeri harcamalarında 250 TL nakit iade!,2026-08-10T13:45:46+00:00
6612,453,installment,,,,2500.0,,2 taksit,Hadi Taksitli Kredi ile 2.500 TL ve üzeri harcamalarında 250 TL nakit iade!,2026-08-10T13:45:46+00:00
6617,454,installment,,,,,,12 taksit,Hadi Taksitli Sağlık Kredisi sağlık harcamalarında da yanında!,2026-08-10T13:45:46+00:00
6618,455,cashback,5000.0,,,,,Nakit iade avantajı,müşteri Hadi Veresiye Yılın Kampanyasından 3.000 TL harcayarak 250 veya 5.000 TL harcayarak 500 TL nakit iade kazanırsa;,2026-08-10T13:45:46+00:00
6619,455,reward,1000.0,,,,1000.0,Ödül veya hediye tutarı,Hadi Veresiye ile 1.000 TL harca 100 TL kazan!,2026-08-10T13:45:46+00:00
6620,456,cashback,250.0,,,,,Nakit iade avantajı,Her müşteri kampanyadan 1 kez faydalanabilir ve kampanya kapsamında en fazla 250 TL nakit iade kazanılabilir.,2026-08-10T13:45:46+00:00
6621,456,reward,250.0,,,,250.0,Ödül veya hediye tutarı,Hadi Veresiye ile toplam 10.000 TL harca ek 250 TL kazan!,2026-08-10T13:45:46+00:00
6647,457,cashback,500.0,,,3000.0,,Nakit iade avantajı,Kampanyadan her müşteri yalnızca 1 kez faydalanabilir ve en fazla 500 TL nakit iade kazanabilir.,2026-08-10T13:45:46+00:00
6648,457,reward,5000.0,,,3000.0,5000.0,Ödül veya hediye tutarı,"A101'de Hadi Veresiye ile Toplam 5.000 TL Harcamana,500 TL Kazan!(GEÇMİŞ KAMPANYA) | TOM Bank Hadi Kampanya Tarihleri 01 Kasım - 31 Aralık 2024 Bu kampanya sona ermiştir.",2026-08-10T13:45:46+00:00
6622,459,cashback,300.0,15.0,,750.0,300.0,Nakit iade avantajı,Üstelik Çok kazananlar Kulübü’ne özel %15 iade!,2026-08-10T13:45:46+00:00
6623,459,reward,600.0,,,750.0,300.0,Ödül veya hediye tutarı,"Kulüp üyeleri, günlük en fazla 150 TL, bir takvim ayında ise en fazla 600 TL kazanabilir.",2026-08-10T13:45:46+00:00
6610,460,installment,,,,,,36 taksit,Hadi Taksitli Alışveriş Kredisi ile İstikbal Mağazalarında 36 Aya Varan Taksit!,2026-08-10T13:45:46+00:00
6632,462,cashback,15000.0,,,15000.0,500.0,Nakit iade avantajı,"| TOM Bank Hadi Kampanya Bilgileri 30 Haziran’a kadar Hadi Kredi Kartlarının limitini en az 20.000 TL artır, toplam 15.000 TL harcamana 500 TL iade kazan!",2026-08-10T13:45:46+00:00
6633,464,discount,100.0,,,,100.0,100 TL indirim,"(GEÇMİŞ KAMPANYA) | TOM Bank Hadi Kampanya Tarihleri 13 Mart - 22 Mart 2025 Kampanya Detayları Daha fazla göster 13 Ocak – 22 Mart tarihleri arasında Masterpass’e kayıtlı Mastercard logolu Hadi kredi kartı, hesap kartı veya ön ödemeli kartları ile ödeme yapan kullanıcılara özel ilk Martı sürüşlerinde 100 TL’ye kadar indirim uygulanacaktır.",2026-08-10T13:45:46+00:00
6649,465,installment,,,,,,12 taksit,"memorial-hastanesinde-hadi-taksitli-kredi-ile-tedavi-ol-kolayca-ode | TOM Bank Hadi Hadi Taksitli Sağlık Kredisi ile Memorial harcamaların %0,99 vade farkına 3 taksit!",2026-08-10T13:45:46+00:00
6616,466,installment,,,,,,3 taksit,Hadi Taksitli Kredi ile mobilya ve bisikletlerde PEŞİN FİYATINA 3 TAKSİT!,2026-08-10T13:45:46+00:00
6652,467,miles,,,5.0,,,5 Mil'e kadar,"1 Milyon TL ye kadar yapacakları Özel Okul Ödemelerinde kampanya süresi boyunca her gün, Mega Günlük Hesabında 1 Milyon TL birikim bulunması veya toplam açık kredi (Taksitli veya Veresiye Kredi) bakiyesinin 1 Milyon TL olması halinde vade farkı iadesi harcama yapılan kredi kartına yapılacaktır.",2026-08-10T13:45:46+00:00
6653,467,installment,,,,,,10 taksit,Özel okul ödemelerinde vade farksız tam 10 taksit!,2026-08-10T13:45:46+00:00
6634,468,cashback,3500.0,50.0,,,3500.0,Nakit iade avantajı,"Kampanyadan yararlanabilmek için, Pegasus internet sitesi ve Pegasus sı üzerinden Hadi Black Kredi Kartı ile yapılan harcamaların %50’ye varan tutar ilgili karta iade edilir.",2026-08-10T13:45:46+00:00
6635,469,installment,,,,,,3 taksit,Petrol Ofisi harcamalarında Hadi Taksitli Alışveriş Kredisi yanında!,2026-08-10T13:45:46+00:00
6636,470,cashback,10000.0,22.5,,,10000.0,Nakit iade avantajı,Özel Bankacılık Hadi birikim segmentine göre restoranlarda %22.5’e varan iade ile ayda 10.000 TL’ye kadar iade kazanman mümkün!,2026-08-10T13:45:46+00:00
6588,471,reward,10000.0,,,,10000.0,Ödül veya hediye tutarı,"Kulüp kapsamında aranan minimum 10.000 TL Günlük Kazandıran Hesap bakiyesi, her ayın 15.",2026-08-10T13:45:46+00:00
6589,471,installment,,,,,,3 taksit,Cep telefonlarında Çok Kazananlar Kulübü’ne Özel Taksitli Alışveriş Kredisi Vade Farksız 3 Taksit!,2026-08-10T13:45:46+00:00
6641,472,reward,10000.0,,,,10000.0,Ödül veya hediye tutarı,Çok Kazananlar Kulübü faydalarından yararlanmak için Hadi Black Kredi Kartı’na sahip olmalı ve minimum 10.000 TL tutarında Günlük Kazandıran Hesap açılışını gerçekleştirmiş olmalısın.,2026-08-10T13:45:46+00:00
6638,476,installment,,,,,,6 taksit,| TOM Bank Hadi Hadi Kredi Kartlarınla 5.000 TL’ye kadar olan eczane harcamalarını %0 vade farkı ile 3 aya kadar sonradan taksitlendir.,2026-08-10T13:45:46+00:00
6639,480,installment,,,,,,12 taksit,| TOM Bank Hadi 01.04.26-31.04.26 tarihleri arasında Hadi Alışveriş Kredisi ile Samsung S26 serisi cep telefonlarında peşin fiyatına 3 taksit fırsatı anlaşmalı Samsung mağazalarında seni bekliyor!,2026-08-10T13:45:46+00:00
6640,481,installment,,,,,,6 taksit,| TOM Bank Hadi Hadi Kredi Kartlarınla 50.000 TL’ye kadar olan sigorta ödemelerini %0 vade farkı ile 3 aya kadar sonradan taksitlendir.,2026-08-10T13:45:46+00:00
6637,484,installment,,,,,,12 taksit,TOM Bank Hadi Taksitli Alışveriş Kredisi ile Samsung cep telefonlarında 3 Taksit Fırsatı!,2026-08-10T13:45:46+00:00
6592,485,cashback,750.0,10.0,,,750.0,Nakit iade avantajı,English Home alışverişlerinde %10 nakit iade!,2026-08-10T13:45:46+00:00
6644,486,cashback,25000.0,10.0,,,,Nakit iade avantajı,Çok kazananlar Kulübü Üyelerine Özel %10 İade!,2026-08-10T13:45:46+00:00
6613,487,installment,,,,,,3 taksit,Hadi Taksitli Kredi ile A101 Ekstra’da Tüm Ürünlerde Peşin Fiyatına 3 Taksit!,2026-08-10T13:45:46+00:00
6614,488,installment,,,,,,3 taksit,Hadi Taksitli Kredi ile TV ve beyaz eşya kategorisinde Peşin Fiyatına 3 Taksit!🤩 (GEÇMİŞ KAMPANYA) | TOM Bank Hadi Kampanya Tarihleri 17 Mart - 31 Mart 2025 Kampanya Detayları Kampanya 17-31 Mart 2025 tarihleri arasında geçerlidir.,2026-08-10T13:45:46+00:00
6645,489,cashback,3500.0,22.5,,,,Nakit iade avantajı,Özel Bankacılık Hadi birikim segmentine göre uçak bileti alımlarında %22.5’e varan iade ile ayda 3.500 TL’ye kadar iade kazanman mümkün!,2026-08-10T13:45:46+00:00
6646,489,reward,3500.0,,,,3500.0,Ödül veya hediye tutarı,Uçak bileti alımlarında ayda 3.500 TL kazan!,2026-08-10T13:45:46+00:00
6596,490,installment,,,,,,3 taksit,Hadi Black Kredi Kartı ile MTV Ödemelerinde Vade Farksız 3 taksit fırsatını kaçırma!,2026-08-10T13:45:46+00:00
6667,491,cashback,500.0,50.0,,,,Nakit iade avantajı,İNCELE İlk Harcamanızın Yarısı İade!,2026-08-10T13:45:46+00:00
6654,492,shopping_points,,,400.0,1500.0,,"Altın Puan, Worldpuan, ParafPara, Bankkart Lira veya alışveriş puanı",Akaryakıt Harcamalarınıza 400 TL ParafPara!,2026-08-10T13:45:46+00:00
6655,492,reward,400.0,,,1500.0,400.0,Ödül veya hediye tutarı,"Kampanya müşteri bazlı olup, bir müşteri kampanyaya bir kez katılabilir ve en fazla 400 TL ParafPara kazanabilir.",2026-08-10T13:45:46+00:00
6656,493,shopping_points,,,5000.0,150000.0,,"Altın Puan, Worldpuan, ParafPara, Bankkart Lira veya alışveriş puanı",Beyaz Eşya ve Elektronik Alışverişlerinize 5.000 TL'ye varan ParafPara!,2026-08-10T13:45:46+00:00
6657,494,discount,,20.0,,,,%20 indirim,"Kupon kodu, tüm kategorilerde sepette "" %20 "" indirim sağlar.",2026-08-10T13:45:46+00:00
6658,495,shopping_points,,,200.0,250.0,,"Altın Puan, Worldpuan, ParafPara, Bankkart Lira veya alışveriş puanı",Elektrikli Araç Şarj İstasyonu Harcamalarınıza 200 TL ParafPara!,2026-08-10T13:45:46+00:00
6659,495,reward,200.0,,,250.0,200.0,Ödül veya hediye tutarı,"Kampanya müşteri bazlı olup, bir müşteri kampanyaya bir kez katılabilir ve en fazla 200 TL ParafPara kazanabilir.",2026-08-10T13:45:46+00:00
6660,496,discount,,25.0,,,,%25 indirim,Kampanyanın Avantajları: İndirimli Kiralık Kasa: Kiralık kasa hizmetimizde komisyon fiyatlarımızdan %25 indirimli olarak kiralık kasa kullanabileceklerdir.,2026-08-10T13:45:46+00:00
6661,496,shopping_points,,,5.0,,,"Altın Puan, Worldpuan, ParafPara, Bankkart Lira veya alışveriş puanı",,2026-08-10T13:45:46+00:00
6662,497,cashback,500.0,50.0,,,,Nakit iade avantajı,Kampanya süresi boyunca yapılacak ilk harcamanın %50’si nakit iade olarak müşterilere yansıtılacaktır.,2026-08-10T13:45:46+00:00
6663,498,discount,,35.0,,,,%35 indirim,Kampanya Koşulları Liste fiyatı üzerinden %35 indirim kampanyası 31.12.2026 tarihine kadar Türkiye’deki tüm Enterprise ofislerinde online kiralamalarda geçerlidir.,2026-08-10T13:45:46+00:00
6664,499,shopping_points,,,2500.0,,,"Altın Puan, Worldpuan, ParafPara, Bankkart Lira veya alışveriş puanı",Giyim ve Kozmetik Alışverişlerinize 2.500 TL ParafPara!,2026-08-10T13:45:46+00:00
6665,499,reward,2500.0,,,,2500.0,Ödül veya hediye tutarı,"Üstelik mobil/QR ile ödemelerinize özel 3.000 TL ve üzeri her işleme ekstra 50 TL, toplamda 2.500 TL ParafPara kazanılabilecektir.",2026-08-10T13:45:46+00:00
6666,500,discount,,20.0,,,,%20 indirim,Hızlı Çiçek’te Tüm İndirimlere Ek %20 İndirim Fırsatı!,2026-08-10T13:45:46+00:00
6668,501,discount,,15.0,,,,%15 indirim,Marina Mayo’da Tüm Ürünlerde %15 İndirim!,2026-08-10T13:45:46+00:00
6669,502,shopping_points,,,2000.0,2500.0,,"Altın Puan, Worldpuan, ParafPara, Bankkart Lira veya alışveriş puanı",Market Alışverişlerinize 2.000 TL ParafPara Hediye!,2026-08-10T13:45:46+00:00
6670,502,reward,2000.0,,,2500.0,2000.0,Ödül veya hediye tutarı,Market Alışverişlerinize 2.000 TL ParafPara Hediye!,2026-08-10T13:45:46+00:00
6671,503,shopping_points,,,800.0,7500.0,,"Altın Puan, Worldpuan, ParafPara, Bankkart Lira veya alışveriş puanı",Market Alışverişlerinize 800 TL ParafPara Hediye!,2026-08-10T13:45:46+00:00
6672,503,reward,800.0,,,7500.0,800.0,Ödül veya hediye tutarı,Market Alışverişlerinize 800 TL ParafPara Hediye!,2026-08-10T13:45:46+00:00
6673,504,shopping_points,,,6000.0,100000.0,,"Altın Puan, Worldpuan, ParafPara, Bankkart Lira veya alışveriş puanı",Metatechtr’de Peşin Fiyatına 9 aya varan taksit ve 6.000 TL’ye varan ParafPara!,2026-08-10T13:45:46+00:00
6674,504,reward,6000.0,,,100000.0,6000.0,Ödül veya hediye tutarı,Her müşteri kampanyadan ilk işlemi ile sadece bir kez yararlanabilir ve en fazla 6.000 TL ParafPara kazanabilir.,2026-08-10T13:45:46+00:00
6675,504,installment,,,,100000.0,,9 taksit,Metatechtr’de Peşin Fiyatına 9 aya varan taksit ve 6.000 TL’ye varan ParafPara!,2026-08-10T13:45:46+00:00
6676,505,shopping_points,,,1250.0,,,"Altın Puan, Worldpuan, ParafPara, Bankkart Lira veya alışveriş puanı","Mobilya, Dekorasyon ve Yapı Marketi Alışverişinize 1.250 TL'ye Varan ParafPara!",2026-08-10T13:45:46+00:00
6677,505,reward,1250.0,,,,1250.0,Ödül veya hediye tutarı,Kampanya müşteri bazlı olup bir müşteri kampanyadan bir defa yararlanabilir ve kampanyadan en fazla 1.250 TL ParafPara kazanabilir.,2026-08-10T13:45:46+00:00
6678,506,discount,,15.0,,1500.0,,%15 indirim,1.500 TL ve üzeri alışverişlerinizde liste fiyatları üzerinden %15 indirim sağlanır.,2026-08-10T13:45:46+00:00
6679,507,installment,,,,300.0,,6 taksit,Paraf ile A101’de Vade Farksız 6 Aya Varan Taksit Fırsatı!,2026-08-10T13:45:46+00:00
6681,508,shopping_points,,,1000.0,10000.0,,"Altın Puan, Worldpuan, ParafPara, Bankkart Lira veya alışveriş puanı",Paraf ile ADV mağazalarında 1.000 TL ParafPara Kampanyaya Nasıl Katılırım?,2026-08-10T13:45:46+00:00
6682,508,reward,1000.0,,,10000.0,1000.0,Ödül veya hediye tutarı,Kampanya dönemi boyunca bir müşteri sadece bir kez 1.000 TL ParafPara kazanabilecektir.,2026-08-10T13:45:46+00:00
6680,509,installment,,,,,,6 taksit,Paraf ile ADV Mağazalarında 6 Taksit!,2026-08-10T13:45:46+00:00
6683,510,installment,,,,,,8 taksit,Paraf ile Alfemo’da 8 Taksit Fırsatı!,2026-08-10T13:45:46+00:00
6684,511,installment,,,,,,6 taksit,Paraf ile Casper.com.tr'de Peşin Fiyatına 6 Taksit Fırsatı!,2026-08-10T13:45:46+00:00
6685,512,installment,,,,,,12 taksit,Paraf ile Copa’da 12 Aya Varan Taksit!,2026-08-10T13:45:46+00:00
6688,513,shopping_points,,,2000.0,30000.0,,"Altın Puan, Worldpuan, ParafPara, Bankkart Lira veya alışveriş puanı",Paraf ile Damat Tween’de 2.000 TL ParafPara!,2026-08-10T13:45:46+00:00
6689,513,reward,2000.0,,,30000.0,2000.0,Ödül veya hediye tutarı,Kampanya dönemi boyunca bir müşteri sadece bir kez 2.000 TL ParafPara kazanabilecektir.,2026-08-10T13:45:46+00:00
6690,514,installment,,,,,,6 taksit,Paraf ile Damat Tween’de 6 Aya Varan Taksit Fırsatı!,2026-08-10T13:45:46+00:00
6691,515,installment,,,,,,9 taksit,Paraf ile DemirDöküm'de 9 Taksit Fırsatı!,2026-08-10T13:45:46+00:00
6692,515,pos_advantage,,,,,,"POS komisyon, bloke veya ek taksit avantajı",31 Ağustos 2026 tarihine kadar Paraf üyesi DemirDöküm sanal POS’u üzerinden işlemlere vade farksız 9 ay taksit imkanı sunulacaktır.,2026-08-10T13:45:46+00:00
6693,516,installment,,,,,,4 taksit,Paraf ile Divarese’de 4 Taksit Fırsatı!,2026-08-10T13:45:46+00:00
6686,517,shopping_points,,,1000.0,20000.0,,"Altın Puan, Worldpuan, ParafPara, Bankkart Lira veya alışveriş puanı",Paraf ile DS Damat’ta 1.000 TL ParafPara!,2026-08-10T13:45:46+00:00
6687,517,reward,1000.0,,,20000.0,1000.0,Ödül veya hediye tutarı,Kampanya dönemi boyunca bir müşteri sadece bir kez 1.000 TL ParafPara kazanabilecektir.,2026-08-10T13:45:46+00:00
6695,518,installment,,,,,,6 taksit,Paraf ile D’S Damat’ta 6 Aya Varan Taksit Fırsatı!,2026-08-10T13:45:46+00:00
6694,519,installment,,,,,,9 taksit,Paraf ile Dyson’da 9 Aya Varan Taksit!,2026-08-10T13:45:46+00:00
6696,520,installment,,,,,,4 taksit,Paraf ile Evidea’da 4 Taksit Fırsatı!,2026-08-10T13:45:46+00:00
6697,521,installment,,,,,,9 taksit,Paraf ile Gürgençler’de Vade Farksız 9 Taksit Fırsatı!,2026-08-10T13:45:46+00:00
6724,522,discount,,15.0,,,,%15 indirim,Paraf ile İder Mobilya’da 7 Taksite %15 İndirim Fırsatı!,2026-08-10T13:45:46+00:00
6725,522,installment,,,,,,7 taksit,Paraf ile İder Mobilya’da 7 Taksite %15 İndirim Fırsatı!,2026-08-10T13:45:46+00:00
6726,523,installment,,,,,,3 taksit,Paraf ile İncehesap.com'da Peşin Fiyatına 3 Taksit Fırsatı!,2026-08-10T13:45:46+00:00
6727,524,installment,,,,,,4 taksit,Paraf ile İpekyol’da 4 Taksit Fırsatı!,2026-08-10T13:45:46+00:00
6698,525,installment,,,,,,6 taksit,Paraf ile ITOPYA.COM'da Vade Farksız 6 Taksit!,2026-08-10T13:45:46+00:00
6699,526,installment,,,,,,5 taksit,Paraf ile Kip’te 5 Taksit!,2026-08-10T13:45:46+00:00
6700,527,installment,,,,,,5 taksit,Paraf ile Koçtaş’ta 5 Taksit!,2026-08-10T13:45:46+00:00
6701,528,installment,,,,,,12 taksit,Paraf ile Monster Notebook’ta Peşin Fiyatına 12 Aya Varan Taksit Fırsatı!,2026-08-10T13:45:46+00:00
6723,529,installment,,,,,,3 taksit,Paraf ile n11'de Peşin Fiyatına 3 Aya Varan Taksit Fırsatı!,2026-08-10T13:45:46+00:00
6702,530,installment,,,,,,4 taksit,Paraf ile Network’te 4 Taksit Fırsatı!,2026-08-10T13:45:46+00:00
6703,531,installment,,,,,,4 taksit,Paraf ile Nocturne’de 4 Taksit!,2026-08-10T13:45:46+00:00
6704,532,installment,,,,600.0,,6 taksit,Paraf ile Pazarama’da Peşin Fiyatına 6 Taksit!,2026-08-10T13:45:46+00:00
6705,533,installment,,,,,,3 taksit,Paraf ile Porland’da Peşin Fiyatına 3 Taksit!,2026-08-10T13:45:46+00:00
6706,534,installment,,,,,,5 taksit,Paraf ile Ramsey’de 5 Taksit Fırsatı!,2026-08-10T13:45:46+00:00
6707,535,installment,,,,,,9 taksit,Paraf ile Schafer’de Peşin Fiyatına 9 Taksit!,2026-08-10T13:45:46+00:00
6708,536,shopping_points,,,1500.0,30000.0,,"Altın Puan, Worldpuan, ParafPara, Bankkart Lira veya alışveriş puanı",Paraf ile Seçili E-Ticaret Alışverişlerinize 1.500 TL'ye varan ParafPara!,2026-08-10T13:45:46+00:00
6709,536,reward,1500.0,,,30000.0,1500.0,Ödül veya hediye tutarı,Bir müşteri kampanyadan bir defa yararlanabilir ve en fazla 1.500 TL ParafPara kazanabilir.,2026-08-10T13:45:46+00:00
6710,537,shopping_points,,,2000.0,3000.0,,"Altın Puan, Worldpuan, ParafPara, Bankkart Lira veya alışveriş puanı",Paraf ile Seçili E-Ticaret Alışverişlerinize 2.000 TL'ye varan ParafPara!,2026-08-10T13:45:46+00:00
6711,538,installment,,,,,,9 taksit,Paraf ile Touristica.com.tr’de Peşin Fiyatına 9 Taksit!,2026-08-10T13:45:46+00:00
6712,539,installment,,,,1000.0,,9 taksit,Paraf ile Trendyol'da Peşin Fiyatına 9 Taksit Fırsatı!,2026-08-10T13:45:46+00:00
6713,540,installment,,,,,,4 taksit,Paraf ile Twist’te 4 Taksit!,2026-08-10T13:45:46+00:00
6714,541,installment,,,,,,9 taksit,Paraf ile Vaillant’ta 9 Aya Varan Taksit!,2026-08-10T13:45:46+00:00
6715,541,pos_advantage,,,,,,"POS komisyon, bloke veya ek taksit avantajı",31 Ağustos 2026 tarihine kadar Paraf üyesi Vaillant sanal POS’u üzerinden yapılan işlemlere vade farksız 9 ay taksit imkanı sunulacaktır.,2026-08-10T13:45:46+00:00
6716,542,installment,,,,,,6 taksit,Paraf ile Vatan’da Peşin Fiyatına 6 Aya Varan Taksit Fırsatı!,2026-08-10T13:45:46+00:00
6717,543,installment,,,,,,9 taksit,Paraf ile Vestel’de 9 Aya Varan Taksit Fırsatı!,2026-08-10T13:45:46+00:00
6718,544,installment,,,,,,5 taksit,Paraf ile Vivense’de 5 Taksit Fırsatı!,2026-08-10T13:45:46+00:00
6719,545,installment,,,,,,4 taksit,Paraf ile Yargıcı Mağazalarında 4 Taksit Fırsatı!,2026-08-10T13:45:46+00:00
6720,546,installment,,,,,,8 taksit,Paraf ile Yataş’ta 8 Taksit Fırsatı!,2026-08-10T13:45:46+00:00
6721,547,installment,,,,,,12 taksit,Paraf ile Yenilio’da 12 Aya Varan Taksit Fırsatı!,2026-08-10T13:45:46+00:00
6722,548,installment,,,,,,6 taksit,Paraf ile Zsa Zsa Zsu Mağazalarında Peşin Fiyatına 6 Taksit!,2026-08-10T13:45:46+00:00
6728,549,discount,,10.0,,,,%10 indirim,"Paraf'a Özel Yolcu360'ta Yurt İçi Araç Kiralamalarına Net %10 İndirim, Üstelik Peşin Fiyatına 3 Taksit 31 Ağustos 2026 tarihine kadar, Paraf kredi kartlarına özel yurt içi araç kiralamalarında net 10% indirim, üstelik peşin fiyatına 3 taksit fırsatı.",2026-08-10T13:45:46+00:00
6729,549,installment,,,,,,3 taksit,"Paraf'a Özel Yolcu360'ta Yurt İçi Araç Kiralamalarına Net %10 İndirim, Üstelik Peşin Fiyatına 3 Taksit 31 Ağustos 2026 tarihine kadar, Paraf kredi kartlarına özel yurt içi araç kiralamalarında net 10% indirim, üstelik peşin fiyatına 3 taksit fırsatı.",2026-08-10T13:45:46+00:00
6730,550,discount,1000.0,,,1000.0,1000.0,1.000 TL indirim,"TROY logolu Emlak Katılım Debit, Emlak Katılım Paraf ve Emlak Katılım Paraf Premium ile Pazarama’da tek seferde 1.000 TL ve üzeri alışverişe 200 TL indirim!",2026-08-10T13:45:46+00:00
6731,551,discount,,40.0,,,,%40 indirim,RentGo'da %40 İndirim Fırsatı!,2026-08-10T13:45:46+00:00
6732,552,shopping_points,,,3500.0,,,"Altın Puan, Worldpuan, ParafPara, Bankkart Lira veya alışveriş puanı",Seyahat Alışverişlerinize 3.500 TL'ye varan ParafPara!,2026-08-10T13:45:46+00:00
6733,552,reward,3500.0,,,,3500.0,Ödül veya hediye tutarı,"Kampanya müşteri bazlı olup, bir müşteri kampanyaya bir kez katılabilir ve en fazla 3.500 TL ParafPara kazanabilir.",2026-08-10T13:45:46+00:00
6735,553,installment,,,,,,5 taksit,Troy Apple’da vade farksız 5 aya varan taksit 31 Ağustos 2026 tarihine kadar Troy Apple mağazaları veya www.troyestore.com’de Paraf POS’undan yapılacak taksitli alışverişlerde vade farksız 5 aya varan taksit imkanı sunulacaktır.,2026-08-10T13:45:46+00:00
6734,554,discount,3000.0,,,1000.0,3000.0,3.000 TL indirim,TROY ile idefix’te 3.000 TL İndirim Fırsatı!,2026-08-10T13:45:46+00:00
6736,555,shopping_points,,,2000.0,,,"Altın Puan, Worldpuan, ParafPara, Bankkart Lira veya alışveriş puanı",Uçak Bileti Harcamalarınıza 2.000 TL ParafPara!,2026-08-10T13:45:46+00:00
