campaign_id,bank_name,campaign_name,campaign_category,source_group,source_url,start_date,end_date,current_status,listing_status,fetch_status,comparison_eligible,classification_confidence,classification_reason,first_seen_at,last_seen_at,last_checked_at,finance_type,profit_share_rate_min,profit_share_rate_max,financing_amount_min,financing_amount_max,maturity_min_months,maturity_max_months,installment_count,allocation_fee_amount,allocation_fee_rate,allocation_fee_status,expense_status,expense_details,campaign_advantage,grace_period_months
1,Albaraka Türk,8 Taksit Fırsatıyla KASKO Zamanı!,card_campaign,Genel Kampanyalar,https://albaraka.com.tr/tr/kampanyalar/detay/8-taksit-firsatiyla-kasko-zamani-3,2026-03-01,2026-12-31,active,unknown,ok,1,0.94,Kart harcamasına taksit/vade farksız avantajı bulundu.,2026-07-31T05:05:07+00:00,2026-08-10T11:17:32+00:00,2026-08-10T11:17:32+00:00,,,,,,,,,,,,,,,
2,Albaraka Türk,Akaryakıt Kampanyası,points_campaign,Genel Kampanyalar,https://albaraka.com.tr/tr/kampanyalar/detay/akaryakit-kampanyasi-2_1,2026-07-01,2026-07-31,active,unknown,ok,1,0.96,Puan avantajı bulundu.,2026-07-31T05:05:07+00:00,2026-07-31T05:19:46+00:00,2026-07-31T05:19:46+00:00,,,,,,,,,,,,,,,
393,Albaraka Türk,Akaryakıt Kampanyası,points_campaign,Genel Kampanyalar,https://albaraka.com.tr/tr/kampanyalar/detay/akaryakit-kampanyasi-troy,2026-08-01,2026-08-31,active,unknown,ok,1,0.96,Puan avantajı bulundu.,2026-08-10T06:03:45+00:00,2026-08-10T11:17:32+00:00,2026-08-10T11:17:32+00:00,,,,,,,,,,,,,,,
41,Albaraka Türk,Albaraka Mobil\u0027de Şimdi \,discount_campaign,Genel Kampanyalar,https://albaraka.com.tr/tr/kampanyalar/detay/seckin-firsatlar,2025-05-28,2026-12-31,active,unknown,ok,1,0.94,İndirim veya iade avantajı bulundu.,2026-07-31T05:05:07+00:00,2026-08-10T11:17:32+00:00,2026-08-10T11:17:32+00:00,,,,,,,,,,,,,,,
396,Albaraka Türk,Albaraka Müşterilerine Özel Marina Aquapark’ta %20 indirim!,discount_campaign,Genel Kampanyalar,https://albaraka.com.tr/tr/kampanyalar/detay/albaraka-musterilerine-ozel-marina-aquaparkta-20-indirim,2026-08-01,2026-08-31,active,unknown,ok,1,0.94,İndirim veya iade avantajı bulundu.,2026-08-10T06:03:45+00:00,2026-08-10T11:17:32+00:00,2026-08-10T11:17:32+00:00,,,,,,,,,,,,,,,
4,Albaraka Türk,Albaraka ile Geleceğim Güvende!,points_campaign,Genel Kampanyalar,https://albaraka.com.tr/tr/kampanyalar/detay/albaraka-ile-gelecegim-guvende-9,2026-07-01,2026-07-31,active,unknown,ok,1,0.96,Puan avantajı bulundu.,2026-07-31T05:05:07+00:00,2026-07-31T05:19:46+00:00,2026-07-31T05:19:46+00:00,,,,,,,,,,,,,,,
394,Albaraka Türk,Albaraka ile Geleceğim Güvende!,points_campaign,Genel Kampanyalar,https://albaraka.com.tr/tr/kampanyalar/detay/albaraka-ile-gelecegim-guvende-10,2026-08-01,2026-08-31,active,unknown,ok,1,0.96,Puan avantajı bulundu.,2026-08-10T06:03:45+00:00,2026-08-10T11:17:32+00:00,2026-08-10T11:17:32+00:00,,,,,,,,,,,,,,,
5,Albaraka Türk,Albaraka ile Kazandıran Sigorta!,points_campaign,Genel Kampanyalar,https://albaraka.com.tr/tr/kampanyalar/detay/albaraka-ile-kazandiran-sigorta-9,2026-07-01,2026-07-31,active,unknown,ok,1,0.96,Puan avantajı bulundu.,2026-07-31T05:05:07+00:00,2026-07-31T05:19:46+00:00,2026-07-31T05:19:46+00:00,,,,,,,,,,,,,,,
395,Albaraka Türk,Albaraka ile Kazandıran Sigorta!,points_campaign,Genel Kampanyalar,https://albaraka.com.tr/tr/kampanyalar/detay/albaraka-ile-kazandiran-sigorta-10,2026-08-01,2026-08-31,active,unknown,ok,1,0.96,Puan avantajı bulundu.,2026-08-10T06:03:45+00:00,2026-08-10T11:17:32+00:00,2026-08-10T11:17:32+00:00,,,,,,,,,,,,,,,
7,Albaraka Türk,Albaraka\u0027da Masraflara Son!,other_campaign,Genel Kampanyalar,https://albaraka.com.tr/tr/kampanyalar/detay/albarakada-masraflara-son,2020-01-01,2026-12-31,active,unknown,ok,1,0.84,"Kampanya ifadesiyle tutar, oran veya dönem kanıtı bulundu.",2026-07-31T05:05:07+00:00,2026-08-10T11:17:32+00:00,2026-08-10T11:17:32+00:00,,,,,,,,,,,,,,,
53,Albaraka Türk,Amazon.com.tr Harcamalarınızda World’e Özel 6 Taksit Fırsatı!,card_campaign,Albaraka World Kampanyaları,https://albaraka.com.tr/tr/world-dunyasi/detay/amazoncomtr-harcamalarinizda-worlde-ozel-6-taksit-firsati,2026-07-01,2026-08-31,active,unknown,ok,1,0.94,Kart harcamasına taksit/vade farksız avantajı bulundu.,2026-07-31T05:05:07+00:00,2026-08-10T11:17:32+00:00,2026-08-10T11:17:32+00:00,,,,,,,,,,,,,,,
54,Albaraka Türk,"Arçelik, Altus ve Beko Harcamalarınızda World’e Özel 9 Taksit Fırsatı!",card_campaign,Albaraka World Kampanyaları,https://albaraka.com.tr/tr/world-dunyasi/detay/arcelik-altus-ve-beko-harcamalarinizda-worlde-ozel-9-taksit-firsati,2026-05-01,2026-06-15,expired,unknown,ok,1,0.94,Kart harcamasına taksit/vade farksız avantajı bulundu.,2026-07-31T05:05:07+00:00,2026-08-10T11:17:32+00:00,2026-08-10T11:17:32+00:00,,,,,,,,,,,,,,,
55,Albaraka Türk,BAUHAUS Harcamalarınızda World’e Özel 3 Taksit Fırsatı!,card_campaign,Albaraka World Kampanyaları,https://albaraka.com.tr/tr/world-dunyasi/detay/bauhaus-harcamalarinizda-worlde-ozel-3-taksit-firsati,2026-07-01,2026-08-31,active,unknown,ok,1,0.94,Kart harcamasına taksit/vade farksız avantajı bulundu.,2026-07-31T05:05:07+00:00,2026-08-10T11:17:32+00:00,2026-08-10T11:17:32+00:00,,,,,,,,,,,,,,,
57,Albaraka Türk,BOSCH Harcamalarınızda World’e Özel 6 Taksit Fırsatı!,card_campaign,Albaraka World Kampanyaları,https://albaraka.com.tr/tr/world-dunyasi/detay/bosch-harcamalarinizda-worlde-ozel-6-taksit-firsati,2026-05-01,2026-06-24,expired,unknown,ok,1,0.94,Kart harcamasına taksit/vade farksız avantajı bulundu.,2026-07-31T05:05:07+00:00,2026-08-10T11:17:32+00:00,2026-08-10T11:17:32+00:00,,,,,,,,,,,,,,,
56,Albaraka Türk,Beymen Club Harcamalarınızda World’e Özel 6 Taksit Fırsatı!,card_campaign,Albaraka World Kampanyaları,https://albaraka.com.tr/tr/world-dunyasi/detay/beymen-club-harcamalarinizda-worlde-ozel-6-taksit-firsati,2026-06-01,2026-12-31,active,unknown,ok,1,0.94,Kart harcamasına taksit/vade farksız avantajı bulundu.,2026-07-31T05:05:07+00:00,2026-08-10T11:17:32+00:00,2026-08-10T11:17:32+00:00,,,,,,,,,,,,,,,
9,Albaraka Türk,Bilet.com ile Etkinlik Bileti Alımlarında İndirim!,discount_campaign,Genel Kampanyalar,https://albaraka.com.tr/tr/kampanyalar/detay/biletcom-ile-etkinlik-bileti-alimlarinda-indirim,2026-04-01,2026-12-31,active,unknown,ok,1,0.94,İndirim veya iade avantajı bulundu.,2026-07-31T05:05:07+00:00,2026-07-31T05:19:46+00:00,2026-07-31T05:19:46+00:00,,,,,,,,,,,,,,,
10,Albaraka Türk,Bilet.com ile Otel Rezervasyonlarında İndirim!,discount_campaign,Genel Kampanyalar,https://albaraka.com.tr/tr/kampanyalar/detay/biletcom-ile-otel-rezervasyonlarinda-indirim,2026-04-01,2026-12-31,active,unknown,ok,1,0.94,İndirim veya iade avantajı bulundu.,2026-07-31T05:05:07+00:00,2026-08-10T11:17:32+00:00,2026-08-10T11:17:32+00:00,,,,,,,,,,,,,,,
11,Albaraka Türk,Bilet.com ile Yunan Adaları Feribot Bileti Alımlarında İndirim!,discount_campaign,Genel Kampanyalar,https://albaraka.com.tr/tr/kampanyalar/detay/biletcom-ile-yunan-adalari-feribot-bileti-alimlarinda-indirim-1,2026-04-01,2026-12-31,active,unknown,ok,1,0.94,İndirim veya iade avantajı bulundu.,2026-07-31T05:05:07+00:00,2026-08-10T11:17:32+00:00,2026-08-10T11:17:32+00:00,,,,,,,,,,,,,,,
12,Albaraka Türk,Business Kart ile Konaklama Harcamanıza 500 TL’ye varan Worldpuan!,points_campaign,Genel Kampanyalar,https://albaraka.com.tr/tr/kampanyalar/detay/business-kart-ile-konaklama-harcamaniza-500-tlye-varan-worldpuan,2026-07-01,2026-07-31,active,unknown,ok,1,0.96,Puan avantajı bulundu.,2026-07-31T05:05:07+00:00,2026-07-31T05:19:46+00:00,2026-07-31T05:19:46+00:00,,,,,,,,,,,,,,,
58,Albaraka Türk,Civil Harcamalarınızda World’e Özel 6 Taksit Fırsatı!,card_campaign,Albaraka World Kampanyaları,https://albaraka.com.tr/tr/world-dunyasi/detay/civil-harcamalarinizda-worlde-ozel-6-taksit-firsati,2026-05-01,2026-12-31,active,unknown,ok,1,0.94,Kart harcamasına taksit/vade farksız avantajı bulundu.,2026-07-31T05:05:07+00:00,2026-08-10T11:17:32+00:00,2026-08-10T11:17:32+00:00,,,,,,,,,,,,,,,
59,Albaraka Türk,Continental Harcamalarınızda World’e Özel 6 Taksit Fırsatı!,card_campaign,Albaraka World Kampanyaları,https://albaraka.com.tr/tr/world-dunyasi/detay/continental-harcamalarinizda-worlde-ozel-6-taksit-firsati,2026-07-01,2026-08-31,active,unknown,ok,1,0.94,Kart harcamasına taksit/vade farksız avantajı bulundu.,2026-07-31T05:05:07+00:00,2026-08-10T11:17:32+00:00,2026-08-10T11:17:32+00:00,,,,,,,,,,,,,,,
60,Albaraka Türk,D&R Harcamalarınızda World’e Özel 7 Taksit Fırsatı!,card_campaign,Albaraka World Kampanyaları,https://albaraka.com.tr/tr/world-dunyasi/detay/dandr-harcamalarinizda-worlde-ozel-7-taksit-firsati,2026-05-01,2026-05-31,expired,unknown,ok,1,0.94,Kart harcamasına taksit/vade farksız avantajı bulundu.,2026-07-31T05:05:07+00:00,2026-08-10T11:17:32+00:00,2026-08-10T11:17:32+00:00,,,,,,,,,,,,,,,
13,Albaraka Türk,DASK Sigortasında Worldpuan Fırsatı!,points_campaign,Genel Kampanyalar,https://albaraka.com.tr/tr/kampanyalar/detay/dask-sigortasinda-worldpuan-firsati-2_1,2026-07-01,2026-07-31,active,unknown,ok,1,0.96,Puan avantajı bulundu.,2026-07-31T05:05:07+00:00,2026-07-31T05:19:46+00:00,2026-07-31T05:19:46+00:00,,,,,,,,,,,,,,,
397,Albaraka Türk,DASK Sigortasında Worldpuan Fırsatı!,points_campaign,Genel Kampanyalar,https://albaraka.com.tr/tr/kampanyalar/detay/dask-sigortasinda-worldpuan-firsati-2-2,2026-08-01,2026-08-31,active,unknown,ok,1,0.96,Puan avantajı bulundu.,2026-08-10T06:03:45+00:00,2026-08-10T11:17:32+00:00,2026-08-10T11:17:32+00:00,,,,,,,,,,,,,,,
51,Albaraka Türk,Davet Nasıl Gönderilir?,points_campaign,Genel Kampanyalar,https://albaraka.com.tr/tr/kampanyalar/detay/yakinini-davet-et-kampanyasi,2024-04-14,2026-12-31,active,unknown,ok,1,0.96,Puan avantajı bulundu.,2026-07-31T05:05:07+00:00,2026-08-10T11:17:32+00:00,2026-08-10T11:17:32+00:00,,,,,,,,,,,,,,,
61,Albaraka Türk,Deichmann Harcamalarınızda World’e Özel 5 Taksit Fırsatı!,card_campaign,Albaraka World Kampanyaları,https://albaraka.com.tr/tr/world-dunyasi/detay/deichmann-harcamalarinizda-worlde-ozel-5-taksit-firsati,2026-05-01,2026-12-31,active,unknown,ok,1,0.94,Kart harcamasına taksit/vade farksız avantajı bulundu.,2026-07-31T05:05:07+00:00,2026-08-10T11:17:32+00:00,2026-08-10T11:17:32+00:00,,,,,,,,,,,,,,,
14,Albaraka Türk,Dijital Katılma Hesabı’na Özel Paylaşım Oranları!,new_customer_campaign,Genel Kampanyalar,https://albaraka.com.tr/tr/kampanyalar/detay/dijital-katilma-hesabina-ozel-paylasim-oranlari-10,2026-04-01,2026-12-31,active,unknown,ok,1,0.95,Yeni müşteri avantajı bulundu.,2026-07-31T05:05:07+00:00,2026-08-10T11:17:32+00:00,2026-08-10T11:17:32+00:00,,,,,,,,,,,,,,,
27,Albaraka Türk,Dijitale Özel Konut ve Taşıt Finansmanı Kampanyası,finance_campaign,Genel Kampanyalar,https://albaraka.com.tr/tr/kampanyalar/detay/konut-ve-tasit-finansmani-kampanyasi,2026-07-31,2026-08-31,active,unknown,ok,1,0.96,Açık finansman ürünü ve somut kampanya kanıtı bulundu.,2026-07-31T05:05:07+00:00,2026-08-10T11:17:32+00:00,2026-08-10T11:17:32+00:00,Konut ve Taşıt Finansmanı,,,,,,,,,,,,,Size özel avantajlı oranlarla konut ve taşıt finansmanında fırsat zamanı!,
62,Albaraka Türk,Dyson Harcamalarınızda World'e Özel 9 Taksit Fırsatı!,card_campaign,Albaraka World Kampanyaları,https://albaraka.com.tr/tr/world-dunyasi/detay/dyson-harcamalarinizda-worlde-ozel-9-taksit-firsati,2026-05-01,2026-06-01,expired,unknown,ok,1,0.94,Kart harcamasına taksit/vade farksız avantajı bulundu.,2026-07-31T05:05:07+00:00,2026-08-10T11:17:32+00:00,2026-08-10T11:17:32+00:00,,,,,,,,,,,,,,,
16,Albaraka Türk,Eflatun Kredi Kart ile Kozmetik Harcamalarına 200 TL\u0027ye varan Worldpuan!,points_campaign,Genel Kampanyalar,https://albaraka.com.tr/tr/kampanyalar/detay/eflatun-kredi-kart-ile-kozmetik-harcamalarina-200-tlye-varan-worldpuan,2026-01-01,2026-12-31,active,unknown,ok,1,0.96,Puan avantajı bulundu.,2026-07-31T05:05:07+00:00,2026-08-10T11:17:32+00:00,2026-08-10T11:17:32+00:00,,,,,,,,,,,,,,,
17,Albaraka Türk,Eflatun’lulara Tüm Banka ATM’leri Ücretsiz,other_campaign,Genel Kampanyalar,https://albaraka.com.tr/tr/kampanyalar/detay/eflatunlulara-tum-banka-atmleri-ucretsiz,2024-08-14,2026-07-31,active,unknown,ok,1,0.84,"Kampanya ifadesiyle tutar, oran veya dönem kanıtı bulundu.",2026-07-31T05:05:07+00:00,2026-07-31T05:19:46+00:00,2026-07-31T05:19:46+00:00,,,,,,,,,,,,,,,
19,Albaraka Türk,Emekli Promosyon 2026 | 30.000 TL\u0027ye Varan Ödül!,other_campaign,Genel Kampanyalar,https://albaraka.com.tr/tr/kampanyalar/detay/emekli-promosyon-kampanyasi,2026-08-01,2026-08-31,active,unknown,ok,1,0.84,"Kampanya ifadesiyle tutar, oran veya dönem kanıtı bulundu.",2026-07-31T05:05:07+00:00,2026-08-10T11:17:32+00:00,2026-08-10T11:17:32+00:00,,,,,,,,,,,,,,,
20,Albaraka Türk,Enterprise Araç Kiralama Kampanyası,discount_campaign,Genel Kampanyalar,https://albaraka.com.tr/tr/kampanyalar/detay/enterprise-arac-kiralama-kampanyasi,2026-07-06,2026-12-31,active,unknown,ok,1,0.94,İndirim veya iade avantajı bulundu.,2026-07-31T05:05:07+00:00,2026-08-10T11:17:32+00:00,2026-08-10T11:17:32+00:00,,,,,,,,,,,,,,,
21,Albaraka Türk,Enterprise Araç Kiralama Kampanyası | %35 İndirim!,discount_campaign,Genel Kampanyalar,https://albaraka.com.tr/tr/kampanyalar/detay/enterprise-arac-kiralama-kampanyasi-35-indirim,2026-07-06,2026-12-31,active,unknown,ok,1,0.94,İndirim veya iade avantajı bulundu.,2026-07-31T05:05:07+00:00,2026-07-31T05:19:46+00:00,2026-07-31T05:19:46+00:00,,,,,,,,,,,,,,,
398,Albaraka Türk,Enterprise Araç Kiralama Kampanyası | %35 İndirim!,discount_campaign,Genel Kampanyalar,https://albaraka.com.tr/tr/kampanyalar/detay/enterprise-arac-kiralama-kampanyasi-35-indirim-1,2026-07-06,2026-12-31,active,unknown,ok,1,0.94,İndirim veya iade avantajı bulundu.,2026-08-10T06:03:45+00:00,2026-08-10T11:17:32+00:00,2026-08-10T11:17:32+00:00,,,,,,,,,,,,,,,
18,Albaraka Türk,Eğitim Harcamalarınıza Vade Farksız 6 Taksit Kampanyası,card_campaign,Genel Kampanyalar,https://albaraka.com.tr/tr/kampanyalar/detay/egitim-kampanyasi-1,2026-07-01,2026-09-30,active,unknown,ok,1,0.94,Kart harcamasına taksit/vade farksız avantajı bulundu.,2026-07-31T05:05:07+00:00,2026-08-10T11:17:32+00:00,2026-08-10T11:17:32+00:00,,,,,,,,,,,,,,,
63,Albaraka Türk,Fiat Yetkili Servislerde World’e Özel 6 Taksit Fırsatı!,card_campaign,Albaraka World Kampanyaları,https://albaraka.com.tr/tr/world-dunyasi/detay/fiat-yetkili-servislerde-worlde-ozel-6-taksit-firsati,2026-06-01,2026-06-30,expired,unknown,ok,1,0.94,Kart harcamasına taksit/vade farksız avantajı bulundu.,2026-07-31T05:05:07+00:00,2026-08-10T11:17:32+00:00,2026-08-10T11:17:32+00:00,,,,,,,,,,,,,,,
65,Albaraka Türk,Giyim ve Kozmetik Harcamalarınızda 1.000 TL’ye varan Worldpuan!,points_campaign,Albaraka World Kampanyaları,https://albaraka.com.tr/tr/world-dunyasi/detay/giyim-ve-kozmetik-harcamalarinizda-1000-tlye-varan-worldpuan,2026-07-01,2026-07-31,expired,unknown,ok,1,0.96,Puan avantajı bulundu.,2026-07-31T05:05:07+00:00,2026-08-10T11:17:32+00:00,2026-08-10T11:17:32+00:00,,,,,,,,,,,,,,,
408,Albaraka Türk,Giyim ve Kozmetik Harcamalarınızda 1.000 TL’ye varan Worldpuan!,points_campaign,Albaraka World Kampanyaları,https://albaraka.com.tr/tr/world-dunyasi/detay/giyim-ve-kozmetik-harcamalarinizda-1000-tlye-varan-worldpuan_1,2026-08-01,2026-08-31,active,unknown,ok,1,0.96,Puan avantajı bulundu.,2026-08-10T06:03:45+00:00,2026-08-10T11:17:32+00:00,2026-08-10T11:17:32+00:00,,,,,,,,,,,,,,,
66,Albaraka Türk,Giyim ve Kozmetik Harcamalarınızda 1.500 TL’ye varan Worldpuan!,points_campaign,Albaraka World Kampanyaları,https://albaraka.com.tr/tr/world-dunyasi/detay/giyim-ve-kozmetik-harcamalarinizda-1500-tlye-varan-worldpuan,2026-06-01,2026-06-30,expired,unknown,ok,1,0.96,Puan avantajı bulundu.,2026-07-31T05:05:07+00:00,2026-08-10T11:17:32+00:00,2026-08-10T11:17:32+00:00,,,,,,,,,,,,,,,
64,Albaraka Türk,"Giyim, Çiçek ve Kozmetik Harcamalarınızda 1.000TL’ye varan Worldpuan!",points_campaign,Albaraka World Kampanyaları,https://albaraka.com.tr/tr/world-dunyasi/detay/giyim-cicek-ve-kozmetik-harcamalarinizda-1000tlye-varan-worldpuan,2026-05-01,2026-05-31,expired,unknown,ok,1,0.96,Puan avantajı bulundu.,2026-07-31T05:05:07+00:00,2026-08-10T11:17:32+00:00,2026-08-10T11:17:32+00:00,,,,,,,,,,,,,,,
22,Albaraka Türk,HGS Talimatınıza 500 TL Worldpuan!,points_campaign,Genel Kampanyalar,https://albaraka.com.tr/tr/kampanyalar/detay/hgs-talimatiniza-500-tl-worldpuan,2026-01-01,2026-12-31,active,unknown,ok,1,0.96,Puan avantajı bulundu.,2026-07-31T05:05:07+00:00,2026-08-10T11:17:32+00:00,2026-08-10T11:17:32+00:00,,,,,,,,,,,,,,,
67,Albaraka Türk,Hepsiburada Harcamalarınızda World’e Özel 6 Taksit Fırsatı!,card_campaign,Albaraka World Kampanyaları,https://albaraka.com.tr/tr/world-dunyasi/detay/hepsiburada-harcamalarinizda-worlde-ozel-6-taksit-firsati,2026-07-01,2026-08-31,active,unknown,ok,1,0.94,Kart harcamasına taksit/vade farksız avantajı bulundu.,2026-07-31T05:05:07+00:00,2026-08-10T11:17:32+00:00,2026-08-10T11:17:32+00:00,,,,,,,,,,,,,,,
24,Albaraka Türk,Hızlı Döviz İşlemleri Yanınızda!,other_campaign,Genel Kampanyalar,https://albaraka.com.tr/tr/kampanyalar/detay/hizli-doviz-islemleri-yaninizda,2026-07-01,2026-12-31,active,unknown,ok,1,0.84,"Kampanya ifadesiyle tutar, oran veya dönem kanıtı bulundu.",2026-07-31T05:05:07+00:00,2026-08-10T11:17:32+00:00,2026-08-10T11:17:32+00:00,,,,,,,,,,,,,,,
23,Albaraka Türk,Hızlı Çiçek %20 İndirim Kampanyası,discount_campaign,Genel Kampanyalar,https://albaraka.com.tr/tr/kampanyalar/detay/hizli-cicek-20-indirim-kampanyasi,2026-05-01,2026-12-31,active,unknown,ok,1,0.94,İndirim veya iade avantajı bulundu.,2026-07-31T05:05:07+00:00,2026-08-10T11:17:32+00:00,2026-08-10T11:17:32+00:00,,,,,,,,,,,,,,,
25,Albaraka Türk,Kahve Keyfiniz Albaraka’dan!,other_campaign,Genel Kampanyalar,https://albaraka.com.tr/tr/kampanyalar/detay/kahve-keyfiniz-albarakadan-5,2026-07-01,2026-07-31,active,unknown,ok,1,0.84,"Kampanya ifadesiyle tutar, oran veya dönem kanıtı bulundu.",2026-07-31T05:05:07+00:00,2026-07-31T05:19:46+00:00,2026-07-31T05:19:46+00:00,,,,,,,,,,,,,,,
399,Albaraka Türk,Kahve Keyfiniz Albaraka’dan!,other_campaign,Genel Kampanyalar,https://albaraka.com.tr/tr/kampanyalar/detay/kahve-keyfiniz-albarakadan-1,2026-08-01,2026-08-31,active,unknown,ok,1,0.84,"Kampanya ifadesiyle tutar, oran veya dönem kanıtı bulundu.",2026-08-10T06:03:45+00:00,2026-08-10T11:17:32+00:00,2026-08-10T11:17:32+00:00,,,,,,,,,,,,,,,
26,Albaraka Türk,Kampanyaya Katılım Adımları:,card_campaign,Genel Kampanyalar,https://albaraka.com.tr/tr/kampanyalar/detay/kirtasiye-kampanyasi,2026-06-01,2026-09-30,active,unknown,ok,1,0.94,Kart harcamasına taksit/vade farksız avantajı bulundu.,2026-07-31T05:05:07+00:00,2026-08-10T11:17:32+00:00,2026-08-10T11:17:32+00:00,,,,,,,,,,,,,,,
392,Albaraka Türk,Kampanyaya Katılım Adımları:,new_customer_campaign,Genel Kampanyalar,https://albaraka.com.tr/tr/kampanyalar/detay/agustos-ayina-ozel-fatura-kampanyasi,2026-08-01,2026-08-31,active,unknown,ok,1,0.95,Yeni müşteri avantajı bulundu.,2026-08-10T06:03:45+00:00,2026-08-10T11:17:32+00:00,2026-08-10T11:17:32+00:00,,,,,,,,,,,,,,,
70,Albaraka Türk,Kiğılı ve Abdullah Kiğılı Harcamalarınızda World’e Özel 6 Taksit Fırsatı!,card_campaign,Albaraka World Kampanyaları,https://albaraka.com.tr/tr/world-dunyasi/detay/kigili-ve-abdullah-kigili-harcamalarinizda-worlde-ozel-6-taksit-firsati,2026-07-01,2026-12-31,active,unknown,ok,1,0.94,Kart harcamasına taksit/vade farksız avantajı bulundu.,2026-07-31T05:05:07+00:00,2026-08-10T11:17:32+00:00,2026-08-10T11:17:32+00:00,,,,,,,,,,,,,,,
400,Albaraka Türk,Konaklamanın Ayrıcalıklı Hali!,discount_campaign,Genel Kampanyalar,https://albaraka.com.tr/tr/kampanyalar/detay/konaklamanin-ayricalikli-hali-1,2026-01-01,2026-12-31,active,unknown,ok,1,0.94,İndirim veya iade avantajı bulundu.,2026-08-10T06:03:45+00:00,2026-08-10T11:17:32+00:00,2026-08-10T11:17:32+00:00,,,,,,,,,,,,,,,
71,Albaraka Türk,LC Waikiki Harcamalarınızda World’e Özel 6 Taksit Fırsatı!,card_campaign,Albaraka World Kampanyaları,https://albaraka.com.tr/tr/world-dunyasi/detay/lc-waikiki-harcamalarinizda-worlde-ozel-6-taksit-firsati,2026-07-01,2026-12-31,active,unknown,ok,1,0.94,Kart harcamasına taksit/vade farksız avantajı bulundu.,2026-07-31T05:05:07+00:00,2026-08-10T11:17:32+00:00,2026-08-10T11:17:32+00:00,,,,,,,,,,,,,,,
28,Albaraka Türk,Limitsiz İMM Sigortasında Vade Farksız 3 Taksit!,card_campaign,Genel Kampanyalar,https://albaraka.com.tr/tr/kampanyalar/detay/limitsiz-imm-sigortasinda-vade-farksiz-3-taksit-2,2026-03-01,2026-12-31,active,unknown,ok,1,0.94,Kart harcamasına taksit/vade farksız avantajı bulundu.,2026-07-31T05:05:07+00:00,2026-08-10T11:17:32+00:00,2026-08-10T11:17:32+00:00,,,,,,,,,,,,,,,
29,Albaraka Türk,MTV Ödemelerinize Vade Farksız 3 Taksit!,card_campaign,Genel Kampanyalar,https://albaraka.com.tr/tr/kampanyalar/detay/mtv-odemelerinize-vade-farksiz-3-taksit-10,2026-07-01,2026-07-31,active,unknown,ok,1,0.94,Kart harcamasına taksit/vade farksız avantajı bulundu.,2026-07-31T05:05:07+00:00,2026-07-31T05:19:46+00:00,2026-07-31T05:19:46+00:00,,,,,,,,,,,,,,,
72,Albaraka Türk,MediaMarkt Harcamalarınızda World’e Özel 6 Taksit Fırsatı!,card_campaign,Albaraka World Kampanyaları,https://albaraka.com.tr/tr/world-dunyasi/detay/mediamarkt-harcamalarinizda-worlde-ozel-6-taksit-firsati,2026-07-01,2026-07-31,expired,unknown,ok,1,0.94,Kart harcamasına taksit/vade farksız avantajı bulundu.,2026-07-31T05:05:07+00:00,2026-08-10T11:17:32+00:00,2026-08-10T11:17:32+00:00,,,,,,,,,,,,,,,
73,Albaraka Türk,Modalife Harcamalarınızda World’e Özel 9 Taksit Fırsatı!,card_campaign,Albaraka World Kampanyaları,https://albaraka.com.tr/tr/world-dunyasi/detay/modalife-harcamalarinizda-worlde-ozel-9-taksit-firsati,2026-05-01,2026-05-31,expired,unknown,ok,1,0.94,Kart harcamasına taksit/vade farksız avantajı bulundu.,2026-07-31T05:05:07+00:00,2026-08-10T11:17:32+00:00,2026-08-10T11:17:32+00:00,,,,,,,,,,,,,,,
75,Albaraka Türk,Network Harcamalarınızda World’e Özel 6 Taksit Fırsatı!,card_campaign,Albaraka World Kampanyaları,https://albaraka.com.tr/tr/world-dunyasi/detay/network-harcamalarinizda-worlde-ozel-6-taksit-firsati,2026-06-01,2026-06-30,expired,unknown,ok,1,0.94,Kart harcamasına taksit/vade farksız avantajı bulundu.,2026-07-31T05:05:07+00:00,2026-08-10T11:17:32+00:00,2026-08-10T11:17:32+00:00,,,,,,,,,,,,,,,
76,Albaraka Türk,Opel Yetkili Servislerde World’e Özel 6 Taksit Fırsatı!,card_campaign,Albaraka World Kampanyaları,https://albaraka.com.tr/tr/world-dunyasi/detay/opel-yetkili-servislerde-worlde-ozel-6-taksit-firsati,2026-06-01,2026-12-31,active,unknown,ok,1,0.94,Kart harcamasına taksit/vade farksız avantajı bulundu.,2026-07-31T05:05:07+00:00,2026-08-10T11:17:32+00:00,2026-08-10T11:17:32+00:00,,,,,,,,,,,,,,,
77,Albaraka Türk,Opmar Optik Harcamalarınızda World'e Özel 6 Taksit Fırsatı!,card_campaign,Albaraka World Kampanyaları,https://albaraka.com.tr/tr/world-dunyasi/detay/opmar-optik-harcamalarinizda-worlde-ozel-6-taksit-firsati,2026-05-01,2026-07-05,expired,unknown,ok,1,0.94,Kart harcamasına taksit/vade farksız avantajı bulundu.,2026-07-31T05:05:07+00:00,2026-08-10T11:17:32+00:00,2026-08-10T11:17:32+00:00,,,,,,,,,,,,,,,
31,Albaraka Türk,Otomatik Fatura Ödeme Talimatlarınıza Toplamda 2.000 TL Worldpuan!,points_campaign,Genel Kampanyalar,https://albaraka.com.tr/tr/kampanyalar/detay/otomatik-fatura-odeme-talimatlariniza-toplamda-2000-tl-worldpuan-11,2026-07-01,2026-07-31,active,unknown,ok,1,0.96,Puan avantajı bulundu.,2026-07-31T05:05:07+00:00,2026-07-31T05:19:46+00:00,2026-07-31T05:19:46+00:00,,,,,,,,,,,,,,,
401,Albaraka Türk,Otomatik Fatura Ödeme Talimatlarınıza Toplamda 2.000 TL Worldpuan!,points_campaign,Genel Kampanyalar,https://albaraka.com.tr/tr/kampanyalar/detay/otomatik-fatura-odeme-talimatlariniza-toplamda-2000-tl-worldpuan-12,2026-08-01,2026-08-31,active,unknown,ok,1,0.96,Puan avantajı bulundu.,2026-08-10T06:03:45+00:00,2026-08-10T11:17:32+00:00,2026-08-10T11:17:32+00:00,,,,,,,,,,,,,,,
402,Albaraka Türk,Otopark Harcamalarınıza Özel %10 İndirim Fırsatı!,discount_campaign,Genel Kampanyalar,https://albaraka.com.tr/tr/kampanyalar/detay/otopark-harcamalariniza-ozel-10-indirim-firsati-1,2026-01-01,2026-12-31,active,unknown,ok,1,0.94,İndirim veya iade avantajı bulundu.,2026-08-10T06:03:45+00:00,2026-08-10T11:17:32+00:00,2026-08-10T11:17:32+00:00,,,,,,,,,,,,,,,
32,Albaraka Türk,Otopark ve Vale Harcamalarınıza %50 İade Albaraka’da!,discount_campaign,Genel Kampanyalar,https://albaraka.com.tr/tr/kampanyalar/detay/otopark-ve-vale-harcamalariniza-50-iade-albarakada-7,2026-07-01,2026-07-31,active,unknown,ok,1,0.94,İndirim veya iade avantajı bulundu.,2026-07-31T05:05:07+00:00,2026-07-31T05:19:46+00:00,2026-07-31T05:19:46+00:00,,,,,,,,,,,,,,,
403,Albaraka Türk,Otopark ve Vale Harcamalarınıza %50 İade Albaraka’da!,discount_campaign,Genel Kampanyalar,https://albaraka.com.tr/tr/kampanyalar/detay/otopark-ve-vale-harcamalariniza-50-iade-albarakada-troy,2026-08-01,2026-08-31,active,unknown,ok,1,0.94,İndirim veya iade avantajı bulundu.,2026-08-10T06:03:45+00:00,2026-08-10T11:17:32+00:00,2026-08-10T11:17:32+00:00,,,,,,,,,,,,,,,
36,Albaraka Türk,Payını Sen Seç Finansmanı,finance_campaign,Genel Kampanyalar,https://albaraka.com.tr/tr/kampanyalar/detay/payini-sen-sec-finansmani,2026-07-31,2026-12-31,active,unknown,ok,1,0.96,Açık finansman ürünü ve somut kampanya kanıtı bulundu.,2026-07-31T05:05:07+00:00,2026-08-10T11:17:32+00:00,2026-08-10T11:17:32+00:00,Esnek Ödeme Finansmanı,,,,,,,,,,,,,"ne kadar peşinat ödemek isterseniz, kâr oranınız o kadar düşer ve finansman süreciniz daha avantajlı hale gelir.",
78,Albaraka Türk,Pegasus Uçuşlarınızda World'e Özel 4 Taksit Fırsatı!,card_campaign,Albaraka World Kampanyaları,https://albaraka.com.tr/tr/world-dunyasi/detay/pegasus-ucuslarinizda-worlde-ozel-4-taksit-firsati,2026-05-01,2026-05-15,expired,unknown,ok,1,0.94,Kart harcamasına taksit/vade farksız avantajı bulundu.,2026-07-31T05:05:07+00:00,2026-08-10T11:17:32+00:00,2026-08-10T11:17:32+00:00,,,,,,,,,,,,,,,
15,Albaraka Türk,Pratik Finansman Kart Finansman Kampanyası Koşulları,finance_campaign,Genel Kampanyalar,https://albaraka.com.tr/tr/kampanyalar/detay/dijital-musterilere-ozel-pratik-finansman-kart,2026-01-01,2026-12-31,active,unknown,ok,1,0.96,Açık finansman ürünü ve somut kampanya kanıtı bulundu.,2026-07-31T05:05:07+00:00,2026-08-10T11:17:32+00:00,2026-08-10T11:17:32+00:00,İhtiyaç Finansmanı,,,20000.0,150000.0,1,36,12,,,,,,"vade farksız, azami 40.000 TL limitli, 3 aya varan ödemesiz dönem ve 4 taksit imkânı ile birlikte toplam 6 aya varan vade imkanıyla sunulan Pratik Finansman Kart (Karz-ı Hasen) başvurusunda bulunabilirsiniz.",3
37,Albaraka Türk,QR Kod İle Ödemelerinize Toplamda 300 TL Worldpuan!,points_campaign,Genel Kampanyalar,https://albaraka.com.tr/tr/kampanyalar/detay/qr-kod-ile-odemelerinize-toplamda-300-tl-worldpuan-5,2026-07-01,2026-07-31,active,unknown,ok,1,0.96,Puan avantajı bulundu.,2026-07-31T05:05:07+00:00,2026-07-31T05:19:46+00:00,2026-07-31T05:19:46+00:00,,,,,,,,,,,,,,,
404,Albaraka Türk,QR Kod İle Ödemelerinize Toplamda 300 TL Worldpuan!,points_campaign,Genel Kampanyalar,https://albaraka.com.tr/tr/kampanyalar/detay/qr-kod-ile-odemelerinize-toplamda-300-tl-worldpuan-6,2026-08-01,2026-08-31,active,unknown,ok,1,0.96,Puan avantajı bulundu.,2026-08-10T06:03:45+00:00,2026-08-10T11:17:32+00:00,2026-08-10T11:17:32+00:00,,,,,,,,,,,,,,,
405,Albaraka Türk,Restoran Harcamalarınıza Özel %10 İndirim Fırsatı!,discount_campaign,Genel Kampanyalar,https://albaraka.com.tr/tr/kampanyalar/detay/restoran-harcamalariniza-ozel-10-indirim-firsati-1,2026-01-01,2026-12-31,active,unknown,ok,1,0.94,İndirim veya iade avantajı bulundu.,2026-08-10T06:03:45+00:00,2026-08-10T11:17:32+00:00,2026-08-10T11:17:32+00:00,,,,,,,,,,,,,,,
38,Albaraka Türk,Restoran Kampanyası,points_campaign,Genel Kampanyalar,https://albaraka.com.tr/tr/kampanyalar/detay/restoran-kampanyasi-7,2026-07-01,2026-07-31,active,unknown,ok,1,0.96,Puan avantajı bulundu.,2026-07-31T05:05:07+00:00,2026-07-31T05:19:46+00:00,2026-07-31T05:19:46+00:00,,,,,,,,,,,,,,,
406,Albaraka Türk,Restoran Kampanyası,points_campaign,Genel Kampanyalar,https://albaraka.com.tr/tr/kampanyalar/detay/restoran-kampanyasi-7_1,2026-08-01,2026-08-31,active,unknown,ok,1,0.96,Puan avantajı bulundu.,2026-08-10T06:03:45+00:00,2026-08-10T11:17:32+00:00,2026-08-10T11:17:32+00:00,,,,,,,,,,,,,,,
79,Albaraka Türk,Saat&Saat Harcamalarınızda World’e Özel 7 Taksit Fırsatı!,card_campaign,Albaraka World Kampanyaları,https://albaraka.com.tr/tr/world-dunyasi/detay/saatandsaat-harcamalarinizda-worlde-ozel-7-taksit-firsati,2026-05-01,2026-07-07,expired,unknown,ok,1,0.94,Kart harcamasına taksit/vade farksız avantajı bulundu.,2026-07-31T05:05:07+00:00,2026-08-10T11:17:32+00:00,2026-08-10T11:17:32+00:00,,,,,,,,,,,,,,,
6,Albaraka Türk,Sadakat Program Nedir?,points_campaign,Genel Kampanyalar,https://albaraka.com.tr/tr/kampanyalar/detay/albaraka-sadakat-programi,2025-01-01,2026-12-31,active,unknown,ok,1,0.96,Puan avantajı bulundu.,2026-07-31T05:05:07+00:00,2026-08-10T11:17:32+00:00,2026-08-10T11:17:32+00:00,,,,,,,,,,,,,,,
40,Albaraka Türk,"Satırdan Sanata, Ek %10 İndirim ve Vade Farksız 4 Taksit Albaraka’da!",discount_campaign,Genel Kampanyalar,https://albaraka.com.tr/tr/kampanyalar/detay/satirdan-sanata-ek-10-indirim-ve-vade-farksiz-4-taksit-albarakada-1_1,2026-07-01,2026-09-30,active,unknown,ok,1,0.94,İndirim veya iade avantajı bulundu.,2026-07-31T05:05:07+00:00,2026-08-10T11:17:32+00:00,2026-08-10T11:17:32+00:00,,,,,,,,,,,,,,,
39,Albaraka Türk,Sağlık Harcamalarına Vade Farksız 6 Taksit Kampanyası,card_campaign,Genel Kampanyalar,https://albaraka.com.tr/tr/kampanyalar/detay/saglik-harcamalarina-vade-farksiz-6-taksit-kampanyasi-1_1,2026-07-01,2026-07-31,active,unknown,ok,1,0.94,Kart harcamasına taksit/vade farksız avantajı bulundu.,2026-07-31T05:05:07+00:00,2026-07-31T05:19:46+00:00,2026-07-31T05:19:46+00:00,,,,,,,,,,,,,,,
407,Albaraka Türk,Sağlık Harcamalarına Vade Farksız 6 Taksit Kampanyası,card_campaign,Genel Kampanyalar,https://albaraka.com.tr/tr/kampanyalar/detay/saglik-harcamalarina-vade-farksiz-6-taksit-kampanyasi1-2,2026-08-01,2026-08-31,active,unknown,ok,1,0.94,Kart harcamasına taksit/vade farksız avantajı bulundu.,2026-08-10T06:03:45+00:00,2026-08-10T11:17:32+00:00,2026-08-10T11:17:32+00:00,,,,,,,,,,,,,,,
80,Albaraka Türk,Seturda 7500 Tlye Varan Worldpuan,points_campaign,Albaraka World Kampanyaları,https://albaraka.com.tr/tr/world-dunyasi/detay/seturda-7500-tlye-varan-worldpuan,2026-05-01,2026-05-31,expired,unknown,ok,1,0.96,Puan avantajı bulundu.,2026-07-31T05:05:07+00:00,2026-08-10T11:17:32+00:00,2026-08-10T11:17:32+00:00,,,,,,,,,,,,,,,
81,Albaraka Türk,Seturda 7500 Tlye Varan Worldpuan 1,points_campaign,Albaraka World Kampanyaları,https://albaraka.com.tr/tr/world-dunyasi/detay/seturda-7500-tlye-varan-worldpuan_1,2026-06-01,2026-06-30,expired,unknown,ok,1,0.96,Puan avantajı bulundu.,2026-07-31T05:05:07+00:00,2026-08-10T11:17:32+00:00,2026-08-10T11:17:32+00:00,,,,,,,,,,,,,,,
82,Albaraka Türk,Seturda 7500 Tlye Varan Worldpuan 2,points_campaign,Albaraka World Kampanyaları,https://albaraka.com.tr/tr/world-dunyasi/detay/seturda-7500-tlye-varan-worldpuan_2,2026-07-01,2026-07-31,expired,unknown,ok,1,0.96,Puan avantajı bulundu.,2026-07-31T05:05:07+00:00,2026-08-10T11:17:32+00:00,2026-08-10T11:17:32+00:00,,,,,,,,,,,,,,,
409,Albaraka Türk,Seturda 7500 Tlye Varan Worldpuan 3,points_campaign,Albaraka World Kampanyaları,https://albaraka.com.tr/tr/world-dunyasi/detay/seturda-7500-tlye-varan-worldpuan_3,2026-08-01,2026-08-31,active,unknown,ok,1,0.96,Puan avantajı bulundu.,2026-08-10T06:03:45+00:00,2026-08-10T11:17:32+00:00,2026-08-10T11:17:32+00:00,,,,,,,,,,,,,,,
42,Albaraka Türk,Taksitlio.com Alışveriş Finansmanı,finance_campaign,Genel Kampanyalar,https://albaraka.com.tr/tr/kampanyalar/detay/taksitliocom-alisveris-finansmani,2026-01-01,2026-12-31,active,unknown,ok,1,0.96,Açık finansman ürünü ve somut kampanya kanıtı bulundu.,2026-07-31T05:05:07+00:00,2026-08-10T11:17:32+00:00,2026-08-10T11:17:32+00:00,Alışveriş Finansmanı,2.99,2.99,,,6,6,,,0.5,Tahsis ücreti oranı belirtilmiş,Masraf bilgisi mevcut,"Finansman tahsis ücreti, toplam finansman tutarının %0,5’i oranında tahsil edilecektir.","Albaraka Türk ve Taksitlio.com iş birliğiyle, en avantajlı finansman fırsatları artık bir tık uzağınızda!",
83,Albaraka Türk,Tatilbudurda 7500 Tlye Varan Worldpuan,points_campaign,Albaraka World Kampanyaları,https://albaraka.com.tr/tr/world-dunyasi/detay/tatilbudurda-7500-tlye-varan-worldpuan,2026-05-01,2026-05-31,expired,unknown,ok,1,0.96,Puan avantajı bulundu.,2026-07-31T05:05:07+00:00,2026-08-10T11:17:32+00:00,2026-08-10T11:17:32+00:00,,,,,,,,,,,,,,,
84,Albaraka Türk,Tatilbudurda 7500 Tlye Varan Worldpuan 1,points_campaign,Albaraka World Kampanyaları,https://albaraka.com.tr/tr/world-dunyasi/detay/tatilbudurda-7500-tlye-varan-worldpuan_1,2026-06-01,2026-06-30,expired,unknown,ok,1,0.96,Puan avantajı bulundu.,2026-07-31T05:05:07+00:00,2026-08-10T11:17:32+00:00,2026-08-10T11:17:32+00:00,,,,,,,,,,,,,,,
85,Albaraka Türk,Tatilbudurda 7500 Tlye Varan Worldpuan 2,points_campaign,Albaraka World Kampanyaları,https://albaraka.com.tr/tr/world-dunyasi/detay/tatilbudurda-7500-tlye-varan-worldpuan_2,2026-07-01,2026-07-31,expired,unknown,ok,1,0.96,Puan avantajı bulundu.,2026-07-31T05:05:07+00:00,2026-08-10T11:17:32+00:00,2026-08-10T11:17:32+00:00,,,,,,,,,,,,,,,
410,Albaraka Türk,Tatilbudurda 7500 Tlye Varan Worldpuan 3,points_campaign,Albaraka World Kampanyaları,https://albaraka.com.tr/tr/world-dunyasi/detay/tatilbudurda-7500-tlye-varan-worldpuan_3,2026-08-01,2026-08-31,active,unknown,ok,1,0.96,Puan avantajı bulundu.,2026-08-10T06:03:45+00:00,2026-08-10T11:17:32+00:00,2026-08-10T11:17:32+00:00,,,,,,,,,,,,,,,
43,Albaraka Türk,Temmuz Ayına Özel Fatura Kampanyası,new_customer_campaign,Genel Kampanyalar,https://albaraka.com.tr/tr/kampanyalar/detay/temmuz-ayina-ozel-fatura-kampanyasi,2026-07-01,2026-07-31,active,unknown,ok,1,0.95,Yeni müşteri avantajı bulundu.,2026-07-31T05:05:07+00:00,2026-07-31T05:19:46+00:00,2026-07-31T05:19:46+00:00,,,,,,,,,,,,,,,
44,Albaraka Türk,Togg Finansmanı | Togg Araç Finansman Desteği Nasıl Alınır?,finance_campaign,Genel Kampanyalar,https://albaraka.com.tr/tr/kampanyalar/detay/togg-tasit-finansmani-kampanyasi,,,active,unknown,ok,1,0.96,Açık finansman ürünü ve somut kampanya kanıtı bulundu.,2026-07-31T05:05:07+00:00,2026-08-10T11:17:32+00:00,2026-08-10T11:17:32+00:00,Togg Taşıt Finansmanı,,,,,48,48,,,,,,,Togg Araç Finansmanı Özellikleri Sadece sıfır kilometre T10X ve T10F modeli Togg araçlar için geçerlidir.,
45,Albaraka Türk,Trend 4 GB İnternet Kampanyası,other_campaign,Genel Kampanyalar,https://albaraka.com.tr/tr/kampanyalar/detay/trend-4-gb-internet-kampanyasi,2025-11-01,2026-10-31,active,unknown,ok,1,0.84,"Kampanya ifadesiyle tutar, oran veya dönem kanıtı bulundu.",2026-07-31T05:05:07+00:00,2026-08-10T11:17:32+00:00,2026-08-10T11:17:32+00:00,,,,,,,,,,,,,,,
47,Albaraka Türk,Trend Kredi Kart Kırtasiye Harcamaları İndirim Kampanyası!,discount_campaign,Genel Kampanyalar,https://albaraka.com.tr/tr/kampanyalar/detay/trend-kredi-kart-kirtasiye-harcamalari-indirim-kampanyasi,2026-01-01,2026-12-31,active,unknown,ok,1,0.94,İndirim veya iade avantajı bulundu.,2026-07-31T05:05:07+00:00,2026-08-10T11:17:32+00:00,2026-08-10T11:17:32+00:00,,,,,,,,,,,,,,,
46,Albaraka Türk,Trend Kredi Kart ile Sinema Harcamalarına %25 İndirim!,discount_campaign,Genel Kampanyalar,https://albaraka.com.tr/tr/kampanyalar/detay/trend-kredi-kart-ile-sinema-harcamalarina-25-indirim,2026-01-01,2026-12-31,active,unknown,ok,1,0.94,İndirim veya iade avantajı bulundu.,2026-07-31T05:05:07+00:00,2026-08-10T11:17:32+00:00,2026-08-10T11:17:32+00:00,,,,,,,,,,,,,,,
86,Albaraka Türk,Trendyol Harcamalarınızda World’e Özel 3 Taksit Fırsatı!,card_campaign,Albaraka World Kampanyaları,https://albaraka.com.tr/tr/world-dunyasi/detay/trendyol-harcamalarinizda-worlde-ozel-3-taksit-firsati,2026-07-01,2026-08-31,active,unknown,ok,1,0.94,Kart harcamasına taksit/vade farksız avantajı bulundu.,2026-07-31T05:05:07+00:00,2026-08-10T11:17:32+00:00,2026-08-10T11:17:32+00:00,,,,,,,,,,,,,,,
48,Albaraka Türk,Trend’lilere Tüm Banka ATM’leri Ücretsiz,other_campaign,Genel Kampanyalar,https://albaraka.com.tr/tr/kampanyalar/detay/trendlilere-tum-banka-atmleri-ucretsiz,2022-03-01,2026-07-31,active,unknown,ok,1,0.84,"Kampanya ifadesiyle tutar, oran veya dönem kanıtı bulundu.",2026-07-31T05:05:07+00:00,2026-07-31T05:19:46+00:00,2026-07-31T05:19:46+00:00,,,,,,,,,,,,,,,
50,Albaraka Türk,Vade Farksız 140.000 TL’ye Varan Destek!,finance_campaign,Genel Kampanyalar,https://albaraka.com.tr/tr/kampanyalar/detay/vade-farksiz-kampanyasi,2026-01-01,2026-12-31,active,unknown,ok,1,0.96,Açık finansman ürünü ve somut kampanya kanıtı bulundu.,2026-07-31T05:05:07+00:00,2026-08-10T11:17:32+00:00,2026-08-10T11:17:32+00:00,İhtiyaç Finansmanı,0.0,0.0,40000.0,40000.0,6,6,6,,,,Masraf avantajı var,"Vade farksız 40.000 TL ihtiyaç finansmanı kampanyası hakkında detaylı bilgi almak için: Dijital Müşterilere Özel Pratik Finansman Kart | Albaraka Türk Vade Farksız Taksit Kampanyası – Kredi Kartı Tutar: 100.000 TL’ye kadar Vade: Seçili sektörlerde vade farksız 6 taksit Kart: Albaraka Word Kredi Kartları Kullanım Alanları (Sektörler): Sağlık, Eğitim Kredi kartına vade farksız taksit kampanyaları hakkında detaylı bilgi","Şimdi Albaraka Mobil’den müşteri olanlar, %0 kâr payı ile 40.000 TL’ye kadar Pratik Finansman Kart (İhtiyaç Finansmanı) kullanabiliyor ve 100.000 TL’ye varan seçili sektörlerde vade farksız taksitli alışveriş fırsatından yararlanabiliyor.",3
52,Albaraka Türk,Yurt Dışı Çıkış Harcı Kampanyası | 1.250 TL Worldpuan!,new_customer_campaign,Genel Kampanyalar,https://albaraka.com.tr/tr/kampanyalar/detay/yurt-disi-cikis-harci-kampanyasi-1250-tl-worldpuan-3,2026-07-01,2026-08-31,active,unknown,ok,1,0.95,Yeni müşteri avantajı bulundu.,2026-07-31T05:05:07+00:00,2026-08-10T11:17:32+00:00,2026-08-10T11:17:32+00:00,,,,,,,,,,,,,,,
3,Albaraka Türk,albaFX’te Karma Düzey 1 Ücretsiz!,other_campaign,Genel Kampanyalar,https://albaraka.com.tr/tr/kampanyalar/detay/albafx-karma-duzey-1,2026-02-18,2026-12-31,active,unknown,ok,1,0.84,"Kampanya ifadesiyle tutar, oran veya dönem kanıtı bulundu.",2026-07-31T05:05:07+00:00,2026-08-10T11:17:32+00:00,2026-08-10T11:17:32+00:00,,,,,,,,,,,,,,,
74,Albaraka Türk,n11.com Harcamalarınızda World’e Özel 6 Taksit Fırsatı!,card_campaign,Albaraka World Kampanyaları,https://albaraka.com.tr/tr/world-dunyasi/detay/n11com-harcamalarinizda-worlde-ozel-6-taksit-firsati,2026-05-01,2026-05-31,expired,unknown,ok,1,0.94,Kart harcamasına taksit/vade farksız avantajı bulundu.,2026-07-31T05:05:07+00:00,2026-08-10T11:17:32+00:00,2026-08-10T11:17:32+00:00,,,,,,,,,,,,,,,
34,Albaraka Türk,Özel Bankacılık Kredi Kart Otopark Harcamalarınızda %10 İndirim Kazandırıyor!,discount_campaign,Genel Kampanyalar,https://albaraka.com.tr/tr/kampanyalar/detay/ozel-bankacilik-kredi-kart-otopark-harcamalarinizda-10-indirim-kazandiriyor,2026-01-01,2026-12-31,active,unknown,ok,1,0.94,İndirim veya iade avantajı bulundu.,2026-07-31T05:05:07+00:00,2026-07-31T05:19:46+00:00,2026-07-31T05:19:46+00:00,,,,,,,,,,,,,,,
35,Albaraka Türk,Özel Bankacılık Kredi Kart Restoran Harcamalarınızda %10 İndirim Kazandırıyor!,discount_campaign,Genel Kampanyalar,https://albaraka.com.tr/tr/kampanyalar/detay/ozel-bankacilik-kredi-kart-restoran-harcamalarinizda-5-indirim-kazandiriyor,2026-01-01,2026-12-31,active,unknown,ok,1,0.94,İndirim veya iade avantajı bulundu.,2026-07-31T05:05:07+00:00,2026-07-31T05:19:46+00:00,2026-07-31T05:19:46+00:00,,,,,,,,,,,,,,,
33,Albaraka Türk,Özel Bankacılık Kredi Kart’a Özel Konaklama Harcamalarında İndirim!,discount_campaign,Genel Kampanyalar,https://albaraka.com.tr/tr/kampanyalar/detay/ozel-bankacilik-kredi-kart-konaklama-harcamalarinizda-10-indirim-kazandiriyor,2026-01-01,2026-12-31,active,unknown,ok,1,0.94,İndirim veya iade avantajı bulundu.,2026-07-31T05:05:07+00:00,2026-07-31T05:19:46+00:00,2026-07-31T05:19:46+00:00,,,,,,,,,,,,,,,
8,Albaraka Türk,Ücretsiz İSPARK Otopark Kampanyası | Albarakalılara Özel,other_campaign,Genel Kampanyalar,https://albaraka.com.tr/tr/kampanyalar/detay/albarakalilara-ozel-ucretsiz-ispark-kampanyasi-1,2026-01-01,2026-12-31,active,unknown,ok,1,0.84,"Kampanya ifadesiyle tutar, oran veya dönem kanıtı bulundu.",2026-07-31T05:05:07+00:00,2026-08-10T11:17:32+00:00,2026-08-10T11:17:32+00:00,,,,,,,,,,,,,,,
68,Albaraka Türk,İdefix Harcamalarınızda World’e Özel 6 Taksit Fırsatı!,card_campaign,Albaraka World Kampanyaları,https://albaraka.com.tr/tr/world-dunyasi/detay/idefix-harcamalarinizda-worlde-ozel-6-taksit-firsati,2026-07-01,2026-08-31,active,unknown,ok,1,0.94,Kart harcamasına taksit/vade farksız avantajı bulundu.,2026-07-31T05:05:07+00:00,2026-08-10T11:17:32+00:00,2026-08-10T11:17:32+00:00,,,,,,,,,,,,,,,
69,Albaraka Türk,"İstikbal, Bellona ve Mondihome'da World’e Özel 9 Taksit Fırsatı!",card_campaign,Albaraka World Kampanyaları,https://albaraka.com.tr/tr/world-dunyasi/detay/istikbal-bellona-ve-mondihomeda-worlde-ozel-9-taksit-firsati,2026-05-01,2026-06-15,expired,unknown,ok,1,0.94,Kart harcamasına taksit/vade farksız avantajı bulundu.,2026-07-31T05:05:07+00:00,2026-08-10T11:17:32+00:00,2026-08-10T11:17:32+00:00,,,,,,,,,,,,,,,
49,Albaraka Türk,Şubesiz Umre Finansmanı,finance_campaign,Genel Kampanyalar,https://albaraka.com.tr/tr/kampanyalar/detay/umre-finansmani-kampanyasi,,,active,unknown,ok,1,0.96,Açık finansman ürünü ve somut kampanya kanıtı bulundu.,2026-07-31T05:05:07+00:00,2026-08-10T11:17:32+00:00,2026-08-10T11:17:32+00:00,Umre Finansmanı,0.0,0.0,50000.0,50000.0,4,4,4,,,,,,Vade Farksız Finansman: 50.000 TL’ye kadar vade farksız finansman imkânı.,
319,Dünya Katılım,A101 de Vade Farksız 6 Aya Varan Taksit Fırsatı!,card_campaign,Dünya Katılım Kendim İçin,https://dunyakatilim.com.tr/kampanyalar/a-101-paraf,,2026-08-31,active,active,ok,1,0.97,Başlıktaki açık kampanya sinyaline göre hedefli kategori düzeltmesi.,2026-08-05T08:08:51+00:00,2026-08-10T11:18:16+00:00,2026-08-10T11:18:16+00:00,,,,,,,,,,,,,,,
320,Dünya Katılım,Alfemo’da Peşin fiyatına 8 Taksit Fırsatı!,card_campaign,Dünya Katılım Kendim İçin,https://dunyakatilim.com.tr/kampanyalar/alfemo,,2026-08-31,active,active,ok,1,0.97,Başlıktaki açık kampanya sinyaline göre hedefli kategori düzeltmesi.,2026-08-05T08:08:51+00:00,2026-08-10T11:18:16+00:00,2026-08-10T11:18:16+00:00,,,,,,,,,,,,,,,
321,Dünya Katılım,Altın Kazandıran Alışveriş Dünya Katılım’da !,points_campaign,Dünya Katılım Kendim İçin,https://dunyakatilim.com.tr/kampanyalar/altin-kesemTicari,,,active,active,ok,1,1.0,MANUEL DOĞRULAMA: Kart harcamaları karşılığında gram altın ödülü kazandırıyor.,2026-08-05T08:08:51+00:00,2026-08-10T11:18:16+00:00,2026-08-10T11:18:16+00:00,,,,,,,,,,,,,,,
411,Dünya Katılım,Casper.com.tr'de Peşin Fiyatına 3 Taksit Fırsatı!,card_campaign,Dünya Katılım Kendim İçin,https://dunyakatilim.com.tr/kampanyalar/casper-com-tr-de-pesin-fiyatina-6-taksit-firsati,,2026-08-31,active,active,ok,1,0.97,Başlıktaki açık kampanya sinyaline göre hedefli kategori düzeltmesi.,2026-08-10T06:22:16+00:00,2026-08-10T11:18:16+00:00,2026-08-10T11:18:16+00:00,,,,,,,,,,,,,,,
324,Dünya Katılım,DKart Debit'le Jack & Jones’da Harcadıkça Kazanın!,discount_campaign,Dünya Katılım Kendim İçin,https://dunyakatilim.com.tr/kampanyalar/jack-jones,,2026-08-31,active,active,ok,1,0.94,İndirim veya iade avantajı bulundu.,2026-08-05T08:08:51+00:00,2026-08-10T11:18:16+00:00,2026-08-10T11:18:16+00:00,,,,,,,,,,,,,,,
325,Dünya Katılım,DKart Debit'le Koton’da Harcadıkça Kazanın!,discount_campaign,Dünya Katılım Kendim İçin,https://dunyakatilim.com.tr/kampanyalar/koton,,2026-08-31,active,active,ok,1,0.94,İndirim veya iade avantajı bulundu.,2026-08-05T08:08:51+00:00,2026-08-10T11:18:16+00:00,2026-08-10T11:18:16+00:00,,,,,,,,,,,,,,,
322,Dünya Katılım,"Davet Et, Altın Kazan!",new_customer_campaign,Dünya Katılım Kendim İçin,https://dunyakatilim.com.tr/kampanyalar/davetetkazan,,,active,active,ok,1,0.95,Yeni müşteri avantajı bulundu.,2026-08-05T08:08:51+00:00,2026-08-10T11:18:16+00:00,2026-08-10T11:18:16+00:00,,,,,,,,,,,,,,,
323,Dünya Katılım,Divarese’de 4 Taksit Fırsatı!,card_campaign,Dünya Katılım Kendim İçin,https://dunyakatilim.com.tr/kampanyalar/divarese,,2026-08-31,active,active,ok,1,0.97,Başlıktaki açık kampanya sinyaline göre hedefli kategori düzeltmesi.,2026-08-05T08:08:51+00:00,2026-08-10T11:18:16+00:00,2026-08-10T11:18:16+00:00,,,,,,,,,,,,,,,
326,Dünya Katılım,Dyson’da Peşin Fiyatına 9 Aya Varan Taksit Fırsatı!,card_campaign,Dünya Katılım Kendim İçin,https://dunyakatilim.com.tr/kampanyalar/dyson,,2026-08-31,active,active,ok,1,0.97,Başlıktaki açık kampanya sinyaline göre hedefli kategori düzeltmesi.,2026-08-05T08:08:51+00:00,2026-08-10T11:18:16+00:00,2026-08-10T11:18:16+00:00,,,,,,,,,,,,,,,
327,Dünya Katılım,D’S Damat’ta 6 Aya Varan Taksit Fırsatı!,card_campaign,Dünya Katılım Kendim İçin,https://dunyakatilim.com.tr/kampanyalar/dsdamat,,2026-08-31,active,active,ok,1,0.97,Başlıktaki açık kampanya sinyaline göre hedefli kategori düzeltmesi.,2026-08-05T08:08:51+00:00,2026-08-10T11:18:16+00:00,2026-08-10T11:18:16+00:00,,,,,,,,,,,,,,,
328,Dünya Katılım,Enerya yeni doğal gaz abonelerine Dünya Katılım’dan finansman fırsatı!,finance_campaign,Dünya Katılım Kendim İçin,https://dunyakatilim.com.tr/kampanyalar/enerya-finansmani,,,active,active,ok,1,0.96,Açık finansman ürünü ve somut kampanya kanıtı bulundu.,2026-08-05T08:08:51+00:00,2026-08-10T11:18:16+00:00,2026-08-10T11:18:16+00:00,Diğer Finansman,,,,,2,6,,,,,Masraf bilgisi mevcut,"Abonelik bedeli ve tesisat masraflarınızı karşılamak için sunduğumuz finansman seçenekleri, bütçenizi zorlamadan doğalgaz konforuna ve tasarrufuna ulaşmanızı kolaylaştırır.","Antalya, Aydın, Denizli ve Konya illerinde gerçekleştirilecek yeni abonelik işlemlerinde vade farksız finansman imkanı sağlanacaktır.",
329,Dünya Katılım,Gürgençler’de Peşin Fiyatına 9 Aya Varan Taksit Fırsatı!,card_campaign,Dünya Katılım Kendim İçin,https://dunyakatilim.com.tr/kampanyalar/gurgencler,,2026-08-31,active,active,ok,1,0.97,Başlıktaki açık kampanya sinyaline göre hedefli kategori düzeltmesi.,2026-08-05T08:08:51+00:00,2026-08-10T11:18:16+00:00,2026-08-10T11:18:16+00:00,,,,,,,,,,,,,,,
412,Dünya Katılım,Hepsiburada'da Peşin Fiyatına 6 Aya Varan Taksit Fırsatı!,card_campaign,Dünya Katılım Kendim İçin,https://dunyakatilim.com.tr/kampanyalar/hepsiburada,,2026-08-31,active,active,ok,1,0.97,Başlıktaki açık kampanya sinyaline göre hedefli kategori düzeltmesi.,2026-08-10T06:22:16+00:00,2026-08-10T11:18:16+00:00,2026-08-10T11:18:16+00:00,,,,,,,,,,,,,,,
330,Dünya Katılım,ITOPYA.COM'da Vade Farksız 6 Taksit Fırsatı!,card_campaign,Dünya Katılım Kendim İçin,https://dunyakatilim.com.tr/kampanyalar/itopya,,2026-08-31,active,active,ok,1,0.97,Başlıktaki açık kampanya sinyaline göre hedefli kategori düzeltmesi.,2026-08-05T08:08:51+00:00,2026-08-10T11:18:16+00:00,2026-08-10T11:18:16+00:00,,,,,,,,,,,,,,,
334,Dünya Katılım,Kip’te 5 Taksit Fırsatı!,card_campaign,Dünya Katılım Kendim İçin,https://dunyakatilim.com.tr/kampanyalar/kip,,2026-08-31,active,active,ok,1,0.97,Başlıktaki açık kampanya sinyaline göre hedefli kategori düzeltmesi.,2026-08-05T08:08:51+00:00,2026-08-10T11:18:16+00:00,2026-08-10T11:18:16+00:00,,,,,,,,,,,,,,,
336,Dünya Katılım,Monster Notebook’ta Peşin Fiyatına 12 Aya Varan Taksit Fırsatı!,card_campaign,Dünya Katılım Kendim İçin,https://dunyakatilim.com.tr/kampanyalar/monster,,2026-08-31,active,active,ok,1,0.97,Başlıktaki açık kampanya sinyaline göre hedefli kategori düzeltmesi.,2026-08-05T08:08:51+00:00,2026-08-10T11:18:16+00:00,2026-08-10T11:18:16+00:00,,,,,,,,,,,,,,,
337,Dünya Katılım,N11'de Peşin Fiyatına 3 Taksit Fırsatı,card_campaign,Dünya Katılım Kendim İçin,https://dunyakatilim.com.tr/kampanyalar/n11,,2026-08-31,active,active,ok,1,0.97,Başlıktaki açık kampanya sinyaline göre hedefli kategori düzeltmesi.,2026-08-05T08:08:51+00:00,2026-08-10T11:18:16+00:00,2026-08-10T11:18:16+00:00,,,,,,,,,,,,,,,
338,Dünya Katılım,Network’te 4 Taksit Fırsatı!,card_campaign,Dünya Katılım Kendim İçin,https://dunyakatilim.com.tr/kampanyalar/network,,2026-08-31,active,active,ok,1,0.97,Başlıktaki açık kampanya sinyaline göre hedefli kategori düzeltmesi.,2026-08-05T08:08:51+00:00,2026-08-10T11:18:16+00:00,2026-08-10T11:18:16+00:00,,,,,,,,,,,,,,,
339,Dünya Katılım,Paraf ile Demirdöküm’de 9 Aya Varan Taksit Fırsatı!,card_campaign,Dünya Katılım Kendim İçin,https://dunyakatilim.com.tr/kampanyalar/demirdokum,,2026-08-31,active,active,ok,1,0.97,Başlıktaki açık kampanya sinyaline göre hedefli kategori düzeltmesi.,2026-08-05T08:08:51+00:00,2026-08-10T11:18:16+00:00,2026-08-10T11:18:16+00:00,,,,,,,,,,,,,,,
340,Dünya Katılım,Paraf ile Evidea’da 4 Taksit Fırsatı!,card_campaign,Dünya Katılım Kendim İçin,https://dunyakatilim.com.tr/kampanyalar/evidea,,2026-08-31,active,active,ok,1,0.97,Başlıktaki açık kampanya sinyaline göre hedefli kategori düzeltmesi.,2026-08-05T08:08:51+00:00,2026-08-10T11:18:16+00:00,2026-08-10T11:18:16+00:00,,,,,,,,,,,,,,,
341,Dünya Katılım,Paraf ile Koçtaş'ta 5 Taksit Fırsatı!,card_campaign,Dünya Katılım Kendim İçin,https://dunyakatilim.com.tr/kampanyalar/koctas,,2026-08-31,active,active,ok,1,0.97,Başlıktaki açık kampanya sinyaline göre hedefli kategori düzeltmesi.,2026-08-05T08:08:51+00:00,2026-08-10T11:18:16+00:00,2026-08-10T11:18:16+00:00,,,,,,,,,,,,,,,
415,Dünya Katılım,Paraf ile Yenilio'da Peşin Fiyatına 12 Aya Varan Taksit Fırsatı!,card_campaign,Dünya Katılım Kendim İçin,https://dunyakatilim.com.tr/kampanyalar/yenilio,,2026-08-31,active,active,ok,1,0.97,Başlıktaki açık kampanya sinyaline göre hedefli kategori düzeltmesi.,2026-08-10T06:22:16+00:00,2026-08-10T11:18:16+00:00,2026-08-10T11:18:16+00:00,,,,,,,,,,,,,,,
342,Dünya Katılım,Paraf İle ADV Mağazalarında 6 Taksit Fırsatı!,card_campaign,Dünya Katılım Kendim İçin,https://dunyakatilim.com.tr/kampanyalar/adv,,2026-08-31,active,active,ok,1,0.97,Başlıktaki açık kampanya sinyaline göre hedefli kategori düzeltmesi.,2026-08-05T08:08:51+00:00,2026-08-10T11:18:16+00:00,2026-08-10T11:18:16+00:00,,,,,,,,,,,,,,,
343,Dünya Katılım,Paraf İle Damat Tween’de 6 Taksit Fırsatı!,card_campaign,Dünya Katılım Kendim İçin,https://dunyakatilim.com.tr/kampanyalar/damat-tween,,2026-08-31,active,active,ok,1,0.97,Başlıktaki açık kampanya sinyaline göre hedefli kategori düzeltmesi.,2026-08-05T08:08:51+00:00,2026-08-10T11:18:16+00:00,2026-08-10T11:18:16+00:00,,,,,,,,,,,,,,,
344,Dünya Katılım,Paraf İle Zsa Zsa Zsu Mağazalarında 6 Taksit Fırsatı!,card_campaign,Dünya Katılım Kendim İçin,https://dunyakatilim.com.tr/kampanyalar/zsa-zsa-zsu,,2026-08-31,active,active,ok,1,0.97,Başlıktaki açık kampanya sinyaline göre hedefli kategori düzeltmesi.,2026-08-05T08:08:51+00:00,2026-08-10T11:18:16+00:00,2026-08-10T11:18:16+00:00,,,,,,,,,,,,,,,
345,Dünya Katılım,Pazarama’da Peşin Fiyatına 6 Taksit Fırsatı!,card_campaign,Dünya Katılım Kendim İçin,https://dunyakatilim.com.tr/kampanyalar/pazarama-paraf,,2026-08-31,active,active,ok,1,1.0,MANUEL DOĞRULAMA: Kampanya indirim değil; Paraf kartla peşin fiyatına 6 aya varan taksit avantajı sunuyor.,2026-08-05T08:08:51+00:00,2026-08-10T11:18:16+00:00,2026-08-10T11:18:16+00:00,,,,,,,,,,,,,,,
413,Dünya Katılım,PttAVM.com'da Peşin Fiyatına 3 Taksit Fırsatı!,card_campaign,Dünya Katılım Kendim İçin,https://dunyakatilim.com.tr/kampanyalar/pttavm,,2026-08-31,active,active,ok,1,0.97,Başlıktaki açık kampanya sinyaline göre hedefli kategori düzeltmesi.,2026-08-10T06:22:16+00:00,2026-08-10T11:18:16+00:00,2026-08-10T11:18:16+00:00,,,,,,,,,,,,,,,
346,Dünya Katılım,Ramsey’de 5 Taksit Fırsatı!,card_campaign,Dünya Katılım Kendim İçin,https://dunyakatilim.com.tr/kampanyalar/ramsey,,2026-08-31,active,active,ok,1,0.97,Başlıktaki açık kampanya sinyaline göre hedefli kategori düzeltmesi.,2026-08-05T08:08:51+00:00,2026-08-10T11:18:16+00:00,2026-08-10T11:18:16+00:00,,,,,,,,,,,,,,,
414,Dünya Katılım,Schafer Mağazalarında Vade Farksız 9 Aya Varan Taksit Fırsatı!,card_campaign,Dünya Katılım Kendim İçin,https://dunyakatilim.com.tr/kampanyalar/schafer,,2026-08-31,active,active,ok,1,0.97,Başlıktaki açık kampanya sinyaline göre hedefli kategori düzeltmesi.,2026-08-10T06:22:16+00:00,2026-08-10T11:18:16+00:00,2026-08-10T11:18:16+00:00,,,,,,,,,,,,,,,
350,Dünya Katılım,"TROY kartla idefix’te yaz boyunca her 1.000 TL’ye 200 TL, toplamda 3.000 TL’ye varan anında indirim fırsatı!",discount_campaign,Dünya Katılım Kendim İçin,https://dunyakatilim.com.tr/kampanyalar/troy-idefix,2026-08-01,2026-08-31,active,active,ok,1,0.94,İndirim veya iade avantajı bulundu.,2026-08-05T08:08:51+00:00,2026-08-10T11:18:16+00:00,2026-08-10T11:18:16+00:00,,,,,,,,,,,,,,,
348,Dünya Katılım,Touristica.com.tr'de Peşin Fiyatına 9 Taksit Fırsatı!,card_campaign,Dünya Katılım Kendim İçin,https://dunyakatilim.com.tr/kampanyalar/touristica,,2026-08-31,active,active,ok,1,0.97,Başlıktaki açık kampanya sinyaline göre hedefli kategori düzeltmesi.,2026-08-05T08:08:51+00:00,2026-08-10T11:18:16+00:00,2026-08-10T11:18:16+00:00,,,,,,,,,,,,,,,
349,Dünya Katılım,Trendyol'da Peşin Fiyatına 9 Aya Varan Taksit Fırsatı!,card_campaign,Dünya Katılım Kendim İçin,https://dunyakatilim.com.tr/kampanyalar/trendyol,,2026-08-31,active,active,ok,1,0.97,Başlıktaki açık kampanya sinyaline göre hedefli kategori düzeltmesi.,2026-08-05T08:08:51+00:00,2026-08-10T11:18:16+00:00,2026-08-10T11:18:16+00:00,,,,,,,,,,,,,,,
351,Dünya Katılım,Twist’te 4 Taksit Fırsatı!,card_campaign,Dünya Katılım Kendim İçin,https://dunyakatilim.com.tr/kampanyalar/twist,,2026-08-31,active,active,ok,1,0.97,Başlıktaki açık kampanya sinyaline göre hedefli kategori düzeltmesi.,2026-08-05T08:08:51+00:00,2026-08-10T11:18:16+00:00,2026-08-10T11:18:16+00:00,,,,,,,,,,,,,,,
354,Dünya Katılım,VAKKO’da 4 Taksit Fırsatı!,card_campaign,Dünya Katılım Kendim İçin,https://dunyakatilim.com.tr/kampanyalar/vakko,,2026-08-31,active,active,ok,1,0.97,Başlıktaki açık kampanya sinyaline göre hedefli kategori düzeltmesi.,2026-08-05T08:08:51+00:00,2026-08-10T11:18:16+00:00,2026-08-10T11:18:16+00:00,,,,,,,,,,,,,,,
352,Dünya Katılım,Vaillant’ta 9 Aya Varan Taksit Fırsatı!,card_campaign,Dünya Katılım Kendim İçin,https://dunyakatilim.com.tr/kampanyalar/vaillant,,2026-08-31,active,active,ok,1,0.97,Başlıktaki açık kampanya sinyaline göre hedefli kategori düzeltmesi.,2026-08-05T08:08:51+00:00,2026-08-10T11:18:16+00:00,2026-08-10T11:18:16+00:00,,,,,,,,,,,,,,,
353,Dünya Katılım,Vakkorama’da 4 taksit Fırsatı!,card_campaign,Dünya Katılım Kendim İçin,https://dunyakatilim.com.tr/kampanyalar/vakkorama,,2026-08-31,active,active,ok,1,0.97,Başlıktaki açık kampanya sinyaline göre hedefli kategori düzeltmesi.,2026-08-05T08:08:51+00:00,2026-08-10T11:18:16+00:00,2026-08-10T11:18:16+00:00,,,,,,,,,,,,,,,
355,Dünya Katılım,Vatan’da Peşin Fiyatına 6 Aya Varan Taksit Fırsatı!,card_campaign,Dünya Katılım Kendim İçin,https://dunyakatilim.com.tr/kampanyalar/vatan,,2026-08-31,active,active,ok,1,0.97,Başlıktaki açık kampanya sinyaline göre hedefli kategori düzeltmesi.,2026-08-05T08:08:51+00:00,2026-08-10T11:18:16+00:00,2026-08-10T11:18:16+00:00,,,,,,,,,,,,,,,
356,Dünya Katılım,Vestel’de 9 Aya Varan Taksit Fırsatı!,card_campaign,Dünya Katılım Kendim İçin,https://dunyakatilim.com.tr/kampanyalar/vestel,,2026-08-31,active,active,ok,1,0.97,Başlıktaki açık kampanya sinyaline göre hedefli kategori düzeltmesi.,2026-08-05T08:08:51+00:00,2026-08-10T11:18:16+00:00,2026-08-10T11:18:16+00:00,,,,,,,,,,,,,,,
357,Dünya Katılım,Yataş’ta 8 Taksit Fırsatı!,card_campaign,Dünya Katılım Kendim İçin,https://dunyakatilim.com.tr/kampanyalar/yatas,,2026-08-31,active,active,ok,1,0.97,Başlıktaki açık kampanya sinyaline göre hedefli kategori düzeltmesi.,2026-08-05T08:08:51+00:00,2026-08-10T11:18:16+00:00,2026-08-10T11:18:16+00:00,,,,,,,,,,,,,,,
331,Dünya Katılım,İder Mobilya’da 7 Taksite %15 indirim Fırsatı!,discount_campaign,Dünya Katılım Kendim İçin,https://dunyakatilim.com.tr/kampanyalar/ider,,2026-08-31,active,active,ok,1,0.97,Başlıktaki açık kampanya sinyaline göre hedefli kategori düzeltmesi.,2026-08-05T08:08:51+00:00,2026-08-10T11:18:16+00:00,2026-08-10T11:18:16+00:00,,,,,,,,,,,,,,,
332,Dünya Katılım,İncehesap.Com'da Peşin Fiyatına 3 Taksit Fırsatı!,card_campaign,Dünya Katılım Kendim İçin,https://dunyakatilim.com.tr/kampanyalar/incehesap,,2026-08-31,active,active,ok,1,0.97,Başlıktaki açık kampanya sinyaline göre hedefli kategori düzeltmesi.,2026-08-05T08:08:51+00:00,2026-08-10T11:18:16+00:00,2026-08-10T11:18:16+00:00,,,,,,,,,,,,,,,
333,Dünya Katılım,İpekyol’da 4 Taksit Fırsatı!,card_campaign,Dünya Katılım Kendim İçin,https://dunyakatilim.com.tr/kampanyalar/ipekyol,,2026-08-31,active,active,ok,1,0.97,Başlıktaki açık kampanya sinyaline göre hedefli kategori düzeltmesi.,2026-08-05T08:08:51+00:00,2026-08-10T11:18:16+00:00,2026-08-10T11:18:16+00:00,,,,,,,,,,,,,,,
359,Hayat Finans,"Arkadaşını Davet Et, Avantajlı Hesapla Kazanmaya Başla!",new_customer_campaign,Kampanyalar,https://hayatfinans.com.tr/kampanyalar/arkadasini-getir-avantajli-hesap-ac-nakit-odul-kazan,2026-07-16,2026-08-16,active,unknown,ok,1,0.99,Davet koduyla yeni müşteri kazanımı ve ilk Avantajlı Hesap açılışına bağlı nakit ödül kampanyası.,2026-08-05T13:57:26+00:00,2026-08-10T11:18:31+00:00,2026-08-10T11:18:31+00:00,,,,,,,,,,,,,,,
360,Hayat Finans,Avantajlı Hesap Müşterilerine Özel FX Dar Makas Avantajı!,other_campaign,Kampanyalar,https://hayatfinans.com.tr/kampanyalar/avantajli-hesap-musterilerine-ozel-fx-dar-makas-avantaji,2026-07-17,2026-08-17,active,unknown,ok,1,0.99,Avantajlı Hesap sahiplerine özel döviz işlemi/dar makas kampanyası; mevcut sınıflandırma sözlüğünde yatırım kategorisi bulunmadığı için diğer kampanya olarak tutuldu.,2026-08-05T13:57:26+00:00,2026-08-10T11:18:31+00:00,2026-08-10T11:18:31+00:00,,,,,,,,,,,,,,,
361,Hayat Finans,Bana Bunu Al İş Ortağım ile Troy Mağazalarında Taksit Fırsatları,finance_campaign,Kampanyalar,https://hayatfinans.com.tr/kampanyalar/bana-bunu-al-is-ortagim-ile-troy-magaza-firsatlari,,2026-08-31,active,unknown,ok,1,0.99,Bana Bunu Al finansmanı ile Troy mağazalarında üst limitli ve 3 aya varan alışveriş finansmanı kampanyası.,2026-08-05T13:57:26+00:00,2026-08-10T11:18:31+00:00,2026-08-10T11:18:31+00:00,Diğer Finansman,,,,,3,3,3,,,,,,Hayat Finanslılara özel Troy mağazalarında 3 aya varan taksit fırsatı Bana Bunu Al İş Ortağımda!,
358,Hayat Finans,"Birikimin Büyüsün, Avantajın Bitmesin!",other_campaign,Kampanyalar,https://hayatfinans.com.tr/hesaplar/avantajli-hesap,2026-05-12,2026-10-08,active,unknown,ok,1,0.99,Avantajlı katılma hesabına özel kâr paylaşım oranı kampanyası; mevcut sınıflandırma sözlüğünde yatırım/tasarruf kategorisi bulunmadığı için diğer kampanya olarak tutuldu.,2026-08-05T13:57:26+00:00,2026-08-10T11:18:31+00:00,2026-08-10T11:18:31+00:00,,,,,,,,,,,,,,,
363,Hayat Finans,Biz Kart Arkadaşını Getir & Kazan,new_customer_campaign,Kampanyalar,https://hayatfinans.com.tr/kampanyalar/biz-kart-ile-arkadasini-getir-kazan,2026-06-16,2026-08-31,active,unknown,ok,1,0.99,Davet koduyla yeni müşteri ve Biz Kart başvurusu üzerinden nakit ödül kampanyası.,2026-08-05T13:57:26+00:00,2026-08-10T11:18:31+00:00,2026-08-10T11:18:31+00:00,,,,,,,,,,,,,,,
362,Hayat Finans,Biz Kart Dijital Üyelikler,discount_campaign,Kampanyalar,https://hayatfinans.com.tr/kampanyalar/biz-kart-dijital-uyelikler-kampanyasi,2026-06-16,2026-08-31,active,unknown,ok,1,0.99,Dijital üyelik ödemelerinde yüzde 75 nakit iade kampanyası.,2026-08-05T13:57:26+00:00,2026-08-10T11:18:31+00:00,2026-08-10T11:18:31+00:00,,,,,,,,,,,,,,,
364,Hayat Finans,Biz Kart Yemek Harcamalarında %10 Nakit İade,discount_campaign,Kampanyalar,https://hayatfinans.com.tr/kampanyalar/biz-kart-yemek-harcamasi-nakit-iade-kampanyasi,2026-02-06,2026-08-31,active,unknown,ok,1,0.99,Mevcut veya yeni Biz Kart sahiplerinin yemek harcamalarına nakit iade kampanyası; yalnızca yeni müşterilere özel değildir.,2026-08-05T13:57:26+00:00,2026-08-10T11:18:31+00:00,2026-08-10T11:18:31+00:00,,,,,,,,,,,,,,,
367,Hayat Finans,Gümüş İşlemleri Hayat FX'te,other_campaign,Kampanyalar,https://hayatfinans.com.tr/kampanyalar/hayatfx-ile-gumus-islemleri,2026-06-01,2026-08-31,active,unknown,ok,1,0.99,Gümüş alım-satım işlemlerine dar makas kampanyası; mevcut sınıflandırma sözlüğünde yatırım kategorisi bulunmadığı için diğer kampanya olarak tutuldu.,2026-08-05T13:57:26+00:00,2026-08-10T11:18:31+00:00,2026-08-10T11:18:31+00:00,,,,,,,,,,,,,,,
365,Hayat Finans,Hayat Finans İş Birliği ile GastroClub Ayrıcalıkları Neler Sunuyor?,discount_campaign,Kampanyalar,https://hayatfinans.com.tr/kampanyalar/hayat-finans-ile-gastroclub-ayricaliklari,,,active,unknown,ok,1,0.99,GastroClub iş yerlerinde indirim ve ayrıcalık kampanyası.,2026-08-05T13:57:26+00:00,2026-08-10T11:18:31+00:00,2026-08-10T11:18:31+00:00,,,,,,,,,,,,,,,
368,Hayat Finans,Hayat Finanslılara özel Xiaomi mağazalarında 3 aya varan taksit fırsatı Bana Bunu Al İş Ortağımda!,finance_campaign,Kampanyalar,https://hayatfinans.com.tr/kampanyalar/xiaomi-urunlerinde-finansman-avantaji,,2026-08-31,active,unknown,ok,1,0.99,Bana Bunu Al finansmanı ile Xiaomi mağazalarında üst limitli ve 3 aya varan alışveriş finansmanı kampanyası.,2026-08-05T13:57:26+00:00,2026-08-10T11:18:31+00:00,2026-08-10T11:18:31+00:00,Diğer Finansman,,,,,3,3,3,,,,,,Xiaomi Ürünlerinde Finansman Avantajı Hayat Finanslılara özel Xiaomi mağazalarında 3 aya varan taksit fırsatı Bana Bunu Al İş Ortağımda!,
366,Hayat Finans,Hayat Finans’la İşlem Yaptıkça Kazan,discount_campaign,Kampanyalar,https://hayatfinans.com.tr/kampanyalar/hayatfinansla-islem-yaptikca-kazan,2026-07-02,2026-12-31,active,unknown,ok,1,0.99,Bankacılık işlemleri sonucunda Hayat Pay cüzdanına nakit ödül/iade kazandıran kampanya.,2026-08-05T13:57:26+00:00,2026-08-10T11:18:31+00:00,2026-08-10T11:18:31+00:00,,,,,,,,,,,,,,,
122,Kuveyt Türk,750 TL'ye Varan Altın Puan Dokunuşu!,points_campaign,Kuveyt Türk Bireysel Kart Kampanyaları,https://kuveytturk.com.tr/kampanyalar/kendim-icin/kart-kampanyalari/750-tlye-varan-altin-puan-dokunusu,2026-06-08,2026-07-31,active,unknown,ok,1,0.96,Puan veya Worldpuan avantajı bulundu.,2026-07-31T10:44:13+00:00,2026-07-31T10:44:13+00:00,2026-07-31T10:44:13+00:00,,,,,,,,,,,,,,,
123,Kuveyt Türk,Adore Mobilya'da 4.000 TL İndirim ve Vade Farksız 9 Aya Varan Taksit Fırsatı!,discount_campaign,Kuveyt Türk Bireysel Kart Kampanyaları,https://kuveytturk.com.tr/kampanyalar/kendim-icin/kart-kampanyalari/adore-mobilyada-4000-tl-indirim-vade-farksiz-9-aya-varan-taksit-firsati,2026-07-01,2026-07-31,active,unknown,ok,1,0.97,Başlıkta indirim veya iade avantajı bulundu.,2026-07-31T10:44:13+00:00,2026-07-31T10:44:13+00:00,2026-07-31T10:44:13+00:00,,,,,,,,,,,,,,,
124,Kuveyt Türk,Adore Mobilya’da Vade Farksız 9 Aya Varan Taksit Fırsatı!,card_campaign,Kuveyt Türk Bireysel Kart Kampanyaları,https://kuveytturk.com.tr/kampanyalar/kendim-icin/kart-kampanyalari/adore-mobilyada-vade-farksiz-9-aya-varan-taksit-firsati,2026-05-14,2026-12-31,active,unknown,ok,1,0.97,Başlıkta kart veya taksit avantajı bulundu.,2026-07-31T10:44:13+00:00,2026-07-31T10:44:13+00:00,2026-07-31T10:44:13+00:00,,,,,,,,,,,,,,,
185,Kuveyt Türk,Akademisyenlere Özel Avantaj Paketi,new_customer_campaign,Kuveyt Türk Bireysel Müşteri Ol Kampanyaları,https://kuveytturk.com.tr/kampanyalar/kendim-icin/musteri-ol-kampanyalari/akademisyenlere-ozel-avantaj-paketi,2025-08-11,2026-12-31,active,unknown,ok,1,1.0,MANUEL DOĞRULAMA: Çekilen 'Konut Finansmanı Avantajları' başlığı sayfa içi alt başlıktır. Kaynak URL ve metin akademisyenlere özel müşteri olma avantaj paketini gösteriyor.,2026-07-31T10:44:13+00:00,2026-07-31T10:44:13+00:00,2026-07-31T10:44:13+00:00,,,,,,,,,,,,,,,
87,Kuveyt Türk,Akaryakıt Harcamalarınıza Her Ay Ekstra 2.000 Mil'e Varan Fırsat!,card_campaign,Kuveyt Türk Ticari Kart Kampanyaları,https://kuveytturk.com.tr/kampanyalar/isim-icin/kart-kampanyalari/akaryakit-harcamalariniza-her-ay-ekstra-2000-mile-varan-firsat,2026-06-25,2026-12-31,active,unknown,ok,1,0.93,Kart veya taksit avantajı bulundu.,2026-07-31T10:44:13+00:00,2026-07-31T10:44:13+00:00,2026-07-31T10:44:13+00:00,,,,,,,,,,,,,,,
125,Kuveyt Türk,Akaryakıtta 200 TL'ye Varan Altın Puan Fırsatı!,points_campaign,Kuveyt Türk Bireysel Kart Kampanyaları,https://kuveytturk.com.tr/kampanyalar/kendim-icin/kart-kampanyalari/akaryakitta-200-tlye-varan-altin-puan-firsati,2026-07-01,2026-07-31,active,unknown,ok,1,0.96,Puan veya Worldpuan avantajı bulundu.,2026-07-31T10:44:13+00:00,2026-07-31T10:44:13+00:00,2026-07-31T10:44:13+00:00,,,,,,,,,,,,,,,
126,Kuveyt Türk,Almila Mobilya’da 9 Aya Varan Taksit Fırsatı!,card_campaign,Kuveyt Türk Bireysel Kart Kampanyaları,https://kuveytturk.com.tr/kampanyalar/kendim-icin/kart-kampanyalari/almila-mobilyada-9-aya-varan-taksit-firsati,2026-06-05,2026-12-31,active,unknown,ok,1,0.97,Başlıkta kart veya taksit avantajı bulundu.,2026-07-31T10:44:13+00:00,2026-07-31T10:44:13+00:00,2026-07-31T10:44:13+00:00,,,,,,,,,,,,,,,
127,Kuveyt Türk,Altınyıldız’da Vade Farksız 2 Taksit Fırsatı,card_campaign,Kuveyt Türk Bireysel Kart Kampanyaları,https://kuveytturk.com.tr/kampanyalar/kendim-icin/kart-kampanyalari/altinyildizda-vade-farksiz-2-taksit-firsati,2026-07-28,2026-12-31,active,unknown,ok,1,0.97,Başlıkta kart veya taksit avantajı bulundu.,2026-07-31T10:44:13+00:00,2026-07-31T10:44:13+00:00,2026-07-31T10:44:13+00:00,,,,,,,,,,,,,,,
101,Kuveyt Türk,Araç Finansmanı Onaylanan KOBİ’lere HGS Kampanyası,other_campaign,Kuveyt Türk Ticari KOBİ Kampanyaları,https://kuveytturk.com.tr/kampanyalar/isim-icin/kobi-kampanyalari/arac-finansmani-onaylanan-kobilere-hgs-kampanyasi,2026-07-17,2026-12-31,active,unknown,ok,1,1.0,MANUEL DOĞRULAMA: Kampanya finansman ürünü sunmuyor; araç finansmanı onaylanan KOBİ müşterilerine ücretsiz HGS etiketi hediye ediyor.,2026-07-31T10:44:13+00:00,2026-07-31T10:44:13+00:00,2026-07-31T10:44:13+00:00,,,,,,,,,,,,,,,
128,Kuveyt Türk,Avansas’da Vade Farksız 5 Aya Varan Taksit Fırsatı!,card_campaign,Kuveyt Türk Bireysel Kart Kampanyaları,https://kuveytturk.com.tr/kampanyalar/kendim-icin/kart-kampanyalari/avansasda-vade-farksiz-5-aya-varan-taksit-firsati,2026-07-16,2026-12-31,active,unknown,ok,1,0.97,Başlıkta kart veya taksit avantajı bulundu.,2026-07-31T10:44:13+00:00,2026-07-31T10:44:13+00:00,2026-07-31T10:44:13+00:00,,,,,,,,,,,,,,,
129,Kuveyt Türk,Barçın Spor’da 4 Taksit Fırsatı!,card_campaign,Kuveyt Türk Bireysel Kart Kampanyaları,https://kuveytturk.com.tr/kampanyalar/kendim-icin/kart-kampanyalari/barcin-sporda-4-taksit-firsati,2026-07-21,2026-12-31,active,unknown,ok,1,0.97,Başlıkta kart veya taksit avantajı bulundu.,2026-07-31T10:44:13+00:00,2026-07-31T10:44:13+00:00,2026-07-31T10:44:13+00:00,,,,,,,,,,,,,,,
130,Kuveyt Türk,Bella Maison'da %25 İndirim Fırsatı!,discount_campaign,Kuveyt Türk Bireysel Kart Kampanyaları,https://kuveytturk.com.tr/kampanyalar/kendim-icin/kart-kampanyalari/bella-maisonda-25-indirim-firsati,2026-07-01,2076-07-31,active,unknown,ok,1,0.97,Başlıkta indirim veya iade avantajı bulundu.,2026-07-31T10:44:13+00:00,2026-07-31T10:44:13+00:00,2026-07-31T10:44:13+00:00,,,,,,,,,,,,,,,
131,Kuveyt Türk,Beymen’de Vade Farksız 4 Aya Varan Taksit Fırsatı,card_campaign,Kuveyt Türk Bireysel Kart Kampanyaları,https://kuveytturk.com.tr/kampanyalar/kendim-icin/kart-kampanyalari/beymende-vade-farksiz-4-aya-varan-taksit-firsati,2026-06-19,2026-12-31,active,unknown,ok,1,0.97,Başlıkta kart veya taksit avantajı bulundu.,2026-07-31T10:44:13+00:00,2026-07-31T10:44:13+00:00,2026-07-31T10:44:13+00:00,,,,,,,,,,,,,,,
132,Kuveyt Türk,Brandy’s Mağazalarında Vade Farksız 3 Aya Varan Taksit Fırsatı,card_campaign,Kuveyt Türk Bireysel Kart Kampanyaları,https://kuveytturk.com.tr/kampanyalar/kendim-icin/kart-kampanyalari/brandys-magazalarinda-vade-farksiz-3-aya-varan-taksit-firsati,2026-01-14,2026-12-31,active,unknown,ok,1,0.97,Başlıkta kart veya taksit avantajı bulundu.,2026-07-31T10:44:13+00:00,2026-07-31T10:44:13+00:00,2026-07-31T10:44:13+00:00,,,,,,,,,,,,,,,
133,Kuveyt Türk,Civil'de %25 İndirim Fırsatı!,discount_campaign,Kuveyt Türk Bireysel Kart Kampanyaları,https://kuveytturk.com.tr/kampanyalar/kendim-icin/kart-kampanyalari/civilde-25-indirim-firsati,2026-07-01,2026-07-31,active,unknown,ok,1,0.97,Başlıkta indirim veya iade avantajı bulundu.,2026-07-31T10:44:13+00:00,2026-07-31T10:44:13+00:00,2026-07-31T10:44:13+00:00,,,,,,,,,,,,,,,
134,Kuveyt Türk,Civil’de Vade Farksız 4 Aya Varan Taksit Fırsatı,card_campaign,Kuveyt Türk Bireysel Kart Kampanyaları,https://kuveytturk.com.tr/kampanyalar/kendim-icin/kart-kampanyalari/civilde-vade-farksiz-4-aya-varan-taksit-firsati,2026-06-22,2026-12-31,active,unknown,ok,1,0.97,Başlıkta kart veya taksit avantajı bulundu.,2026-07-31T10:44:13+00:00,2026-07-31T10:44:13+00:00,2026-07-31T10:44:13+00:00,,,,,,,,,,,,,,,
135,Kuveyt Türk,Columbia’da Vade Farksız 6 Aya Varan Taksit Fırsatı,card_campaign,Kuveyt Türk Bireysel Kart Kampanyaları,https://kuveytturk.com.tr/kampanyalar/kendim-icin/kart-kampanyalari/columbiada-vade-farksiz-6-aya-varan-taksit-firsati,2025-08-20,2026-12-31,active,unknown,ok,1,0.97,Başlıkta kart veya taksit avantajı bulundu.,2026-07-31T10:44:13+00:00,2026-07-31T10:44:13+00:00,2026-07-31T10:44:13+00:00,,,,,,,,,,,,,,,
136,Kuveyt Türk,Daikin'de 2.000 TL İndirim ve Vade Farksız 8 Aya Varan Taksit Fırsatı!,discount_campaign,Kuveyt Türk Bireysel Kart Kampanyaları,https://kuveytturk.com.tr/kampanyalar/kendim-icin/kart-kampanyalari/daikinde-2000-tl-indirim-ve-vade-farksiz-8-aya-varan-taksit-firsati,2026-07-01,2026-07-31,active,unknown,ok,1,0.97,Başlıkta indirim veya iade avantajı bulundu.,2026-07-31T10:44:13+00:00,2026-07-31T10:44:13+00:00,2026-07-31T10:44:13+00:00,,,,,,,,,,,,,,,
186,Kuveyt Türk,"Davet Kodunla Gel, Memnuniyet Anketine Katıl, 750 TL Kazan!",discount_campaign,Kuveyt Türk Bireysel Müşteri Ol Kampanyaları,https://kuveytturk.com.tr/kampanyalar/kendim-icin/musteri-ol-kampanyalari/davet-kodunla-gel-memnuniyet-anketine-katil-750-tl-kazan,2026-07-20,2026-12-31,active,unknown,ok,1,0.94,İndirim veya iade avantajı bulundu.,2026-07-31T10:44:13+00:00,2026-07-31T10:44:13+00:00,2026-07-31T10:44:13+00:00,,,,,,,,,,,,,,,
137,Kuveyt Türk,Demirdöküm’de 9 Taksit Fırsatı!,card_campaign,Kuveyt Türk Bireysel Kart Kampanyaları,https://kuveytturk.com.tr/kampanyalar/kendim-icin/kart-kampanyalari/demirdokumde-9-taksit-firsati,2026-05-01,2026-12-31,active,unknown,ok,1,0.97,Başlıkta kart veya taksit avantajı bulundu.,2026-07-31T10:44:13+00:00,2026-07-31T10:44:13+00:00,2026-07-31T10:44:13+00:00,,,,,,,,,,,,,,,
138,Kuveyt Türk,Desa Grup’ta Vade Farksız 2 Taksit Fırsatı,card_campaign,Kuveyt Türk Bireysel Kart Kampanyaları,https://kuveytturk.com.tr/kampanyalar/kendim-icin/kart-kampanyalari/desa-grupta-vade-farksiz-2-taksit-firsati,2025-09-16,2026-12-31,active,unknown,ok,1,0.97,Başlıkta kart veya taksit avantajı bulundu.,2026-07-31T10:44:13+00:00,2026-07-31T10:44:13+00:00,2026-07-31T10:44:13+00:00,,,,,,,,,,,,,,,
139,Kuveyt Türk,Divarese’de Vade Farksız 4 Aya Varan Taksit Fırsatı!,card_campaign,Kuveyt Türk Bireysel Kart Kampanyaları,https://kuveytturk.com.tr/kampanyalar/kendim-icin/kart-kampanyalari/divaresede-vade-farksiz-4-aya-varan-taksit-firsati,2025-11-17,2026-12-31,active,unknown,ok,1,0.97,Başlıkta kart veya taksit avantajı bulundu.,2026-07-31T10:44:13+00:00,2026-07-31T10:44:13+00:00,2026-07-31T10:44:13+00:00,,,,,,,,,,,,,,,
118,Kuveyt Türk,Diyanet Umre Finansmanı ile Vade Farksız 3 Taksit İmkanı!,finance_campaign,Kuveyt Türk Bireysel Finansman Kampanyaları,https://kuveytturk.com.tr/kampanyalar/kendim-icin/finansman-kampanyalari/diyanet-umre-finansmani-ile-vade-farksiz-3-taksit-imkani,2024-08-13,2027-01-01,active,unknown,ok,1,0.97,"Başlıkta veya ana metinde açık finansman, kâr payı, tahsis ücreti ya da finansman tutarı kanıtı bulundu.",2026-07-31T10:44:13+00:00,2026-07-31T10:44:13+00:00,2026-07-31T10:44:13+00:00,Umre Finansmanı,0.0,0.0,,,3,3,3,,,,,,Toplam umre tutarının en fazla %60'ı için vade farksız 3 taksit imkânı.,
140,Kuveyt Türk,Doğtaş Grubu'nda 5 Aya Varan Taksit İmkanı!,card_campaign,Kuveyt Türk Bireysel Kart Kampanyaları,https://kuveytturk.com.tr/kampanyalar/kendim-icin/kart-kampanyalari/dogtas-grubunda-5-aya-varan-taksit-imkani,2025-10-13,2026-12-31,active,unknown,ok,1,0.97,Başlıkta kart veya taksit avantajı bulundu.,2026-07-31T10:44:13+00:00,2026-07-31T10:44:13+00:00,2026-07-31T10:44:13+00:00,,,,,,,,,,,,,,,
88,Kuveyt Türk,E-Ticaret Harcamalarınıza Her Ay Ekstra 2.000 Mil'e Varan Fırsat!,card_campaign,Kuveyt Türk Ticari Kart Kampanyaları,https://kuveytturk.com.tr/kampanyalar/isim-icin/kart-kampanyalari/e-ticaret-harcamalariniza-her-ay-ekstra-2000-mile-varan-firsat,2026-06-25,2026-12-31,active,unknown,ok,1,0.93,Kart veya taksit avantajı bulundu.,2026-07-31T10:44:13+00:00,2026-07-31T10:44:13+00:00,2026-07-31T10:44:13+00:00,,,,,,,,,,,,,,,
89,Kuveyt Türk,E-Ticaret Pazaryeri Satıcılarına Özel Vade Farksız 3 Taksit!,card_campaign,Kuveyt Türk Ticari Kart Kampanyaları,https://kuveytturk.com.tr/kampanyalar/isim-icin/kart-kampanyalari/e-ticaret-pazaryeri-saticilarina-ozel-vade-farksiz-3-taksit,2026-02-26,2026-12-31,active,unknown,ok,1,0.97,Başlıkta kart veya taksit avantajı bulundu.,2026-07-31T10:44:13+00:00,2026-07-31T10:44:13+00:00,2026-07-31T10:44:13+00:00,,,,,,,,,,,,,,,
141,Kuveyt Türk,EasyCep‘te Vade Farksız 9 Aya Varan Taksit Fırsatı!,card_campaign,Kuveyt Türk Bireysel Kart Kampanyaları,https://kuveytturk.com.tr/kampanyalar/kendim-icin/kart-kampanyalari/easycepte-vade-farksiz-9-aya-varan-taksit-firsati,2026-01-01,2026-08-31,active,unknown,ok,1,0.97,Başlıkta kart veya taksit avantajı bulundu.,2026-07-31T10:44:13+00:00,2026-07-31T10:44:13+00:00,2026-07-31T10:44:13+00:00,,,,,,,,,,,,,,,
145,Kuveyt Türk,Elektrikli Araç Şarjınıza Özel 1.000 TL'ye Varan İndirim!,discount_campaign,Kuveyt Türk Bireysel Kart Kampanyaları,https://kuveytturk.com.tr/kampanyalar/kendim-icin/kart-kampanyalari/elektrikli-arac-sarjiniza-ozel-1000-tlye-varan-indiriim,2026-07-01,2026-07-31,active,unknown,ok,1,0.97,Başlıkta indirim veya iade avantajı bulundu.,2026-07-31T10:44:13+00:00,2026-07-31T10:44:13+00:00,2026-07-31T10:44:13+00:00,,,,,,,,,,,,,,,
144,Kuveyt Türk,Elçi Tur’dan Kuveyt Türk Müşterilerine Özel Yaz Fırsatı,discount_campaign,Kuveyt Türk Bireysel Kart Kampanyaları,https://kuveytturk.com.tr/kampanyalar/kendim-icin/kart-kampanyalari/elci-turdan-kuveyt-turk-musterilerine-ozel-yaz-firsati,2026-05-20,2026-09-15,active,unknown,ok,1,0.94,İndirim veya iade avantajı bulundu.,2026-07-31T10:44:13+00:00,2026-07-31T10:44:13+00:00,2026-07-31T10:44:13+00:00,,,,,,,,,,,,,,,
146,Kuveyt Türk,Enplus ile 3 Aya Varan Vade Farksız Taksit İmkanı!,card_campaign,Kuveyt Türk Bireysel Kart Kampanyaları,https://kuveytturk.com.tr/kampanyalar/kendim-icin/kart-kampanyalari/enplus-ile-3-aya-varan-vade-farksiz-taksit-imkani,2026-03-01,2026-12-31,active,unknown,ok,1,0.97,Başlıkta kart veya taksit avantajı bulundu.,2026-07-31T10:44:13+00:00,2026-07-31T10:44:13+00:00,2026-07-31T10:44:13+00:00,,,,,,,,,,,,,,,
107,Kuveyt Türk,"Esnaf, Çiftçi ve Tüzel Şirketlere Özel 16.000 TL Değerinde Finansal Ürün Paketi Hediye!",new_customer_campaign,Kuveyt Türk Ticari Müşteri Ol Kampanyaları,https://kuveytturk.com.tr/kampanyalar/isim-icin/musteri-ol-kampanyalari/esnaf-ciftci-ve-tuzel-sirketlere-ozel-16000-tl-degerinde-finansal-urun-paketi-hediye,2024-02-09,2027-12-31,active,unknown,ok,1,1.0,MANUEL DOĞRULAMA: Kampanya yeni müşteri olma koşuluna bağlı ve belirli tarih aralığında ücretsiz finansal ürün paketi sunuyor.,2026-07-31T10:44:13+00:00,2026-07-31T10:44:13+00:00,2026-07-31T10:44:13+00:00,,,,,,,,,,,,,,,
108,Kuveyt Türk,"Esnaf, Çiftçi ve Tüzel Şirketlerin Faturası Bizden!",new_customer_campaign,Kuveyt Türk Ticari Müşteri Ol Kampanyaları,https://kuveytturk.com.tr/kampanyalar/isim-icin/musteri-ol-kampanyalari/esnaf-ciftci-ve-tuzel-sirketlerin-faturasi-bizden,2025-02-14,2027-12-31,active,unknown,ok,1,1.0,MANUEL DOĞRULAMA: Faydalanma koşulu mobil kanaldan yeni müşteri olmaktır.,2026-07-31T10:44:13+00:00,2026-07-31T10:44:13+00:00,2026-07-31T10:44:13+00:00,,,,,,,,,,,,,,,
187,Kuveyt Türk,Evlenecek Olan veya Yeni Evli Çiftlere Kuveyt Türk’ten Müjde Evlilik Paketi!,discount_campaign,Kuveyt Türk Bireysel Müşteri Ol Kampanyaları,https://kuveytturk.com.tr/kampanyalar/kendim-icin/musteri-ol-kampanyalari/evlenecek-olan-veya-yeni-evli-ciftlere-kuveyt-turkten-mujde-evlilik-paketi,2026-04-22,2026-12-31,active,unknown,ok,1,0.94,İndirim veya iade avantajı bulundu.,2026-07-31T10:44:13+00:00,2026-07-31T10:44:13+00:00,2026-07-31T10:44:13+00:00,,,,,,,,,,,,,,,
142,Kuveyt Türk,Eğitim Harcamalariniza 5 Taksit Imkani,card_campaign,Kuveyt Türk Bireysel Kart Kampanyaları,https://kuveytturk.com.tr/kampanyalar/kendim-icin/kart-kampanyalari/egitim-harcamalariniza-5-taksit-imkani,2024-02-12,2026-12-31,active,unknown,ok,1,0.97,Başlıkta kart veya taksit avantajı bulundu.,2026-07-31T10:44:13+00:00,2026-07-31T10:44:13+00:00,2026-07-31T10:44:13+00:00,,,,,,,,,,,,,,,
143,Kuveyt Türk,Eğitim ve Sağlık Harcamalarınızda 5 Taksit Fırsatı!,card_campaign,Kuveyt Türk Bireysel Kart Kampanyaları,https://kuveytturk.com.tr/kampanyalar/kendim-icin/kart-kampanyalari/egitim-ve-saglik-harcamalarinizda-5-taksit-firsati,2024-06-21,2027-12-31,active,unknown,ok,1,0.97,Başlıkta kart veya taksit avantajı bulundu.,2026-07-31T10:44:13+00:00,2026-07-31T10:44:13+00:00,2026-07-31T10:44:13+00:00,,,,,,,,,,,,,,,
147,Kuveyt Türk,Fakir’de Vade Farksız 3 Aya Varan Taksit Fırsatı,card_campaign,Kuveyt Türk Bireysel Kart Kampanyaları,https://kuveytturk.com.tr/kampanyalar/kendim-icin/kart-kampanyalari/fakirde-vade-farksiz-3-aya-varan-taksit-firsati,2025-09-18,2026-12-31,active,unknown,ok,1,0.97,Başlıkta kart veya taksit avantajı bulundu.,2026-07-31T10:44:13+00:00,2026-07-31T10:44:13+00:00,2026-07-31T10:44:13+00:00,,,,,,,,,,,,,,,
188,Kuveyt Türk,Fatura Talimatlarınıza Toplam 500 TL Hediye!,new_customer_campaign,Kuveyt Türk Bireysel Müşteri Ol Kampanyaları,https://kuveytturk.com.tr/kampanyalar/kendim-icin/musteri-ol-kampanyalari/fatura-talimatlariniza-toplam-500-tl-hediye,2025-06-16,2026-12-31,active,unknown,ok,1,1.0,MANUEL DOĞRULAMA: Kampanya mobil veya XTM üzerinden yeni müşteri olanlara fatura talimatı karşılığında hediye sunuyor.,2026-07-31T10:44:13+00:00,2026-07-31T10:44:13+00:00,2026-07-31T10:44:13+00:00,,,,,,,,,,,,,,,
148,Kuveyt Türk,Gelir Vergisi Ödemelerinizde 3 Taksit Fırsatı!,card_campaign,Kuveyt Türk Bireysel Kart Kampanyaları,https://kuveytturk.com.tr/kampanyalar/kendim-icin/kart-kampanyalari/gelir-vergisi-odemelerinizde-3-taksit-firsati,2026-07-01,2026-07-31,active,unknown,ok,1,0.97,Başlıkta kart veya taksit avantajı bulundu.,2026-07-31T10:44:13+00:00,2026-07-31T10:44:13+00:00,2026-07-31T10:44:13+00:00,,,,,,,,,,,,,,,
149,Kuveyt Türk,Gree Klima’da Vade Farksız 11 Aya Varan Taksit Fırsatı!,card_campaign,Kuveyt Türk Bireysel Kart Kampanyaları,https://kuveytturk.com.tr/kampanyalar/kendim-icin/kart-kampanyalari/gree-klimada-vade-farksiz-11-aya-varan-taksit-firsati,2026-01-15,2026-07-31,active,unknown,ok,1,0.97,Başlıkta kart veya taksit avantajı bulundu.,2026-07-31T10:44:13+00:00,2026-07-31T10:44:13+00:00,2026-07-31T10:44:13+00:00,,,,,,,,,,,,,,,
150,Kuveyt Türk,Gündoğdu Mobilya’da Vade Farksız 9 Aya Varan Taksit Fırsatı!,card_campaign,Kuveyt Türk Bireysel Kart Kampanyaları,https://kuveytturk.com.tr/kampanyalar/kendim-icin/kart-kampanyalari/gundogdu-mobilyada-vade-farksiz-9-aya-varan-taksit-firsati,2025-11-11,2026-12-31,active,unknown,ok,1,0.97,Başlıkta kart veya taksit avantajı bulundu.,2026-07-31T10:44:13+00:00,2026-07-31T10:44:13+00:00,2026-07-31T10:44:13+00:00,,,,,,,,,,,,,,,
151,Kuveyt Türk,Gürgençler'de 9 Aya Varan Taksit İmkanı!,card_campaign,Kuveyt Türk Bireysel Kart Kampanyaları,https://kuveytturk.com.tr/kampanyalar/kendim-icin/kart-kampanyalari/gurgenclerde-9-aya-varan-taksit-imkani,2025-06-27,2026-12-31,active,unknown,ok,1,0.97,Başlıkta kart veya taksit avantajı bulundu.,2026-07-31T10:44:13+00:00,2026-07-31T10:44:13+00:00,2026-07-31T10:44:13+00:00,,,,,,,,,,,,,,,
152,Kuveyt Türk,Hantech’de Vade Farksız 9 Aya Varan Taksit Fırsatı!,card_campaign,Kuveyt Türk Bireysel Kart Kampanyaları,https://kuveytturk.com.tr/kampanyalar/kendim-icin/kart-kampanyalari/hantechde-vade-farksiz-9-aya-varan-taksit-firsati,2026-06-18,2026-12-31,active,unknown,ok,1,0.97,Başlıkta kart veya taksit avantajı bulundu.,2026-07-31T10:44:13+00:00,2026-07-31T10:44:13+00:00,2026-07-31T10:44:13+00:00,,,,,,,,,,,,,,,
189,Kuveyt Türk,Hepsiburada’da Yeni Müşteriye Özel Vade Farksız 50.000 TL Fırsatı!,finance_campaign,Kuveyt Türk Bireysel Müşteri Ol Kampanyaları,https://kuveytturk.com.tr/kampanyalar/kendim-icin/musteri-ol-kampanyalari/hepsiburadada-yeni-musteriye-ozel-vade-farksiz-50000-tl-firsati,2025-03-07,2026-12-31,active,unknown,ok,1,1.0,MANUEL DOĞRULAMA: Kampanya Kuveyt Türk Alışveriş Finansmanı ile 50.000 TL'ye kadar vade farksız 9 taksit sunuyor.,2026-07-31T10:44:13+00:00,2026-07-31T10:44:13+00:00,2026-07-31T10:44:13+00:00,Alışveriş Finansmanı,,,50000.0,50000.0,9,9,9,,,,,,Hepsiburada alışverişlerinde 50.000 TL'ye kadar vade farksız 9 taksit.,
153,Kuveyt Türk,Hisse Senedi İşlemleriniz Mil'lere Dönüşsün,card_campaign,Kuveyt Türk Bireysel Kart Kampanyaları,https://kuveytturk.com.tr/kampanyalar/kendim-icin/kart-kampanyalari/hisse-senedi-islemleriniz-millere-donussun,2026-06-01,2026-08-31,active,unknown,ok,1,0.93,Kart veya taksit avantajı bulundu.,2026-07-31T10:44:13+00:00,2026-07-31T10:44:13+00:00,2026-07-31T10:44:13+00:00,,,,,,,,,,,,,,,
157,Kuveyt Türk,Kiğılı’da Vade Farksız 4 Aya Varan Taksit Fırsatı!,card_campaign,Kuveyt Türk Bireysel Kart Kampanyaları,https://kuveytturk.com.tr/kampanyalar/kendim-icin/kart-kampanyalari/kigilida-vade-farksiz-4-aya-varan-taksit-firsati,2025-12-22,2026-12-31,active,unknown,ok,1,0.97,Başlıkta kart veya taksit avantajı bulundu.,2026-07-31T10:44:13+00:00,2026-07-31T10:44:13+00:00,2026-07-31T10:44:13+00:00,,,,,,,,,,,,,,,
159,Kuveyt Türk,Konfor’da Vade Farksız 9 Aya Varan Taksit Fırsatı!,card_campaign,Kuveyt Türk Bireysel Kart Kampanyaları,https://kuveytturk.com.tr/kampanyalar/kendim-icin/kart-kampanyalari/konforda-vade-farksiz-9-aya-varan-taksit-firsati,,2026-12-31,active,unknown,ok,1,0.97,Başlıkta kart veya taksit avantajı bulundu.,2026-07-31T10:44:13+00:00,2026-07-31T10:44:13+00:00,2026-07-31T10:44:13+00:00,,,,,,,,,,,,,,,
160,Kuveyt Türk,Konyalı Saat ile 7 Aya Varan Taksit İmkanı!,card_campaign,Kuveyt Türk Bireysel Kart Kampanyaları,https://kuveytturk.com.tr/kampanyalar/kendim-icin/kart-kampanyalari/konyali-saat-ile-7-aya-varan-taksit-imkani,2024-12-20,2026-12-31,active,unknown,ok,1,0.97,Başlıkta kart veya taksit avantajı bulundu.,2026-07-31T10:44:13+00:00,2026-07-31T10:44:13+00:00,2026-07-31T10:44:13+00:00,,,,,,,,,,,,,,,
161,Kuveyt Türk,Korayspor ile Vade Farksız 4'e Varan Taksit İmkanı!,card_campaign,Kuveyt Türk Bireysel Kart Kampanyaları,https://kuveytturk.com.tr/kampanyalar/kendim-icin/kart-kampanyalari/korayspor-ile-vade-farksiz-4e-varan-taksit-imkani,2024-12-19,2026-12-31,active,unknown,ok,1,0.97,Başlıkta kart veya taksit avantajı bulundu.,2026-07-31T10:44:13+00:00,2026-07-31T10:44:13+00:00,2026-07-31T10:44:13+00:00,,,,,,,,,,,,,,,
158,Kuveyt Türk,Koçtaş’ta Vade Farksız 6 Aya Varan Taksit Fırsatı!,card_campaign,Kuveyt Türk Bireysel Kart Kampanyaları,https://kuveytturk.com.tr/kampanyalar/kendim-icin/kart-kampanyalari/koctasta-vade-farksiz-6-aya-varan-taksit-firsati,2025-12-31,2026-12-31,active,unknown,ok,1,0.97,Başlıkta kart veya taksit avantajı bulundu.,2026-07-31T10:44:13+00:00,2026-07-31T10:44:13+00:00,2026-07-31T10:44:13+00:00,,,,,,,,,,,,,,,
190,Kuveyt Türk,Kuveyt Türk Kampüs’e Gelenlere Toplamda 13.500 TL Hediye!,discount_campaign,Kuveyt Türk Bireysel Müşteri Ol Kampanyaları,https://kuveytturk.com.tr/kampanyalar/kendim-icin/musteri-ol-kampanyalari/kuveyt-turk-kampuse-gelenlere-toplamda-13500-tl-hediye,2025-06-23,2026-12-31,active,unknown,ok,1,0.94,İndirim veya iade avantajı bulundu.,2026-07-31T10:44:13+00:00,2026-07-31T10:44:13+00:00,2026-07-31T10:44:13+00:00,,,,,,,,,,,,,,,
162,Kuveyt Türk,"Kuveyt Türk Kredi Kartlarına Toprak Turizm Yurt Dışı Turlarında %10, Umre Turlarında %7 İndirim",discount_campaign,Kuveyt Türk Bireysel Kart Kampanyaları,https://kuveytturk.com.tr/kampanyalar/kendim-icin/kart-kampanyalari/kuveyt-turk-kredi-kartlarina-toprak-turizm-yurt-disi-turlarinda-10-umre-turlarinda-7-indirim,2026-07-30,2026-09-30,active,unknown,ok,1,0.97,Başlıkta indirim veya iade avantajı bulundu.,2026-07-31T10:44:13+00:00,2026-07-31T10:44:13+00:00,2026-07-31T10:44:13+00:00,,,,,,,,,,,,,,,
163,Kuveyt Türk,Kuveyt Türk Mobil'den Pratik BES planınıza 2000 TL Hediye!,discount_campaign,Kuveyt Türk Bireysel Kart Kampanyaları,https://kuveytturk.com.tr/kampanyalar/kendim-icin/kart-kampanyalari/kuveyt-turk-mobilden-pratik-bes-planiniza-2000-tl-hediye,2025-11-05,2026-12-31,active,unknown,ok,1,0.94,İndirim veya iade avantajı bulundu.,2026-07-31T10:44:13+00:00,2026-07-31T10:44:13+00:00,2026-07-31T10:44:13+00:00,,,,,,,,,,,,,,,
191,Kuveyt Türk,Kuveyt Türk Mobil’den Müşterimiz Olun Özel Kur Fırsatını Kaçırmayın!,new_customer_campaign,Kuveyt Türk Bireysel Müşteri Ol Kampanyaları,https://kuveytturk.com.tr/kampanyalar/kendim-icin/musteri-ol-kampanyalari/kuveyt-turk-mobilden-musterimiz-olun-ozel-kur-firsatini-kacirmayin,2026-05-15,2026-09-01,active,unknown,ok,1,1.0,MANUEL DOĞRULAMA: Özel kur avantajı mobil kanaldan yeni müşteri olma koşuluna bağlıdır.,2026-07-31T10:44:13+00:00,2026-07-31T10:44:13+00:00,2026-07-31T10:44:13+00:00,,,,,,,,,,,,,,,
164,Kuveyt Türk,"Kuveyt Türk Müşterilerine Özel %2,99 Oranlı Kar Paylı Taksitlendirme Fırsatı!",card_campaign,Kuveyt Türk Bireysel Kart Kampanyaları,https://kuveytturk.com.tr/kampanyalar/kendim-icin/kart-kampanyalari/kuveyt-turk-musterilerine-ozel-299-oranli-kar-payli-taksitlendirme-firsati,2026-07-07,2026-12-31,active,unknown,ok,1,0.97,Başlıkta kart veya taksit avantajı bulundu.,2026-07-31T10:44:13+00:00,2026-07-31T10:44:13+00:00,2026-07-31T10:44:13+00:00,,,,,,,,,,,,,,,
110,Kuveyt Türk,Kuveyt Türk Veteriner Klinik Müşterilerine Özel Fugevet Dijital Yönetim Çözümlerinden %30 İndirim,discount_campaign,Kuveyt Türk Ticari Müşteri Ol Kampanyaları,https://kuveytturk.com.tr/kampanyalar/isim-icin/musteri-ol-kampanyalari/kuveyt-turk-veteriner-klinik-musterilerine-ozel-fugevet-dijital-yonetim-cozumlerinden-30-indirim,2026-05-14,2026-12-31,active,unknown,ok,1,0.97,Başlıkta indirim veya iade avantajı bulundu.,2026-07-31T10:44:13+00:00,2026-07-31T10:44:13+00:00,2026-07-31T10:44:13+00:00,,,,,,,,,,,,,,,
90,Kuveyt Türk,Kuveyt Türk ile E-İhracat Gönderilerinizde Mil Kazanın!,discount_campaign,Kuveyt Türk Ticari Kart Kampanyaları,https://kuveytturk.com.tr/kampanyalar/isim-icin/kart-kampanyalari/kuveyt-turk-ile-e-ihracat-gonderilerinizde-mil-kazanin,2026-07-16,2026-12-31,active,unknown,ok,1,0.94,İndirim veya iade avantajı bulundu.,2026-07-31T10:44:13+00:00,2026-07-31T10:44:13+00:00,2026-07-31T10:44:13+00:00,,,,,,,,,,,,,,,
197,Kuveyt Türk,Kuveyt Türk ile Yurt Dışı Seyahatlerinde Ayrıcalıklar Sizinle!,discount_campaign,Kuveyt Türk Bireysel Tüm Kampanyalar,https://kuveytturk.com.tr/kampanyalar/kendim-icin/seyahat-kampanyalari/kuveyt-turk-ile-yurt-disi-seyahatlerinde-ayricaliklar-sizinle,2026-02-02,2026-12-31,active,unknown,ok,1,0.94,İndirim veya iade avantajı bulundu.,2026-07-31T10:44:13+00:00,2026-07-31T10:44:13+00:00,2026-07-31T10:44:13+00:00,,,,,,,,,,,,,,,
109,Kuveyt Türk,Kuveyt Türk ve TESK Esnafın Yanında!,discount_campaign,Kuveyt Türk Ticari Müşteri Ol Kampanyaları,https://kuveytturk.com.tr/kampanyalar/isim-icin/musteri-ol-kampanyalari/kuveyt-turk-ve-tesk-esnafin-yaninda,2025-07-31,2026-07-31,active,unknown,ok,1,0.94,İndirim veya iade avantajı bulundu.,2026-07-31T10:44:13+00:00,2026-07-31T10:44:13+00:00,2026-07-31T10:44:13+00:00,,,,,,,,,,,,,,,
165,Kuveyt Türk,Kuveyt Türk'lülere Windy Car'da %30 İndirim Fırsatı!,discount_campaign,Kuveyt Türk Bireysel Kart Kampanyaları,https://kuveytturk.com.tr/kampanyalar/kendim-icin/kart-kampanyalari/kuveyt-turklulere-windy-carda-30-indirim-firsati,2026-07-01,2026-12-31,active,unknown,ok,1,0.97,Başlıkta indirim veya iade avantajı bulundu.,2026-07-31T10:44:13+00:00,2026-07-31T10:44:13+00:00,2026-07-31T10:44:13+00:00,,,,,,,,,,,,,,,
103,Kuveyt Türk,Kuveyt Türk'ten E-Ticaret Yapan KOBİ'lere %75’e Varan Kargo İndirimi,discount_campaign,Kuveyt Türk Ticari KOBİ Kampanyaları,https://kuveytturk.com.tr/kampanyalar/isim-icin/kobi-kampanyalari/kuveyt-turkten-e-ticaret-yapan-kobilere-75e-varan-kargo-indirimi,2026-05-15,2026-12-31,active,unknown,ok,1,0.97,Başlıkta indirim veya iade avantajı bulundu.,2026-07-31T10:44:13+00:00,2026-07-31T10:44:13+00:00,2026-07-31T10:44:13+00:00,,,,,,,,,,,,,,,
115,Kuveyt Türk,Kuveyt Türk'ten Eğitime Özel Taksitli POS Kampanyası,card_campaign,Kuveyt Türk Ticari POS Kampanyaları,https://kuveytturk.com.tr/kampanyalar/isim-icin/pos-kampanyalari/kuveyt-turkten-egitime-ozel-taksitli-pos-kampanyasi,2026-07-01,2026-09-30,active,unknown,ok,1,0.97,Başlıkta kart veya taksit avantajı bulundu.,2026-07-31T10:44:13+00:00,2026-07-31T10:44:13+00:00,2026-07-31T10:44:13+00:00,,,,,,,,,,,,,,,
104,Kuveyt Türk,Kuveyt Türk’ten KFK Destekli Yatırım Finansmanı!,finance_campaign,Kuveyt Türk Ticari KOBİ Kampanyaları,https://kuveytturk.com.tr/kampanyalar/isim-icin/kobi-kampanyalari/kuveyt-turkten-kfk-destekli-yatirim-finansmani,2026-07-09,2026-12-31,active,unknown,ok,1,0.97,"Başlıkta veya ana metinde açık finansman, kâr payı, tahsis ücreti ya da finansman tutarı kanıtı bulundu.",2026-07-31T10:44:13+00:00,2026-07-31T10:44:13+00:00,2026-07-31T10:44:13+00:00,Yatırım Finansmanı,,,,,60,60,,,,,,,6 aya kadar ödemesiz dönem ve 60 aya varan vade ile yatırım finansmanı.,6
116,Kuveyt Türk,Kuveyt Türk’ten Sanal POS Kampanyası,other_campaign,Kuveyt Türk Ticari POS Kampanyaları,https://kuveytturk.com.tr/kampanyalar/isim-icin/pos-kampanyalari/kuveyt-turkten-sanal-pos-kampanyasi,2025-06-01,2026-12-31,active,unknown,ok,1,1.0,MANUEL DOĞRULAMA: Belirli tarih aralığında ilk defa POS alacak ticari müşterilere sektör bazlı komisyon ve bloke avantajı sunulan gerçek POS kampanyasıdır.,2026-07-31T10:44:13+00:00,2026-07-31T10:44:13+00:00,2026-07-31T10:44:13+00:00,,,,,,,,,,,,,,,
105,Kuveyt Türk,Kuveyt Türk’ten Turizm Sektörüne KFK Destekli Finansman!,finance_campaign,Kuveyt Türk Ticari KOBİ Kampanyaları,https://kuveytturk.com.tr/kampanyalar/isim-icin/kobi-kampanyalari/kuveyt-turkten-turizm-sektorune-kfk-destekli-finansman,2026-07-01,2026-07-31,active,unknown,ok,1,0.97,"Başlıkta veya ana metinde açık finansman, kâr payı, tahsis ücreti ya da finansman tutarı kanıtı bulundu.",2026-07-31T10:44:13+00:00,2026-07-31T10:44:13+00:00,2026-07-31T10:44:13+00:00,Turizm İşletme Finansmanı,,,,,12,12,,,,,,,"6 aya kadar ödemesiz dönem, 12 aya varan vade ve USD/EUR finansman seçeneği.",6
117,Kuveyt Türk,Kuveyt Türk’ten Yeni Müşterilere Özel POS Kampanyası,new_customer_campaign,Kuveyt Türk Ticari POS Kampanyaları,https://kuveytturk.com.tr/kampanyalar/isim-icin/pos-kampanyalari/kuveyt-turkten-yeni-musterilere-ozel-pos-kampanyasi,2025-11-01,2026-12-31,active,unknown,ok,1,0.95,Açık yeni müşteri hedefi ve avantaj bulundu.,2026-07-31T10:44:13+00:00,2026-07-31T10:44:13+00:00,2026-07-31T10:44:13+00:00,,,,,,,,,,,,,,,
166,Kuveyt Türk,Lajivert ve Ritmik Mobilya’da Vade Farksız 9 Aya Varan Taksit Fırsatı,card_campaign,Kuveyt Türk Bireysel Kart Kampanyaları,https://kuveytturk.com.tr/kampanyalar/kendim-icin/kart-kampanyalari/lajivert-ve-ritmik-mobilyada-vade-farksiz-9-aya-varan-taksit-firsati,2026-03-06,2026-12-31,active,unknown,ok,1,0.97,Başlıkta kart veya taksit avantajı bulundu.,2026-07-31T10:44:13+00:00,2026-07-31T10:44:13+00:00,2026-07-31T10:44:13+00:00,,,,,,,,,,,,,,,
167,Kuveyt Türk,Lastikcim.com'da Vade Farksız 6 Aya Varan Taksit Fırsatı!,card_campaign,Kuveyt Türk Bireysel Kart Kampanyaları,https://kuveytturk.com.tr/kampanyalar/kendim-icin/kart-kampanyalari/lastikcimcomda-vade-farksiz-6-aya-varan-taksit-firsati,2025-11-01,2026-12-31,active,unknown,ok,1,0.97,Başlıkta kart veya taksit avantajı bulundu.,2026-07-31T10:44:13+00:00,2026-07-31T10:44:13+00:00,2026-07-31T10:44:13+00:00,,,,,,,,,,,,,,,
168,Kuveyt Türk,Lazzoni’de 9 Aya Varan Taksit Fırsatı!,card_campaign,Kuveyt Türk Bireysel Kart Kampanyaları,https://kuveytturk.com.tr/kampanyalar/kendim-icin/kart-kampanyalari/lazzonide-9-aya-varan-taksit-firsati,2025-10-28,2026-12-31,active,unknown,ok,1,0.97,Başlıkta kart veya taksit avantajı bulundu.,2026-07-31T10:44:13+00:00,2026-07-31T10:44:13+00:00,2026-07-31T10:44:13+00:00,,,,,,,,,,,,,,,
93,Kuveyt Türk,MTV Ödemelerinizde Vade Farksız 3 Taksit Fırsatı!,card_campaign,Kuveyt Türk Ticari Kart Kampanyaları,https://kuveytturk.com.tr/kampanyalar/isim-icin/kart-kampanyalari/mtv-odemelerinizde-vade-farksiz-3-taksit-firsati,2026-07-01,2026-07-31,active,unknown,ok,1,0.97,Başlıkta kart veya taksit avantajı bulundu.,2026-07-31T10:44:13+00:00,2026-07-31T10:44:13+00:00,2026-07-31T10:44:13+00:00,,,,,,,,,,,,,,,
169,Kuveyt Türk,MTV Ödemelerinizde Vade Farksız 3 Taksit!,card_campaign,Kuveyt Türk Bireysel Kart Kampanyaları,https://kuveytturk.com.tr/kampanyalar/kendim-icin/kart-kampanyalari/mtv-odemelerinizde-vade-farksiz-3-taksit,2026-07-01,2026-07-31,active,unknown,ok,1,0.97,Başlıkta kart veya taksit avantajı bulundu.,2026-07-31T10:44:13+00:00,2026-07-31T10:44:13+00:00,2026-07-31T10:44:13+00:00,,,,,,,,,,,,,,,
91,Kuveyt Türk,Market ve Gıda Harcamalarınıza Her Ay Ekstra 2.000 Mil'e Varan Fırsat!,card_campaign,Kuveyt Türk Ticari Kart Kampanyaları,https://kuveytturk.com.tr/kampanyalar/isim-icin/kart-kampanyalari/market-ve-gida-harcamalariniza-her-ay-ekstra-2000-mile-varan-firsat,2026-06-25,2026-12-31,active,unknown,ok,1,0.93,Kart veya taksit avantajı bulundu.,2026-07-31T10:44:13+00:00,2026-07-31T10:44:13+00:00,2026-07-31T10:44:13+00:00,,,,,,,,,,,,,,,
92,Kuveyt Türk,Miles&Smiles Business Kart QR Ödeme ile Ekstra 4.000 Mil!,card_campaign,Kuveyt Türk Ticari Kart Kampanyaları,https://kuveytturk.com.tr/kampanyalar/isim-icin/kart-kampanyalari/milesandsmiles-business-kart-qr-odeme-ile-ekstra-4000-mil,2026-06-25,2026-12-31,active,unknown,ok,1,0.97,Başlıkta kart veya taksit avantajı bulundu.,2026-07-31T10:44:13+00:00,2026-07-31T10:44:13+00:00,2026-07-31T10:44:13+00:00,,,,,,,,,,,,,,,
112,Kuveyt Türk,Mobilden Kuveyt Türklü Olan Esnaf ve Çiftçilere 22.000 TL'ye Varan Hediye!,discount_campaign,Kuveyt Türk Ticari Müşteri Ol Kampanyaları,https://kuveytturk.com.tr/kampanyalar/isim-icin/musteri-ol-kampanyalari/mobilden-kuveyt-turklu-olan-esnaf-ve-ciftcilere-22000-tlye-varan-hediye,2025-07-30,2026-12-31,active,unknown,ok,1,0.94,İndirim veya iade avantajı bulundu.,2026-07-31T10:44:13+00:00,2026-07-31T10:44:13+00:00,2026-07-31T10:44:13+00:00,,,,,,,,,,,,,,,
113,Kuveyt Türk,Mobilden Kuveyt Türklü Olan Tüzel Firmalara 22.000 TL'ye Varan Hediye!,discount_campaign,Kuveyt Türk Ticari Müşteri Ol Kampanyaları,https://kuveytturk.com.tr/kampanyalar/isim-icin/musteri-ol-kampanyalari/mobilden-kuveyt-turklu-olan-tuzel-firmalara-22000-tlye-varan-hediye,2025-07-30,2027-12-31,active,unknown,ok,1,0.94,İndirim veya iade avantajı bulundu.,2026-07-31T10:44:13+00:00,2026-07-31T10:44:13+00:00,2026-07-31T10:44:13+00:00,,,,,,,,,,,,,,,
192,Kuveyt Türk,Mobilden Kuveyt Türklü Olanlara Toplamda 7.250 TL Hediye!,discount_campaign,Kuveyt Türk Bireysel Müşteri Ol Kampanyaları,https://kuveytturk.com.tr/kampanyalar/kendim-icin/musteri-ol-kampanyalari/mobilden-kuveyt-turklu-olanlara-toplamda-7250-tl-hediye,2024-02-01,2026-12-31,active,unknown,ok,1,0.94,İndirim veya iade avantajı bulundu.,2026-07-31T10:44:13+00:00,2026-07-31T10:44:13+00:00,2026-07-31T10:44:13+00:00,,,,,,,,,,,,,,,
114,Kuveyt Türk,Mobilden Kuveyt Türklü Tüzel Firmalara Özel 1000 TL Hediye!,discount_campaign,Kuveyt Türk Ticari Müşteri Ol Kampanyaları,https://kuveytturk.com.tr/kampanyalar/isim-icin/musteri-ol-kampanyalari/mobilden-kuveyt-turklu-tuzel-firmalara-ozel-1000-tl-hediye,2025-07-24,2026-12-31,active,unknown,ok,1,0.94,İndirim veya iade avantajı bulundu.,2026-07-31T10:44:13+00:00,2026-07-31T10:44:13+00:00,2026-07-31T10:44:13+00:00,,,,,,,,,,,,,,,
111,Kuveyt Türk,"Mobilden Kuveyt Türklü olan Esnaf, Çiftçi ve Şahıs Firmalarına Özel 1000 TL Hediye!",discount_campaign,Kuveyt Türk Ticari Müşteri Ol Kampanyaları,https://kuveytturk.com.tr/kampanyalar/isim-icin/musteri-ol-kampanyalari/mobilden-kuveyt-turklu-olan-esnaf-ciftci-ve-sahis-firmalarina-ozel-1000-tl-hediye,2025-07-24,2026-12-31,active,unknown,ok,1,0.94,İndirim veya iade avantajı bulundu.,2026-07-31T10:44:13+00:00,2026-07-31T10:44:13+00:00,2026-07-31T10:44:13+00:00,,,,,,,,,,,,,,,
170,Kuveyt Türk,Penelope ve Othello’da Vade Farksız 4 Aya Varan Taksit Fırsatı!,card_campaign,Kuveyt Türk Bireysel Kart Kampanyaları,https://kuveytturk.com.tr/kampanyalar/kendim-icin/kart-kampanyalari/penelope-ve-othelloda-vade-farksiz-4-aya-varan-taksit-firsati,2026-01-15,2026-12-31,active,unknown,ok,1,0.97,Başlıkta kart veya taksit avantajı bulundu.,2026-07-31T10:44:13+00:00,2026-07-31T10:44:13+00:00,2026-07-31T10:44:13+00:00,,,,,,,,,,,,,,,
94,Kuveyt Türk,"Proemtia Sağlam Bayi Kart: Tedarikte Güç, Ödemede Esneklik!",discount_campaign,Kuveyt Türk Ticari Kart Kampanyaları,https://kuveytturk.com.tr/kampanyalar/isim-icin/kart-kampanyalari/proemtia-saglam-bayi-kart-tedarikte-guc-odemede-esneklik,2026-06-29,2026-12-31,active,unknown,ok,1,0.94,İndirim veya iade avantajı bulundu.,2026-07-31T10:44:13+00:00,2026-07-31T10:44:13+00:00,2026-07-31T10:44:13+00:00,,,,,,,,,,,,,,,
171,Kuveyt Türk,Ramsey’de Vade Farksız 4 Aya Varan Taksit Fırsatı!,card_campaign,Kuveyt Türk Bireysel Kart Kampanyaları,https://kuveytturk.com.tr/kampanyalar/kendim-icin/kart-kampanyalari/ramseyde-vade-farksiz-4-aya-varan-taksit-firsati,2025-08-01,2026-12-31,active,unknown,ok,1,0.97,Başlıkta kart veya taksit avantajı bulundu.,2026-07-31T10:44:13+00:00,2026-07-31T10:44:13+00:00,2026-07-31T10:44:13+00:00,,,,,,,,,,,,,,,
172,Kuveyt Türk,Saat&Saat Alışverişlerinizde 5'e Varan Taksit İmkanı!,card_campaign,Kuveyt Türk Bireysel Kart Kampanyaları,https://kuveytturk.com.tr/kampanyalar/kendim-icin/kart-kampanyalari/saatandsaat-alisverislerinizde-5e-varan-taksit-imkani,2024-11-19,2026-12-31,active,unknown,ok,1,0.97,Başlıkta kart veya taksit avantajı bulundu.,2026-07-31T10:44:13+00:00,2026-07-31T10:44:13+00:00,2026-07-31T10:44:13+00:00,,,,,,,,,,,,,,,
95,Kuveyt Türk,Sağlam Business Kart Akaryakıt Harcamalarınıza 600 TL’ye Varan Altın Puan Fırsatı!,points_campaign,Kuveyt Türk Ticari Kart Kampanyaları,https://kuveytturk.com.tr/kampanyalar/isim-icin/kart-kampanyalari/saglam-business-kart-akaryakit-harcamalariniza-600-tlye-varan-altin-puan-firsati,2026-06-25,2026-12-31,active,unknown,ok,1,0.97,Başlıktaki açık kampanya sinyaline göre hedefli kategori düzeltmesi.,2026-07-31T10:44:13+00:00,2026-07-31T10:44:13+00:00,2026-07-31T10:44:13+00:00,,,,,,,,,,,,,,,
96,Kuveyt Türk,Sağlam Business Kart QR Ödeme ile 4.000 TL' ye Varan Altın Puan Fırsatı!,points_campaign,Kuveyt Türk Ticari Kart Kampanyaları,https://kuveytturk.com.tr/kampanyalar/isim-icin/kart-kampanyalari/saglam-business-kart-qr-odeme-ile-4000-tl-ye-varan-altin-puan-firsati,2026-06-25,2026-12-31,active,unknown,ok,1,0.97,Başlıktaki açık kampanya sinyaline göre hedefli kategori düzeltmesi.,2026-07-31T10:44:13+00:00,2026-07-31T10:44:13+00:00,2026-07-31T10:44:13+00:00,,,,,,,,,,,,,,,
97,Kuveyt Türk,"Sağlam Business Kart’tan Dev Kampanya 3 Ay Erteleme ve %3,49 Oranla 9 Taksit İmkanı!",finance_campaign,Kuveyt Türk Ticari Kart Kampanyaları,https://kuveytturk.com.tr/kampanyalar/isim-icin/kart-kampanyalari/saglam-business-karttan-dev-kampanya-3-ay-erteleme-ve-349-oranla-9-taksit-imkani,2026-05-18,2026-12-31,active,unknown,ok,1,0.97,"Başlıkta veya ana metinde açık finansman, kâr payı, tahsis ücreti ya da finansman tutarı kanıtı bulundu.",2026-07-31T10:44:13+00:00,2026-07-31T10:44:13+00:00,2026-07-31T10:44:13+00:00,Ticari Kart Taksitlendirme,3.49,3.49,,,9,9,9,,,,,,"3 ay erteleme ve %3,49 kâr payıyla toplam 9 taksit imkânı.",3
173,Kuveyt Türk,Sağlam Kart Sahipleri Halalbooking'de de Avantajlı!,discount_campaign,Kuveyt Türk Bireysel Kart Kampanyaları,https://kuveytturk.com.tr/kampanyalar/kendim-icin/kart-kampanyalari/saglam-kart-sahipleri-halalbookingde-de-avantajli,2025-07-30,2026-12-31,active,unknown,ok,1,0.94,İndirim veya iade avantajı bulundu.,2026-07-31T10:44:13+00:00,2026-07-31T10:44:13+00:00,2026-07-31T10:44:13+00:00,,,,,,,,,,,,,,,
98,Kuveyt Türk,Sağlam Tohum Kart QR Ödeme ile 2.000 TL' ye Varan İndirim Fırsatı!,discount_campaign,Kuveyt Türk Ticari Kart Kampanyaları,https://kuveytturk.com.tr/kampanyalar/isim-icin/kart-kampanyalari/saglam-tohum-kart-qr-odeme-ile-2000-tl-ye-varan-indirim-firsati,2026-06-25,2026-12-31,active,unknown,ok,1,0.97,Başlıkta indirim veya iade avantajı bulundu.,2026-07-31T10:44:13+00:00,2026-07-31T10:44:13+00:00,2026-07-31T10:44:13+00:00,,,,,,,,,,,,,,,
174,Kuveyt Türk,Sağlık Harcamalariniza 5 Taksit Imkani,card_campaign,Kuveyt Türk Bireysel Kart Kampanyaları,https://kuveytturk.com.tr/kampanyalar/kendim-icin/kart-kampanyalari/saglik-harcamalariniza-5-taksit-imkani,2024-02-14,2026-12-31,active,unknown,ok,1,0.97,Başlıkta kart veya taksit avantajı bulundu.,2026-07-31T10:44:13+00:00,2026-07-31T10:44:13+00:00,2026-07-31T10:44:13+00:00,,,,,,,,,,,,,,,
175,Kuveyt Türk,Starwood Yapı Market’te Vade Farksız 3 Aya Varan Taksit Fırsatı!,card_campaign,Kuveyt Türk Bireysel Kart Kampanyaları,https://kuveytturk.com.tr/kampanyalar/kendim-icin/kart-kampanyalari/starwood-yapi-markette-vade-farksiz-3-aya-varan-taksit-firsati,2025-08-21,2026-12-31,active,unknown,ok,1,0.97,Başlıkta kart veya taksit avantajı bulundu.,2026-07-31T10:44:13+00:00,2026-07-31T10:44:13+00:00,2026-07-31T10:44:13+00:00,,,,,,,,,,,,,,,
119,Kuveyt Türk,TOGG & Kuveyt Türk İş Birliği ile Avantajlı Finansman Kampanyası,finance_campaign,Kuveyt Türk Bireysel Finansman Kampanyaları,https://kuveytturk.com.tr/kampanyalar/kendim-icin/finansman-kampanyalari/kuveyt-turk-ve-togg-is-birligi,2026-07-01,2026-07-31,active,unknown,ok,1,1.0,"MANUEL DOĞRULAMA: Çekilen 'Kampanya Koşulları' başlığı sayfa içi bölüm başlığıdır. Metin, %0 kâr paylı TOGG finansman kampanyasını açıkça tanımlıyor.",2026-07-31T10:44:13+00:00,2026-07-31T10:44:13+00:00,2026-07-31T10:44:13+00:00,Togg Taşıt Finansmanı,0.0,3.5,600000.0,1700000.0,12,48,,,,,Komisyon bilgisi mevcut,"Kampanya tablolarında komisyon oranı %0,50.","600.000 TL ile 1.700.000 TL arasında değişen finansman seçenekleri, 12-48 ay vade ve 3 ay ertelemeli alternatifler.",3
120,Kuveyt Türk,Taksitlio’da Yeni Müşterilere Özel Kuveyt Türk Alışveriş Finansmanı Fırsatı!,finance_campaign,Kuveyt Türk Bireysel Finansman Kampanyaları,https://kuveytturk.com.tr/kampanyalar/kendim-icin/finansman-kampanyalari/taksitlioda-yeni-musterilere-ozel-kuveyt-turk-alisveris-finansmani-firsati,2026-01-20,2026-12-31,active,unknown,ok,1,0.97,"Başlıkta veya ana metinde açık finansman, kâr payı, tahsis ücreti ya da finansman tutarı kanıtı bulundu.",2026-07-31T10:44:13+00:00,2026-07-31T10:44:13+00:00,2026-07-31T10:44:13+00:00,Alışveriş Finansmanı,2.99,2.99,100000.0,100000.0,6,6,6,,,,,,"100.000 TL'ye kadar alışveriş finansmanında 6 taksite kadar %2,99 kâr payı.",
106,Kuveyt Türk,Tarımda Kuveyt Türk ile Büyüme Zamanı!,finance_campaign,Kuveyt Türk Ticari KOBİ Kampanyaları,https://kuveytturk.com.tr/kampanyalar/isim-icin/kobi-kampanyalari/tarimda-kuveyt-turk-ile-buyume-zamani,2026-03-19,2026-12-31,active,unknown,ok,1,1.0,"MANUEL DOĞRULAMA: Tarım makinesi ve yatırım için leasing finansmanı, ödemesiz dönem ve esnek ödeme seçenekleri sunan finansman kampanyasıdır.",2026-07-31T10:44:13+00:00,2026-07-31T10:44:13+00:00,2026-07-31T10:44:13+00:00,Tarım Leasing Finansmanı,,,,,,,,,,,,,"Tarım makineleri ve yatırımları için leasing, esnek ödeme ve ödemesiz dönem avantajı.",
176,Kuveyt Türk,Tergan’da Vade Farksız 3 Aya Varan Taksit Fırsatı!,card_campaign,Kuveyt Türk Bireysel Kart Kampanyaları,https://kuveytturk.com.tr/kampanyalar/kendim-icin/kart-kampanyalari/terganda-vade-farksiz-3-aya-varan-taksit-firsati,2025-08-21,2026-12-31,active,unknown,ok,1,0.97,Başlıkta kart veya taksit avantajı bulundu.,2026-07-31T10:44:13+00:00,2026-07-31T10:44:13+00:00,2026-07-31T10:44:13+00:00,,,,,,,,,,,,,,,
99,Kuveyt Türk,Toptancı Harcamalarınıza Her Ay Ekstra 2.000 Mil'e Varan Fırsat!,card_campaign,Kuveyt Türk Ticari Kart Kampanyaları,https://kuveytturk.com.tr/kampanyalar/isim-icin/kart-kampanyalari/toptanci-harcamalariniza-her-ay-ekstra-2000-mile-varan-firsat,2026-06-25,2026-12-31,active,unknown,ok,1,0.93,Kart veya taksit avantajı bulundu.,2026-07-31T10:44:13+00:00,2026-07-31T10:44:13+00:00,2026-07-31T10:44:13+00:00,,,,,,,,,,,,,,,
177,Kuveyt Türk,Vaillant’ta 12 Taksit Fırsatı!,card_campaign,Kuveyt Türk Bireysel Kart Kampanyaları,https://kuveytturk.com.tr/kampanyalar/kendim-icin/kart-kampanyalari/vaillantta-12-taksit-firsati,2026-05-01,2026-12-31,active,unknown,ok,1,0.97,Başlıkta kart veya taksit avantajı bulundu.,2026-07-31T10:44:13+00:00,2026-07-31T10:44:13+00:00,2026-07-31T10:44:13+00:00,,,,,,,,,,,,,,,
178,Kuveyt Türk,Vatan Bilgisayar’da Vade Farksız 3 Taksit Fırsatı!,card_campaign,Kuveyt Türk Bireysel Kart Kampanyaları,https://kuveytturk.com.tr/kampanyalar/kendim-icin/kart-kampanyalari/vatan-bilgisayarda-vade-farksiz-3-taksit-firsati,2026-05-04,2026-12-31,active,unknown,ok,1,0.97,Başlıkta kart veya taksit avantajı bulundu.,2026-07-31T10:44:13+00:00,2026-07-31T10:44:13+00:00,2026-07-31T10:44:13+00:00,,,,,,,,,,,,,,,
179,Kuveyt Türk,Weltew’de 9 Aya Varan Taksit Fırsatı!,card_campaign,Kuveyt Türk Bireysel Kart Kampanyaları,https://kuveytturk.com.tr/kampanyalar/kendim-icin/kart-kampanyalari/weltewde-9-aya-varan-taksit-firsati,2025-12-10,2026-12-31,active,unknown,ok,1,0.97,Başlıkta kart veya taksit avantajı bulundu.,2026-07-31T10:44:13+00:00,2026-07-31T10:44:13+00:00,2026-07-31T10:44:13+00:00,,,,,,,,,,,,,,,
180,Kuveyt Türk,Wome Deluxe Hotel’de 9 Aya Varan Taksit Fırsatı!,card_campaign,Kuveyt Türk Bireysel Kart Kampanyaları,https://kuveytturk.com.tr/kampanyalar/kendim-icin/kart-kampanyalari/wome-deluxe-hotelde-9-aya-varan-taksit-firsati,2025-03-28,2026-12-31,active,unknown,ok,1,0.97,Başlıkta kart veya taksit avantajı bulundu.,2026-07-31T10:44:13+00:00,2026-07-31T10:44:13+00:00,2026-07-31T10:44:13+00:00,,,,,,,,,,,,,,,
193,Kuveyt Türk,Yakınlarını Kuveyt Türk'e Davet Et Toplamda 5.000 TL'ye Varan Hediye Kazan!,discount_campaign,Kuveyt Türk Bireysel Müşteri Ol Kampanyaları,https://kuveytturk.com.tr/kampanyalar/kendim-icin/musteri-ol-kampanyalari/yakinlarini-kuveyt-turke-davet-et-toplamda-5000-tlye-varan-hediye-kazan,2025-06-15,2026-12-31,active,unknown,ok,1,0.94,İndirim veya iade avantajı bulundu.,2026-07-31T10:44:13+00:00,2026-07-31T10:44:13+00:00,2026-07-31T10:44:13+00:00,,,,,,,,,,,,,,,
100,Kuveyt Türk,Yapı ve İnşaat Harcamalarınıza Her Ay Ekstra 2.000 Mil'e Varan Fırsat!,card_campaign,Kuveyt Türk Ticari Kart Kampanyaları,https://kuveytturk.com.tr/kampanyalar/isim-icin/kart-kampanyalari/yapi-ve-insaat-harcamalariniza-her-ay-ekstra-2000-mile-varan-firsat,2026-06-25,2026-12-31,active,unknown,ok,1,0.93,Kart veya taksit avantajı bulundu.,2026-07-31T10:44:13+00:00,2026-07-31T10:44:13+00:00,2026-07-31T10:44:13+00:00,,,,,,,,,,,,,,,
194,Kuveyt Türk,Yeni Kuveyt Türk Mobil Müşterilerine 10.000 Mil'e Varan Fırsat!,card_campaign,Kuveyt Türk Bireysel Müşteri Ol Kampanyaları,https://kuveytturk.com.tr/kampanyalar/kendim-icin/musteri-ol-kampanyalari/yeni-kuveyt-turk-mobil-musterilerine-10000-mile-varan-firsat,2026-04-30,2026-12-31,active,unknown,ok,1,0.93,Kart veya taksit avantajı bulundu.,2026-07-31T10:44:13+00:00,2026-07-31T10:44:13+00:00,2026-07-31T10:44:13+00:00,,,,,,,,,,,,,,,
195,Kuveyt Türk,"Yeni Müşterilere Özel İhtiyaç Kart'ta %1,99 Oran Fırsatı!",finance_campaign,Kuveyt Türk Bireysel Müşteri Ol Kampanyaları,https://kuveytturk.com.tr/kampanyalar/kendim-icin/musteri-ol-kampanyalari/yeni-musterilere-ozel-ihtiyac-kartta-199-oran-firsati,2025-10-22,2026-12-31,active,unknown,ok,1,1.0,"MANUEL DOĞRULAMA: İhtiyaç Kart kampanyası 100.000 TL'ye kadar, %1,99 oran, 12 ay taksit ve 2 ay erteleme içeriyor.",2026-07-31T10:44:13+00:00,2026-07-31T10:44:13+00:00,2026-07-31T10:44:13+00:00,İhtiyaç Finansmanı,1.99,1.99,100000.0,100000.0,12,12,12,,,,,,"Yeni müşterilere 100.000 TL'ye kadar %1,99 oran, 12 ay taksit ve 2 ay erteleme.",2
181,Kuveyt Türk,Yeni Sağlam Kart Troy'lulara Özel Vade Farksız 5 Aya Varan Taksit İmkanı!,card_campaign,Kuveyt Türk Bireysel Kart Kampanyaları,https://kuveytturk.com.tr/kampanyalar/kendim-icin/kart-kampanyalari/yeni-saglam-kart-troylulara-ozel-vade-farksiz-5-aya-varan-taksit-imkani,2026-07-16,2026-07-31,active,unknown,ok,1,0.97,Başlıkta kart veya taksit avantajı bulundu.,2026-07-31T10:44:13+00:00,2026-07-31T10:44:13+00:00,2026-07-31T10:44:13+00:00,,,,,,,,,,,,,,,
182,Kuveyt Türk,Yenilio'ya Özel Vade Farksız 12'ye Varan Taksit İmkanı!,card_campaign,Kuveyt Türk Bireysel Kart Kampanyaları,https://kuveytturk.com.tr/kampanyalar/kendim-icin/kart-kampanyalari/yenilioya-ozel-vade-farksiz-12ye-varan-taksit-imkani,2025-03-03,2026-12-31,active,unknown,ok,1,0.97,Başlıkta kart veya taksit avantajı bulundu.,2026-07-31T10:44:13+00:00,2026-07-31T10:44:13+00:00,2026-07-31T10:44:13+00:00,,,,,,,,,,,,,,,
183,Kuveyt Türk,Yolcu360'ta Araç Kiralamada İndirim Fırsatı!,discount_campaign,Kuveyt Türk Bireysel Kart Kampanyaları,https://kuveytturk.com.tr/kampanyalar/kendim-icin/kart-kampanyalari/yolcu360ta-arac-kiralamada-indirim-firsati,2025-08-05,2026-12-31,active,unknown,ok,1,0.97,Başlıkta indirim veya iade avantajı bulundu.,2026-07-31T10:44:13+00:00,2026-07-31T10:44:13+00:00,2026-07-31T10:44:13+00:00,,,,,,,,,,,,,,,
184,Kuveyt Türk,Yuki Motor’da Vade Farksız 12 Aya Varan Taksit Fırsatı,card_campaign,Kuveyt Türk Bireysel Kart Kampanyaları,https://kuveytturk.com.tr/kampanyalar/kendim-icin/kart-kampanyalari/yuki-motorda-vade-farksiz-12-aya-varan-taksit-firsati,2026-04-27,2026-12-31,active,unknown,ok,1,0.97,Başlıkta kart veya taksit avantajı bulundu.,2026-07-31T10:44:13+00:00,2026-07-31T10:44:13+00:00,2026-07-31T10:44:13+00:00,,,,,,,,,,,,,,,
196,Kuveyt Türk,Yurt Dışı Çıkış Harcı Hediye Fırsatı!,discount_campaign,Kuveyt Türk Bireysel Müşteri Ol Kampanyaları,https://kuveytturk.com.tr/kampanyalar/kendim-icin/musteri-ol-kampanyalari/yurt-disi-cikis-harci-hediye-firsati,2026-01-01,2026-12-31,active,unknown,ok,1,0.94,İndirim veya iade avantajı bulundu.,2026-07-31T10:44:13+00:00,2026-07-31T10:44:13+00:00,2026-07-31T10:44:13+00:00,,,,,,,,,,,,,,,
154,Kuveyt Türk,İdefix'te 3.000 TL'ye Varan İndirim Fırsatı!,discount_campaign,Kuveyt Türk Bireysel Kart Kampanyaları,https://kuveytturk.com.tr/kampanyalar/kendim-icin/kart-kampanyalari/idefixte-3000-tlye-varan-indirim-firsati,2026-06-10,2026-08-31,active,unknown,ok,1,0.97,Başlıkta indirim veya iade avantajı bulundu.,2026-07-31T10:44:13+00:00,2026-07-31T10:44:13+00:00,2026-07-31T10:44:13+00:00,,,,,,,,,,,,,,,
102,Kuveyt Türk,İhracatınız Fazlaysa Avantajınız da Fazla!,discount_campaign,Kuveyt Türk Ticari KOBİ Kampanyaları,https://kuveytturk.com.tr/kampanyalar/isim-icin/kobi-kampanyalari/ihracatiniz-fazlaysa-avantajiniz-da-fazla,2026-06-15,2026-12-31,active,unknown,ok,1,0.94,İndirim veya iade avantajı bulundu.,2026-07-31T10:44:13+00:00,2026-07-31T10:44:13+00:00,2026-07-31T10:44:13+00:00,,,,,,,,,,,,,,,
155,Kuveyt Türk,İmza’da Vade Farksız 6 Aya Varan Taksit Fırsatı,card_campaign,Kuveyt Türk Bireysel Kart Kampanyaları,https://kuveytturk.com.tr/kampanyalar/kendim-icin/kart-kampanyalari/imzada-vade-farksiz-6-aya-varan-taksit-firsati,2025-10-22,2026-12-31,active,unknown,ok,1,0.97,Başlıkta kart veya taksit avantajı bulundu.,2026-07-31T10:44:13+00:00,2026-07-31T10:44:13+00:00,2026-07-31T10:44:13+00:00,,,,,,,,,,,,,,,
156,Kuveyt Türk,İşbir Yatak ile 6’ya Varan Taksit İmkanı!,card_campaign,Kuveyt Türk Bireysel Kart Kampanyaları,https://kuveytturk.com.tr/kampanyalar/kendim-icin/kart-kampanyalari/isbir-yatak-ile-6ya-varan-taksit-imkani,2025-04-24,2026-12-31,active,unknown,ok,1,0.97,Başlıkta kart veya taksit avantajı bulundu.,2026-07-31T10:44:13+00:00,2026-07-31T10:44:13+00:00,2026-07-31T10:44:13+00:00,,,,,,,,,,,,,,,
416,T.O.M. Katılım,2026’da Hadi Black Kredi Kartı ile evinin çayı bedava! | TOM Bank Hadi,other_campaign,T.O.M. Katılım / TOM Bank Hadi Kampanyaları,https://tombankhadi.com/kampanyalar/2026da-evinin-caylari-hadi-kredi-kartindan,,2026-08-31,active,unknown,ok,1,0.84,"Kampanya ifadesiyle tutar, oran veya dönem kanıtı bulundu.",2026-08-10T08:02:41+00:00,2026-08-10T11:27:29+00:00,2026-08-10T11:27:29+00:00,,,,,,,,,,,,,,,
418,T.O.M. Katılım,A101 Ekstra’da tüm cep telefonlarına Peşin Fiyatına 3 Taksit! 🤩 (GEÇMİŞ KAMPANYA) | TOM Bank Hadi,finance_campaign,T.O.M. Katılım / TOM Bank Hadi Kampanyaları,https://tombankhadi.com/kampanyalar/a101-ekstrada-tum-cep-telefonlarina-pesin-fiyatina-3-taksit,2026-03-01,2026-03-16,expired,unknown,ok,1,0.96,Açık finansman ürünü ve somut kampanya kanıtı bulundu.,2026-08-10T08:02:41+00:00,2026-08-10T11:27:29+00:00,2026-08-10T11:27:29+00:00,Alışveriş Finansmanı,,,,,,,3,,,,,,Satın almak istediğin cep telefonu fiyatı sana özel tanımlanan limitin ile aynı ya da daha alt tutarda olmalıdır.,
420,T.O.M. Katılım,A101 Ekstra’da tüm cep telefonlarına Peşin Fiyatına 3 Taksit! 🤩 (GEÇMİŞ KAMPANYA) | TOM Bank Hadi,finance_campaign,T.O.M. Katılım / TOM Bank Hadi Kampanyaları,https://tombankhadi.com/kampanyalar/a101ekstrada-tum-cep-telefonlarina-pesin-fiyatina-3taksit,2026-02-05,2026-02-09,expired,unknown,ok,1,0.96,Açık finansman ürünü ve somut kampanya kanıtı bulundu.,2026-08-10T08:02:41+00:00,2026-08-10T11:27:29+00:00,2026-08-10T11:27:29+00:00,Alışveriş Finansmanı,,,,,,,3,,,,,,"A101 Ekstra’da, Hadi Taksitli Kredi limitine uygun tüm cep telefonlarına peşin fiyatına 3 taksit fırsatını kaçırma!",
417,T.O.M. Katılım,A101'de 100TL kazan (GEÇMİŞ KAMPANYA) | TOM Bank Hadi,discount_campaign,T.O.M. Katılım / TOM Bank Hadi Kampanyaları,https://tombankhadi.com/kampanyalar/a101-de-100tl-kazan,2026-03-29,2026-04-01,expired,unknown,ok,1,0.98,T.O.M./Hadi Veresiye ödül/vade-farkı kampanyası; finansman ürünü karşılaştırmasına dahil edilmedi.,2026-08-10T08:02:41+00:00,2026-08-10T11:27:29+00:00,2026-08-10T11:27:29+00:00,,,,,,,,,,,,,,,
419,T.O.M. Katılım,A101’de her alışverişte %3'e varan nakit iade! | TOM Bank Hadi,discount_campaign,T.O.M. Katılım / TOM Bank Hadi Kampanyaları,https://tombankhadi.com/kampanyalar/a101de-her-alisveriste-3-nakit-iade,,2026-12-31,active,unknown,ok,1,0.98,T.O.M./Hadi Veresiye ödül/vade-farkı kampanyası; finansman ürünü karşılaştırmasına dahil edilmedi.,2026-08-10T08:02:41+00:00,2026-08-10T11:27:29+00:00,2026-08-10T11:27:29+00:00,,,,,,,,,,,,,,,
421,T.O.M. Katılım,A101’lerde meyve sebze alışverişlerinde %10 nakit iade! | TOM Bank Hadi,discount_campaign,T.O.M. Katılım / TOM Bank Hadi Kampanyaları,https://tombankhadi.com/kampanyalar/a101lerde-meyve-sebze-alisverislerinde-10-nakit-iade,,2026-12-31,active,unknown,ok,1,0.94,İndirim veya iade avantajı bulundu.,2026-08-10T08:02:41+00:00,2026-08-10T11:27:29+00:00,2026-08-10T11:27:29+00:00,,,,,,,,,,,,,,,
422,T.O.M. Katılım,A101’lerde süt ürünleri harcamalarında %50 Hediye Bakiye kazan! | TOM Bank Hadi,other_campaign,T.O.M. Katılım / TOM Bank Hadi Kampanyaları,https://tombankhadi.com/kampanyalar/a101lerde-sut-urunleri-harcamalarinda-50-hediye-bakiye-kazan,2026-08-06,2026-08-31,active,unknown,ok,1,0.84,"Kampanya ifadesiyle tutar, oran veya dönem kanıtı bulundu.",2026-08-10T08:02:41+00:00,2026-08-10T11:27:29+00:00,2026-08-10T11:27:29+00:00,,,,,,,,,,,,,,,
425,T.O.M. Katılım,Bilet.com’da Aile Etkinliklerinde %15 İndirim! (GEÇMİŞ KAMPANYA) | TOM Bank Hadi,discount_campaign,T.O.M. Katılım / TOM Bank Hadi Kampanyaları,https://tombankhadi.com/kampanyalar/biletcomda-aile-etkinliklerinde-yuzde15-indirim,2026-12-05,2026-01-15,expired,unknown,ok,1,0.94,İndirim veya iade avantajı bulundu.,2026-08-10T08:02:41+00:00,2026-08-10T11:27:29+00:00,2026-08-10T11:27:29+00:00,,,,,,,,,,,,,,,
426,T.O.M. Katılım,Bilet.com’da Otobüs Biletlerinde 40 TL İndirim! (GEÇMİŞ KAMPANYA) | TOM Bank Hadi,discount_campaign,T.O.M. Katılım / TOM Bank Hadi Kampanyaları,https://tombankhadi.com/kampanyalar/biletcomda-otobus-biletlerinde-40tl-indirim,2026-12-05,2026-01-15,expired,unknown,ok,1,0.94,İndirim veya iade avantajı bulundu.,2026-08-10T08:02:41+00:00,2026-08-10T11:27:29+00:00,2026-08-10T11:27:29+00:00,,,,,,,,,,,,,,,
471,T.O.M. Katılım,Cep telefonlarında Çok Kazananlar Kulübü’ne Özel Taksitli Alışveriş Kredisi Vade Farksız 3 Taksit! | TOM Bank Hadi,finance_campaign,T.O.M. Katılım / TOM Bank Hadi Kampanyaları,https://tombankhadi.com/kampanyalar/tom-bank-cok-kazananlar-kulubune-ozel-vade-farksiz-3-taksit-cep-telefonu,2026-07-01,2026-12-31,active,unknown,ok,1,0.96,Açık finansman ürünü ve somut kampanya kanıtı bulundu.,2026-08-10T08:02:41+00:00,2026-08-10T11:27:29+00:00,2026-08-10T11:27:29+00:00,Alışveriş Finansmanı,0.0,0.0,,,3,3,3,,,,,,Kampanya Detayları: Taksitli Alışveriş Kredisi ile A101 Ekstra’daki cep telefonlarında vade farksız 3 taksit fırsatı!,
429,T.O.M. Katılım,Dijital Platform ve Yapay Zeka Ödemelerinde %50'ye varan iade! | TOM Bank Hadi,other_campaign,T.O.M. Katılım / TOM Bank Hadi Kampanyaları,https://tombankhadi.com/kampanyalar/dijital-platform-ve-yapay-zeka-odemelerinde-50-ye-varan-iade,2026-12-03,2026-08-31,upcoming,unknown,ok,1,0.84,"Kampanya ifadesiyle tutar, oran veya dönem kanıtı bulundu.",2026-08-10T08:02:41+00:00,2026-08-10T11:27:29+00:00,2026-08-10T11:27:29+00:00,,,,,,,,,,,,,,,
430,T.O.M. Katılım,Eczanelerde Hadi Sağlık Kredisi ile %0 Vade Farkı ile 6 taksit! | TOM Bank Hadi,finance_campaign,T.O.M. Katılım / TOM Bank Hadi Kampanyaları,https://tombankhadi.com/kampanyalar/eczanelerde-hadi-saglik-kredisi-ile-0-vade-farki-ile-6-taksit,2026-04-01,2026-04-30,expired,unknown,ok,1,0.96,Açık finansman ürünü ve somut kampanya kanıtı bulundu.,2026-08-10T08:02:41+00:00,2026-08-10T11:27:29+00:00,2026-08-10T11:27:29+00:00,Sağlık Finansmanı,0.0,0.0,,,,,6,,,,,,"Sana özel tanımlanan eczane harcama limitini, birden fazla eczane harcamalarında kullanabilirsin.",
485,T.O.M. Katılım,English Home alışverişlerinde %10 nakit iade! | TOM Bank Hadi,discount_campaign,T.O.M. Katılım / TOM Bank Hadi Kampanyaları,https://tombankhadi.com/kampanyalar/tum-alisverislerine-aninda-10-kazan,,2026-12-31,active,unknown,ok,1,0.98,T.O.M./Hadi Veresiye ödül/vade-farkı kampanyası; finansman ürünü karşılaştırmasına dahil edilmedi.,2026-08-10T08:02:41+00:00,2026-08-10T11:27:29+00:00,2026-08-10T11:27:29+00:00,,,,,,,,,,,,,,,
431,T.O.M. Katılım,Eve alışverişlerinde %10 nakit iade! | TOM Bank Hadi,discount_campaign,T.O.M. Katılım / TOM Bank Hadi Kampanyaları,https://tombankhadi.com/kampanyalar/eve-alisverislerinde-10-nakit-iade,,2026-12-31,active,unknown,ok,1,0.98,T.O.M./Hadi Veresiye ödül/vade-farkı kampanyası; finansman ürünü karşılaştırmasına dahil edilmedi.,2026-08-10T08:02:41+00:00,2026-08-10T11:27:29+00:00,2026-08-10T11:27:29+00:00,,,,,,,,,,,,,,,
432,T.O.M. Katılım,Giyim Alışverişlerinde Vade Farksız 3 Taksit! Çok Kazananlar Kulübü’ne özel vade farksız 6 Taksit! | TOM Bank Hadi,card_campaign,T.O.M. Katılım / TOM Bank Hadi Kampanyaları,https://tombankhadi.com/kampanyalar/giyim-alisverislerinde-kampanya,2026-07-01,2026-12-31,active,unknown,ok,1,0.94,Kart harcamasına taksit/vade farksız avantajı bulundu.,2026-08-10T08:02:41+00:00,2026-08-10T11:27:29+00:00,2026-08-10T11:27:29+00:00,,,,,,,,,,,,,,,
433,T.O.M. Katılım,Hadi Alışveriş Kredisi ile Çetmen Mağazalarına Özel 15 Taksit! | TOM Bank Hadi,finance_campaign,T.O.M. Katılım / TOM Bank Hadi Kampanyaları,https://tombankhadi.com/kampanyalar/hadi-alisveris-kredisi-ile-cetmen-magazalarina-ozel-15-taksit,,2026-12-31,active,unknown,ok,1,0.96,Açık finansman ürünü ve somut kampanya kanıtı bulundu.,2026-08-10T08:02:41+00:00,2026-08-10T11:27:29+00:00,2026-08-10T11:27:29+00:00,Alışveriş Finansmanı,,,,,,,15,,,,,,31.12.2026'ya kadar Hadi Alışveriş Kredisi ile anlaşmalı Çetmen mobilya mağazalarından yapacağın mobilya alışverişlerinde 15 taksit fırsatı seni bekliyor!,
435,T.O.M. Katılım,Hadi Black Kredi Kartı ile Altın Birikimine Gümüş Hediye! | TOM Bank Hadi,other_campaign,T.O.M. Katılım / TOM Bank Hadi Kampanyaları,https://tombankhadi.com/kampanyalar/hadi-black-kredi-karti-ile-altin-birikimine-gumus-hediye,2026-06-18,2026-08-18,active,unknown,ok,1,0.84,"Kampanya ifadesiyle tutar, oran veya dönem kanıtı bulundu.",2026-08-10T08:02:41+00:00,2026-08-10T11:27:29+00:00,2026-08-10T11:27:29+00:00,,,,,,,,,,,,,,,
490,T.O.M. Katılım,Hadi Black Kredi Kartı ile MTV Ödemelerinde Vade Farksız 3 taksit fırsatını kaçırma! | TOM Bank Hadi,card_campaign,T.O.M. Katılım / TOM Bank Hadi Kampanyaları,https://tombankhadi.com/kampanyalar/vergi-kampanyasi,,,active,unknown,ok,1,0.94,Kart harcamasına taksit/vade farksız avantajı bulundu.,2026-08-10T08:02:41+00:00,2026-08-10T11:27:29+00:00,2026-08-10T11:27:29+00:00,,,,,,,,,,,,,,,
434,T.O.M. Katılım,Hadi Black Kredi Kartı ile Restoderm’de %30 indirim! | TOM Bank Hadi,discount_campaign,T.O.M. Katılım / TOM Bank Hadi Kampanyaları,https://tombankhadi.com/kampanyalar/hadi-black-karti-ile-restoderm-alisverislerinde-30-indirim,2026-08-04,2026-08-30,active,unknown,ok,1,0.94,İndirim veya iade avantajı bulundu.,2026-08-10T08:02:41+00:00,2026-08-10T11:27:29+00:00,2026-08-10T11:27:29+00:00,,,,,,,,,,,,,,,
437,T.O.M. Katılım,Hadi Black Kredi Kartı ile Zorlu PSM'nin düzenlediği etkinliklerde %20 indirim! | TOM Bank Hadi,discount_campaign,T.O.M. Katılım / TOM Bank Hadi Kampanyaları,https://tombankhadi.com/kampanyalar/hadi-black-kredi-karti-ile-zorlu-psm-nin-duzenledigi-etkinliklerde-20-indirim,2026-05-12,2026-08-01,expired,unknown,ok,1,0.94,İndirim veya iade avantajı bulundu.,2026-08-10T08:02:41+00:00,2026-08-10T11:27:29+00:00,2026-08-10T11:27:29+00:00,,,,,,,,,,,,,,,
436,T.O.M. Katılım,Hadi Black Kredi Kartı ile tüm Pegasus uçuşlarında %50 iade! | TOM Bank Hadi,discount_campaign,T.O.M. Katılım / TOM Bank Hadi Kampanyaları,https://tombankhadi.com/kampanyalar/hadi-black-kredi-karti-ile-pegasus-harcamalarindan-50-iade-kazan,2026-07-01,2026-10-31,active,unknown,ok,1,0.94,İndirim veya iade avantajı bulundu.,2026-08-10T08:02:41+00:00,2026-08-10T11:27:29+00:00,2026-08-10T11:27:29+00:00,,,,,,,,,,,,,,,
441,T.O.M. Katılım,Hadi Kartların ile Flormar’da 200 TL İndirim! (GEÇMİŞ KAMPANYA) | TOM Bank Hadi,discount_campaign,T.O.M. Katılım / TOM Bank Hadi Kampanyaları,https://tombankhadi.com/kampanyalar/hadi-kartlarin-ile-flormarda-200-tl-indirim,2026-12-20,2026-02-28,expired,unknown,ok,1,0.94,İndirim veya iade avantajı bulundu.,2026-08-10T08:02:41+00:00,2026-08-10T11:27:29+00:00,2026-08-10T11:27:29+00:00,,,,,,,,,,,,,,,
442,T.O.M. Katılım,Hadi Kartların ile uçak biletlerinde 250 TL İndirim! (GEÇMİŞ KAMPANYA) | TOM Bank Hadi,discount_campaign,T.O.M. Katılım / TOM Bank Hadi Kampanyaları,https://tombankhadi.com/kampanyalar/hadi-kartlarin-ile-ucak-biletlerinde-250-tl-indirim,2024-12-23,2025-01-06,expired,unknown,ok,1,0.94,İndirim veya iade avantajı bulundu.,2026-08-10T08:02:41+00:00,2026-08-10T11:27:29+00:00,2026-08-10T11:27:29+00:00,,,,,,,,,,,,,,,
443,T.O.M. Katılım,Hadi Kredi Kartı ile AllDayEsim alışverişlerinde %40 indirim! | TOM Bank Hadi,discount_campaign,T.O.M. Katılım / TOM Bank Hadi Kampanyaları,https://tombankhadi.com/kampanyalar/hadi-kredi-karti-ile-alldayesim-alisverislerinde-40-indirim,2026-06-02,2026-08-31,active,unknown,ok,1,0.94,İndirim veya iade avantajı bulundu.,2026-08-10T08:02:41+00:00,2026-08-10T11:27:29+00:00,2026-08-10T11:27:29+00:00,,,,,,,,,,,,,,,
444,T.O.M. Katılım,Hadi Kredi Kartı ile Koton’da 500 TL İndirim! (GEÇMİŞ KAMPANYA) | TOM Bank Hadi,discount_campaign,T.O.M. Katılım / TOM Bank Hadi Kampanyaları,https://tombankhadi.com/kampanyalar/hadi-kredi-karti-ile-kotonda-500-tl-indirim,2026-12-05,2026-01-15,expired,unknown,ok,1,0.94,İndirim veya iade avantajı bulundu.,2026-08-10T08:02:41+00:00,2026-08-10T11:27:29+00:00,2026-08-10T11:27:29+00:00,,,,,,,,,,,,,,,
445,T.O.M. Katılım,Hadi Kredi Kartı ile Spotify ve Netflix harcamaları bedava! (GEÇMİŞ KAMPANYA) | TOM Bank Hadi,discount_campaign,T.O.M. Katılım / TOM Bank Hadi Kampanyaları,https://tombankhadi.com/kampanyalar/hadi-kredi-karti-ile-spotify-ve-netflix-harcamalari-bedava,2026-09-25,2026-12-31,expired,unknown,ok,1,0.94,İndirim veya iade avantajı bulundu.,2026-08-10T08:02:41+00:00,2026-08-10T11:27:29+00:00,2026-08-10T11:27:29+00:00,,,,,,,,,,,,,,,
463,T.O.M. Katılım,Hadi Kredi Kartı ile sonradan taksitlendir! | TOM Bank Hadi,card_campaign,T.O.M. Katılım / TOM Bank Hadi Kampanyaları,https://tombankhadi.com/kampanyalar/kredi-karti-taksitlendir,,,active,unknown,ok,1,0.97,Başlıktaki açık kampanya sinyaline göre hedefli kategori düzeltmesi.,2026-08-10T08:02:41+00:00,2026-08-10T11:27:29+00:00,2026-08-10T11:27:29+00:00,,,,,,,,,,,,,,,
447,T.O.M. Katılım,"Hadi Kredi Kartı'nı Masterpass'e kaydet, hop sürüşlerinde açılış ücreti ödeme! (GEÇMİŞ KAMPANYA) | TOM Bank Hadi",other_campaign,T.O.M. Katılım / TOM Bank Hadi Kampanyaları,https://tombankhadi.com/kampanyalar/hadi-kredi-karti-ni-masterpass-e-kaydet-hop-scooter-surusunde-acilis-ucreti-odeme,2026-10-05,2026-10-27,expired,unknown,ok,1,0.84,"Kampanya ifadesiyle tutar, oran veya dönem kanıtı bulundu.",2026-08-10T08:02:41+00:00,2026-08-10T11:27:29+00:00,2026-08-10T11:27:29+00:00,,,,,,,,,,,,,,,
448,T.O.M. Katılım,"Hadi Kredi Kartı'nı Trendyol'a kaydet, 200 TL indirim kuponu kazan! (GEÇMİŞ KAMPANYA) | TOM Bank Hadi",discount_campaign,T.O.M. Katılım / TOM Bank Hadi Kampanyaları,https://tombankhadi.com/kampanyalar/hadi-kredi-karti-ni-trendyol-a-kaydet-200-tl-indirim-kuponu-kazan,2026-09-09,2026-10-31,expired,unknown,ok,1,0.94,İndirim veya iade avantajı bulundu.,2026-08-10T08:02:41+00:00,2026-08-10T11:27:29+00:00,2026-08-10T11:27:29+00:00,,,,,,,,,,,,,,,
449,T.O.M. Katılım,Hadi Mağazadan Alışveriş Kredisi ile Alpi Diş Hastanelerinde 15 Taksit! | TOM Bank Hadi,finance_campaign,T.O.M. Katılım / TOM Bank Hadi Kampanyaları,https://tombankhadi.com/kampanyalar/hadi-magazadan-alisveris-kredisi-ile-alpi-dis-hastanelerinde-15-taksit,,2026-12-31,active,unknown,ok,1,0.96,Açık finansman ürünü ve somut kampanya kanıtı bulundu.,2026-08-10T08:02:41+00:00,2026-08-10T11:27:29+00:00,2026-08-10T11:27:29+00:00,Alışveriş Finansmanı,0.0,0.0,,,12,12,15,,,,,,31.12.2026'ya kadar Hadi Mağazadan Alışveriş kredisi ile Alpi Diş Hastanelerinden yapacağın işlemlerde vade farksız 12 aya varan taksit fırsatı seni bekliyor!,
450,T.O.M. Katılım,Hadi Mağazadan Alışveriş Kredisi ile Konfor Mağazalarına Özel 15 Taksit! | TOM Bank Hadi,finance_campaign,T.O.M. Katılım / TOM Bank Hadi Kampanyaları,https://tombankhadi.com/kampanyalar/hadi-magazadan-alisveris-kredisi-ile-konfor-magazalarina-ozel-15-taksit,2026-10-03,2026-12-31,upcoming,unknown,ok,1,0.96,Açık finansman ürünü ve somut kampanya kanıtı bulundu.,2026-08-10T08:02:41+00:00,2026-08-10T11:27:29+00:00,2026-08-10T11:27:29+00:00,Alışveriş Finansmanı,,,,,,,15,,,,,,Kampanya Tarihleri 03 Ekim - 31 Aralık 2026 31.12.2026'ya kadar Hadi Mağazadan Alışveriş kredisi ile anlaşmalı Konfor mobilya mağazalarından yapacağın mobilya alışverişlerinde 15 taksit fırsatı seni bekliyor!,
451,T.O.M. Katılım,Hadi Mağazadan Alışveriş Kredisi ile Samsung Beyaz Eşya Alışverişlerine 12 Taksit! | TOM Bank Hadi,finance_campaign,T.O.M. Katılım / TOM Bank Hadi Kampanyaları,https://tombankhadi.com/kampanyalar/hadi-magazadan-alisveris-kredisi-ile-samsung-beyaz-esya-alisverislerine-12-taksit,,2026-12-31,active,unknown,ok,1,0.96,Açık finansman ürünü ve somut kampanya kanıtı bulundu.,2026-08-10T08:02:41+00:00,2026-08-10T11:27:29+00:00,2026-08-10T11:27:29+00:00,Alışveriş Finansmanı,,,,,12,12,12,,,,,,Alışverişlerdeki vade seçenekleri yasal düzenlemelerdeki vade kısıtlamalarına tabi olup Beyaz eşya grubunda 9 ve 12 ay taksit imkanı sunulmaktadır.,
424,T.O.M. Katılım,Hadi Taksitli Alışveriş Kredisi ile Bellona Mağazalarında 36 Aya Varan Taksit! | TOM Bank Hadi,finance_campaign,T.O.M. Katılım / TOM Bank Hadi Kampanyaları,https://tombankhadi.com/kampanyalar/bellona,,2026-12-31,active,unknown,ok,1,0.96,Açık finansman ürünü ve somut kampanya kanıtı bulundu.,2026-08-10T08:02:41+00:00,2026-08-10T11:27:29+00:00,2026-08-10T11:27:29+00:00,Alışveriş Finansmanı,,,,,36,36,36,,,,,,31.12.2026'ya kadar Hadi Taksitli Alışveriş Kredisi ile anlaşmalı Bellona mobilya mağazalarından yapacağın mobilya alışverişlerinde 36 aya varan taksit fırsatı seni bekliyor!,
452,T.O.M. Katılım,Hadi Taksitli Alışveriş Kredisi ile Mondi Mağazalarında 36 Aya Varan Taksit! | TOM Bank Hadi,finance_campaign,T.O.M. Katılım / TOM Bank Hadi Kampanyaları,https://tombankhadi.com/kampanyalar/hadi-taksitli-alisveris-kredisi-ile-mondi-magazalarinda-36-aya-varan-taksit,,2026-12-31,active,unknown,ok,1,0.96,Açık finansman ürünü ve somut kampanya kanıtı bulundu.,2026-08-10T08:02:41+00:00,2026-08-10T11:27:29+00:00,2026-08-10T11:27:29+00:00,Alışveriş Finansmanı,,,,,36,36,36,,,,,,31.12.2026'ya kadar Hadi Taksitli Alışveriş Kredisi ile anlaşmalı Mondi mobilya mağazalarından yapacağın mobilya alışverişlerinde 36 aya varan taksit fırsatı seni bekliyor!,
460,T.O.M. Katılım,Hadi Taksitli Alışveriş Kredisi ile İstikbal Mağazalarında 36 Aya Varan Taksit! | TOM Bank Hadi,finance_campaign,T.O.M. Katılım / TOM Bank Hadi Kampanyaları,https://tombankhadi.com/kampanyalar/istikbal,,2026-12-31,active,unknown,ok,1,0.96,Açık finansman ürünü ve somut kampanya kanıtı bulundu.,2026-08-10T08:02:41+00:00,2026-08-10T11:27:29+00:00,2026-08-10T11:27:29+00:00,Alışveriş Finansmanı,,,,,36,36,36,,,,,,31.12.2026'ya kadar Hadi Taksitli Alışveriş Kredisi ile anlaşmalı İstikbal mobilya mağazalarından yapacağın mobilya alışverişlerinde 36 aya varan taksit fırsatı seni bekliyor!,
453,T.O.M. Katılım,Hadi Taksitli Kredi ile 2.500 TL ve üzeri harcamalarında 250 TL nakit iade! (GEÇMİŞ KAMPANYA) | TOM Bank Hadi,finance_campaign,T.O.M. Katılım / TOM Bank Hadi Kampanyaları,https://tombankhadi.com/kampanyalar/hadi-taksitli-kredi-ile-2500-tl-ve-uzeri-harcamalarinda-250-tl-nakit-iade,2026-10-22,2026-11-17,expired,unknown,ok,1,0.96,Açık finansman ürünü ve somut kampanya kanıtı bulundu.,2026-08-10T08:02:41+00:00,2026-08-10T11:27:29+00:00,2026-08-10T11:27:29+00:00,Alışveriş Finansmanı,,,,,,,2,,,,,,Kampanya kişiye özel olarak Hadi uygulaması içinden bilgilendirme yapılan müşterilerimiz için geçerlidir.,
487,T.O.M. Katılım,Hadi Taksitli Kredi ile A101 Ekstra’da Tüm Ürünlerde Peşin Fiyatına 3 Taksit! (GEÇMİŞ KAMPANYA) | TOM Bank Hadi,finance_campaign,T.O.M. Katılım / TOM Bank Hadi Kampanyaları,https://tombankhadi.com/kampanyalar/tum-urunlerde-pesin-fiyatina-3-taksit,2026-04-01,2026-04-16,expired,unknown,ok,1,0.96,Açık finansman ürünü ve somut kampanya kanıtı bulundu.,2026-08-10T08:02:41+00:00,2026-08-10T11:27:29+00:00,2026-08-10T11:27:29+00:00,Alışveriş Finansmanı,,,,,,,3,,,,,,Satın almak istediğin ürünlerin toplam fiyatı sana özel tanımlanan limitin ile aynı ya da daha düşük tutarda olmalıdır.,
488,T.O.M. Katılım,Hadi Taksitli Kredi ile TV ve beyaz eşya kategorisinde Peşin Fiyatına 3 Taksit!🤩 (GEÇMİŞ KAMPANYA) | TOM Bank Hadi,finance_campaign,T.O.M. Katılım / TOM Bank Hadi Kampanyaları,https://tombankhadi.com/kampanyalar/tv-beyazesya-pesinfiyatina3taksit,2026-03-17,2026-03-31,expired,unknown,ok,1,0.96,Açık finansman ürünü ve somut kampanya kanıtı bulundu.,2026-08-10T08:02:41+00:00,2026-08-10T11:27:29+00:00,2026-08-10T11:27:29+00:00,Alışveriş Finansmanı,,,,,,,3,,,,,,Satın almak istediğin ürünlerin toplam fiyatı sana özel tanımlanan limitin ile aynı ya da daha alt tutarda olmalıdır.,
428,T.O.M. Katılım,Hadi Taksitli Kredi ile derin dondurucu ve klimalarda PEŞİN FİYATINA 3 TAKSİT! (GEÇMİŞ KAMPANYA) | TOM Bank Hadi,finance_campaign,T.O.M. Katılım / TOM Bank Hadi Kampanyaları,https://tombankhadi.com/kampanyalar/derindondurucu-ve-klimalarda-pesin-fiyatina-3taksit,2026-02-11,2026-02-28,expired,unknown,ok,1,0.96,Açık finansman ürünü ve somut kampanya kanıtı bulundu.,2026-08-10T08:02:41+00:00,2026-08-10T11:27:29+00:00,2026-08-10T11:27:29+00:00,Alışveriş Finansmanı,,,,,,,3,,,,,,Satın almak istediğin ürünlerin toplam fiyatı sana özel tanımlanan limitin ile aynı ya da daha alt tutarda olmalıdır.,
466,T.O.M. Katılım,Hadi Taksitli Kredi ile mobilya ve bisikletlerde PEŞİN FİYATINA 3 TAKSİT! (GEÇMİŞ KAMPANYA) | TOM Bank Hadi,finance_campaign,T.O.M. Katılım / TOM Bank Hadi Kampanyaları,https://tombankhadi.com/kampanyalar/mobilya-ve-bisikletlerde-pesin-fiyatina-3taksit,2026-02-11,2026-02-28,expired,unknown,ok,1,0.96,Açık finansman ürünü ve somut kampanya kanıtı bulundu.,2026-08-10T08:02:41+00:00,2026-08-10T11:27:29+00:00,2026-08-10T11:27:29+00:00,Alışveriş Finansmanı,,,,,,,3,,,,,,Satın almak istediğin ürünlerin toplam fiyatı sana özel tanımlanan limitin ile aynı ya da daha alt tutarda olmalıdır.,
454,T.O.M. Katılım,Hadi Taksitli Sağlık Kredisi sağlık harcamalarında da yanında! | TOM Bank Hadi,finance_campaign,T.O.M. Katılım / TOM Bank Hadi Kampanyaları,https://tombankhadi.com/kampanyalar/hadi-taksitli-saglik-kredisi-saglik-harcamalarinda-da-yaninda,,,active,unknown,ok,1,0.96,Açık finansman ürünü ve somut kampanya kanıtı bulundu.,2026-08-10T08:02:41+00:00,2026-08-10T11:27:29+00:00,2026-08-10T11:27:29+00:00,Sağlık Finansmanı,4.99,4.99,,,12,12,12,,,,,,"Sana özel tanımlanan sağlık sektörü harcama limitini, limitin yettiğince birden fazla sağlık sektörü harcamanda kullanabilirsin Aynı ay içinde kampanyadan yapılabilecek maksimum harcama tutarı eczaneler için 5.000 TL, diğer sağlık sektörü harcamaları için 100.000 TL’dir.",
455,T.O.M. Katılım,Hadi Veresiye ile 1.000 TL harca 100 TL kazan! (GEÇMİŞ KAMPANYA) | TOM Bank Hadi,discount_campaign,T.O.M. Katılım / TOM Bank Hadi Kampanyaları,https://tombankhadi.com/kampanyalar/hadi-veresiye-ile-1000tl-harca-100tl-kazan,2026-12-11,2026-12-31,expired,unknown,ok,1,0.98,T.O.M./Hadi Veresiye ödül/vade-farkı kampanyası; finansman ürünü karşılaştırmasına dahil edilmedi.,2026-08-10T08:02:41+00:00,2026-08-10T11:27:29+00:00,2026-08-10T11:27:29+00:00,,,,,,,,,,,,,,,
458,T.O.M. Katılım,Hadi Veresiye ile A101'lerde Yapacağın İlk Alışverişe Vade Farkın Bizden! (GEÇMİŞ KAMPANYA) | TOM Bank Hadi,discount_campaign,T.O.M. Katılım / TOM Bank Hadi Kampanyaları,https://tombankhadi.com/kampanyalar/hadiveresiye-vadefarkinbizden,2026-03-10,2026-03-31,expired,unknown,ok,1,0.98,T.O.M./Hadi Veresiye ödül/vade-farkı kampanyası; finansman ürünü karşılaştırmasına dahil edilmedi.,2026-08-10T08:02:41+00:00,2026-08-10T11:27:29+00:00,2026-08-10T11:27:29+00:00,,,,,,,,,,,,,,,
456,T.O.M. Katılım,Hadi Veresiye ile toplam 10.000 TL harca ek 250 TL kazan! (GEÇMİŞ KAMPANYA) | TOM Bank Hadi,discount_campaign,T.O.M. Katılım / TOM Bank Hadi Kampanyaları,https://tombankhadi.com/kampanyalar/hadi-veresiye-ile-toplam-10000tl-harca-ek-250tl-kazan,2026-12-11,2026-12-31,expired,unknown,ok,1,0.98,T.O.M./Hadi Veresiye ödül/vade-farkı kampanyası; finansman ürünü karşılaştırmasına dahil edilmedi.,2026-08-10T08:02:41+00:00,2026-08-10T11:27:29+00:00,2026-08-10T11:27:29+00:00,,,,,,,,,,,,,,,
459,T.O.M. Katılım,"Hafta sonu restoran harcamalarında %7,5 iade! Üstelik Çok kazananlar Kulübü’ne özel %15 iade! | TOM Bank Hadi",other_campaign,T.O.M. Katılım / TOM Bank Hadi Kampanyaları,https://tombankhadi.com/kampanyalar/hafta-sonu-restoran-harcamalarinda-7-5-iade-ustelik-cok-kazananlar-kulubune-ozel-15-iade,2026-07-01,2026-07-31,expired,unknown,ok,1,0.84,"Kampanya ifadesiyle tutar, oran veya dönem kanıtı bulundu.",2026-08-10T08:02:41+00:00,2026-08-10T11:27:29+00:00,2026-08-10T11:27:29+00:00,,,,,,,,,,,,,,,
438,T.O.M. Katılım,Hesabını Aktifleştirmek için Göndereceğin İlk 250 TL Alışverişine Özel 25 TL Kazan (GEÇMİŞ KAMPANYA) | TOM Bank Hadi,discount_campaign,T.O.M. Katılım / TOM Bank Hadi Kampanyaları,https://tombankhadi.com/kampanyalar/hadi-hesabini-aktiflestir,2026-12-02,2026-12-03,expired,unknown,ok,1,0.94,İndirim veya iade avantajı bulundu.,2026-08-10T08:02:41+00:00,2026-08-10T11:27:29+00:00,2026-08-10T11:27:29+00:00,,,,,,,,,,,,,,,
439,T.O.M. Katılım,Hesabını aktifleştirmek için göndereceğin ilk 250 TL’ye 25 TL kazan! (GEÇMİŞ KAMPANYA) | TOM Bank Hadi,discount_campaign,T.O.M. Katılım / TOM Bank Hadi Kampanyaları,https://tombankhadi.com/kampanyalar/hadi-hesabini-aktiflestirmek-icin-gonderecegin-ilk-250-tlye-alisverisine-ozel-25-tl-kazan,2026-09-26,2026-09-27,expired,unknown,ok,1,0.94,İndirim veya iade avantajı bulundu.,2026-08-10T08:02:41+00:00,2026-08-10T11:27:29+00:00,2026-08-10T11:27:29+00:00,,,,,,,,,,,,,,,
440,T.O.M. Katılım,Hesabını aktifleştirmek için göndereceğin ilk 500 TL’ye 50 TL kazan! (GEÇMİŞ KAMPANYA) | TOM Bank Hadi,discount_campaign,T.O.M. Katılım / TOM Bank Hadi Kampanyaları,https://tombankhadi.com/kampanyalar/hadi-hesabini-aktiflestirmek-icin-gonderecegin-ilk-500-tlye-alisverisine-ozel-50-tl-kazan,2026-10-30,2026-10-31,expired,unknown,ok,1,0.94,İndirim veya iade avantajı bulundu.,2026-08-10T08:02:41+00:00,2026-08-10T11:27:29+00:00,2026-08-10T11:27:29+00:00,,,,,,,,,,,,,,,
461,T.O.M. Katılım,Kahvelerin Hadi Kartı’ndan! (GEÇMŞİ KAMPANYA) | TOM Bank Hadi,discount_campaign,T.O.M. Katılım / TOM Bank Hadi Kampanyaları,https://tombankhadi.com/kampanyalar/kahvelerin-hadi-kartindan,2026-02-13,2026-02-16,expired,unknown,ok,1,0.94,İndirim veya iade avantajı bulundu.,2026-08-10T08:02:41+00:00,2026-08-10T11:27:29+00:00,2026-08-10T11:27:29+00:00,,,,,,,,,,,,,,,
446,T.O.M. Katılım,"Kredi Kartı limitini artır, harcamalarından toplam 2000 TL’ye kadar A101 hediye bakiye kazan! | TOM Bank Hadi",other_campaign,T.O.M. Katılım / TOM Bank Hadi Kampanyaları,https://tombankhadi.com/kampanyalar/hadi-kredi-karti-limitini-artir-toplam-2000-tlye-kadar-a101-hediye-bakiye-kazan,2026-07-27,2026-08-31,active,unknown,ok,1,0.84,"Kampanya ifadesiyle tutar, oran veya dönem kanıtı bulundu.",2026-08-10T08:02:41+00:00,2026-08-10T11:27:29+00:00,2026-08-10T11:27:29+00:00,,,,,,,,,,,,,,,
462,T.O.M. Katılım,"Kredi Kartı limitini artır, harcamalarından toplam 500 TL iade kazan! | TOM Bank Hadi",other_campaign,T.O.M. Katılım / TOM Bank Hadi Kampanyaları,https://tombankhadi.com/kampanyalar/kredi-karti-limitini-artir-harcamalarindan-toplam-500-tl-iade-kazan,2026-07-01,2026-07-30,expired,unknown,ok,1,0.84,"Kampanya ifadesiyle tutar, oran veya dönem kanıtı bulundu.",2026-08-10T08:02:41+00:00,2026-08-10T11:27:29+00:00,2026-08-10T11:27:29+00:00,,,,,,,,,,,,,,,
464,T.O.M. Katılım,Mastercard logolu Hadi kartların ile ilk sürüşün bizden! (GEÇMİŞ KAMPANYA) | TOM Bank Hadi,discount_campaign,T.O.M. Katılım / TOM Bank Hadi Kampanyaları,https://tombankhadi.com/kampanyalar/mastercard-logolu-hadi-kartlarin-ile-ilk-surusun-bizden,2026-03-13,2026-03-22,expired,unknown,ok,1,0.94,İndirim veya iade avantajı bulundu.,2026-08-10T08:02:41+00:00,2026-08-10T11:27:29+00:00,2026-08-10T11:27:29+00:00,,,,,,,,,,,,,,,
468,T.O.M. Katılım,"PEGASUS Koduyla TOM Bank Hadi Müşterisi Ol, Pegasus harcamalarından 3.500 TL’ye varan iade kazan! | TOM Bank Hadi",discount_campaign,T.O.M. Katılım / TOM Bank Hadi Kampanyaları,https://tombankhadi.com/kampanyalar/pegasus-davet-koduyla-tom-bank-hadi-musterisi-ol-pegasus-harcamalarindan-3-500-tlye-varan-iade-kazan,2026-07-01,2026-09-30,active,unknown,ok,1,0.94,İndirim veya iade avantajı bulundu.,2026-08-10T08:02:41+00:00,2026-08-10T11:27:29+00:00,2026-08-10T11:27:29+00:00,,,,,,,,,,,,,,,
469,T.O.M. Katılım,Petrol Ofisi harcamalarında Hadi Taksitli Alışveriş Kredisi yanında! | TOM Bank Hadi,finance_campaign,T.O.M. Katılım / TOM Bank Hadi Kampanyaları,https://tombankhadi.com/kampanyalar/petrol-ofisi-harcamalarinda-hadi-taksitli-kredi-yaninda,2026-01-26,2026-09-30,active,unknown,ok,1,0.96,Açık finansman ürünü ve somut kampanya kanıtı bulundu.,2026-08-10T08:02:41+00:00,2026-08-10T11:27:29+00:00,2026-08-10T11:27:29+00:00,Alışveriş Finansmanı,,,,,,,3,,,,,,"Satın almak istediğin akaryakıt tutarı, sana özel tanımlanan limitin ile aynı veya daha düşük olmalıdır.",
470,T.O.M. Katılım,Restoran harcamalarında her ay 10.000 TL’ye varan iade! | TOM Bank Hadi,other_campaign,T.O.M. Katılım / TOM Bank Hadi Kampanyaları,https://tombankhadi.com/kampanyalar/restoran-harcamalarinda-her-ay-10-000-tlye-varan-iade,2025-10-01,2026-08-31,active,unknown,ok,1,0.84,"Kampanya ifadesiyle tutar, oran veya dönem kanıtı bulundu.",2026-08-10T08:02:41+00:00,2026-08-10T11:27:29+00:00,2026-08-10T11:27:29+00:00,,,,,,,,,,,,,,,
484,T.O.M. Katılım,TOM Bank Hadi Taksitli Alışveriş Kredisi ile Samsung cep telefonlarında 3 Taksit Fırsatı! | TOM Bank Hadi,finance_campaign,T.O.M. Katılım / TOM Bank Hadi Kampanyaları,https://tombankhadi.com/kampanyalar/tom-bank-hadi-taksitli-alisveris-kredisi-ile-samsung-cep-telefonlarinda-3-taksit-firsati,2026-02-01,2026-12-31,active,unknown,ok,1,0.96,Açık finansman ürünü ve somut kampanya kanıtı bulundu.,2026-08-10T08:02:41+00:00,2026-08-10T11:27:29+00:00,2026-08-10T11:27:29+00:00,Alışveriş Finansmanı,,,,,,,12,,,,,,"Cep telefonu alışverişlerde vade seçenekleri yasal düzenlemelerdeki vade kısıtlamalarına tabidir.Cep telefonlarında 20bin TL’ye kadar 12 taksit, 20bin TL üzerinden 3 taksit, yenilenmiş cep telefonlarında ise 25bin TL’ye kadar 12 taksit, 25bin TL üzerinden 3 taksit sınırı uygulanmaktadır.",
473,T.O.M. Katılım,TOM Bank Hadi'den Alfemo Kampanyası! | TOM Bank Hadi,finance_campaign,T.O.M. Katılım / TOM Bank Hadi Kampanyaları,https://tombankhadi.com/kampanyalar/tom-bank-hadi-den-alfemo-kampanyasi,,2026-12-31,active,unknown,ok,1,0.96,Açık finansman ürünü ve somut kampanya kanıtı bulundu.,2026-08-10T08:02:41+00:00,2026-08-10T11:27:29+00:00,2026-08-10T11:27:29+00:00,Alışveriş Finansmanı,,,1000.0,150000.0,12,12,,,,,,,31.12.2026'ya kadar Hadi Taksitli Alışveriş Kredisi ile anlaşmalı Alfemo mobilya mağazalarından yapacağın mobilya alışverişlerinde vade farkı iade avantajı seni bekliyor!,
474,T.O.M. Katılım,TOM Bank Hadi'den Divanev Kampanyası! | TOM Bank Hadi,finance_campaign,T.O.M. Katılım / TOM Bank Hadi Kampanyaları,https://tombankhadi.com/kampanyalar/tom-bank-hadi-den-divanev-kampanyasi,2026-03-12,2026-12-31,active,unknown,ok,1,0.96,Açık finansman ürünü ve somut kampanya kanıtı bulundu.,2026-08-10T08:02:41+00:00,2026-08-10T11:27:29+00:00,2026-08-10T11:27:29+00:00,Alışveriş Finansmanı,,,1000.0,150000.0,12,12,,,,,,,Kampanya Tarihleri 12 Mart - 31 Aralık 2026 31.12.2026'ya kadar Hadi Taksitli Alışveriş Kredisi ile anlaşmalı Divanev mobilya mağazalarından yapacağın mobilya alışverişlerinde vade farkı iade avantajı seni bekliyor!,
475,T.O.M. Katılım,TOM Bank Hadi'den Doğtaş Kampanyası! | TOM Bank Hadi,finance_campaign,T.O.M. Katılım / TOM Bank Hadi Kampanyaları,https://tombankhadi.com/kampanyalar/tom-bank-hadi-den-dogtas-kampanyasi,,2026-12-31,active,unknown,ok,1,0.96,Açık finansman ürünü ve somut kampanya kanıtı bulundu.,2026-08-10T08:02:41+00:00,2026-08-10T11:27:29+00:00,2026-08-10T11:27:29+00:00,Alışveriş Finansmanı,,,1000.0,150000.0,12,12,,,,,,,31.12.2026'ya kadar Hadi Taksitli Alışveriş Kredisi ile anlaşmalı Doğtaş mobilya mağazalarından yapacağın mobilya alışverişlerinde vade farkı iade avantajı seni bekliyor!,
476,T.O.M. Katılım,TOM Bank Hadi'den Eczane Kampanyası!! | TOM Bank Hadi,card_campaign,T.O.M. Katılım / TOM Bank Hadi Kampanyaları,https://tombankhadi.com/kampanyalar/tom-bank-hadi-den-eczane-kampanyasi,,2026-12-31,active,unknown,ok,1,0.94,Kart harcamasına taksit/vade farksız avantajı bulundu.,2026-08-10T08:02:41+00:00,2026-08-10T11:27:29+00:00,2026-08-10T11:27:29+00:00,,,,,,,,,,,,,,,
477,T.O.M. Katılım,TOM Bank Hadi'den Enza Home Kampanyası! | TOM Bank Hadi,finance_campaign,T.O.M. Katılım / TOM Bank Hadi Kampanyaları,https://tombankhadi.com/kampanyalar/tom-bank-hadi-den-enza-home-kampanyasi,2026-03-12,2026-12-31,active,unknown,ok,1,0.96,Açık finansman ürünü ve somut kampanya kanıtı bulundu.,2026-08-10T08:02:41+00:00,2026-08-10T11:27:29+00:00,2026-08-10T11:27:29+00:00,Alışveriş Finansmanı,,,1000.0,150000.0,12,12,,,,,,,Kampanya Tarihleri 12 Mart - 31 Aralık 2026 31.12.2026'ya kadar Hadi Taksitli Alışveriş Kredisi ile anlaşmalı Enza Home mobilya mağazalarından yapacağın mobilya alışverişlerinde vade farkı iade avantajı seni bekliyor!,
478,T.O.M. Katılım,TOM Bank Hadi'den Kelebek Kampanyası! | TOM Bank Hadi,finance_campaign,T.O.M. Katılım / TOM Bank Hadi Kampanyaları,https://tombankhadi.com/kampanyalar/tom-bank-hadi-den-kelebek-kampanyasi,,,active,unknown,ok,1,0.96,Açık finansman ürünü ve somut kampanya kanıtı bulundu.,2026-08-10T08:02:41+00:00,2026-08-10T11:27:29+00:00,2026-08-10T11:27:29+00:00,Alışveriş Finansmanı,,,1000.0,150000.0,12,12,,,,,,,12 ay vadedeki kredilerde geçerlidir.,
479,T.O.M. Katılım,TOM Bank Hadi'den Puffy Kampanyası! | TOM Bank Hadi,finance_campaign,T.O.M. Katılım / TOM Bank Hadi Kampanyaları,https://tombankhadi.com/kampanyalar/tom-bank-hadi-den-puffy-kampanyasi,2026-03-12,2026-12-31,active,unknown,ok,1,0.96,Açık finansman ürünü ve somut kampanya kanıtı bulundu.,2026-08-10T08:02:41+00:00,2026-08-10T11:27:29+00:00,2026-08-10T11:27:29+00:00,Alışveriş Finansmanı,,,1000.0,150000.0,12,12,,,,,,,Kampanya Tarihleri 12 Mart - 31 Aralık 2026 31.12.2026'ya kadar Hadi Taksitli Alışveriş Kredisi ile anlaşmalı Puffy mobilya mağazalarından yapacağın mobilya alışverişlerinde vade farkı iade avantajı seni bekliyor!,
480,T.O.M. Katılım,TOM Bank Hadi'den Samsung S26 Fırsatı! | TOM Bank Hadi,finance_campaign,T.O.M. Katılım / TOM Bank Hadi Kampanyaları,https://tombankhadi.com/kampanyalar/tom-bank-hadi-den-samsung-s26-firsati,2026-04-01,2026-04-01,expired,unknown,ok,1,0.96,Açık finansman ürünü ve somut kampanya kanıtı bulundu.,2026-08-10T08:02:41+00:00,2026-08-10T11:27:29+00:00,2026-08-10T11:27:29+00:00,Alışveriş Finansmanı,,,,,,,12,,,,,,01.04.26-31.04.26 tarihleri arasında Hadi Alışveriş Kredisi ile Samsung S26 serisi cep telefonlarında peşin fiyatına 3 taksit fırsatı anlaşmalı Samsung mağazalarında seni bekliyor!,
481,T.O.M. Katılım,TOM Bank Hadi'den Sigorta Kampanyası!! | TOM Bank Hadi,card_campaign,T.O.M. Katılım / TOM Bank Hadi Kampanyaları,https://tombankhadi.com/kampanyalar/tom-bank-hadi-den-sigorta-kampanyasi,,2026-06-30,expired,unknown,ok,1,0.94,Kart harcamasına taksit/vade farksız avantajı bulundu.,2026-08-10T08:02:41+00:00,2026-08-10T11:27:29+00:00,2026-08-10T11:27:29+00:00,,,,,,,,,,,,,,,
482,T.O.M. Katılım,TOM Bank Hadi'den Yataş Bedding Kampanyası! | TOM Bank Hadi,finance_campaign,T.O.M. Katılım / TOM Bank Hadi Kampanyaları,https://tombankhadi.com/kampanyalar/tom-bank-hadi-den-yatas-bedding-kampanyasi,2026-03-12,2026-12-31,active,unknown,ok,1,0.96,Açık finansman ürünü ve somut kampanya kanıtı bulundu.,2026-08-10T08:02:41+00:00,2026-08-10T11:27:29+00:00,2026-08-10T11:27:29+00:00,Alışveriş Finansmanı,,,1000.0,150000.0,12,12,,,,,,,Kampanya Tarihleri 12 Mart - 31 Aralık 2026 31.12.2026'ya kadar Hadi Taksitli Alışveriş Kredisi ile anlaşmalı Yataş Bedding mobilya mağazalarından yapacağın mobilya alışverişlerinde vade farkı iade avantajı seni bekliyor!,
483,T.O.M. Katılım,"TOM Bank Hadi'nin ""Hesaplı"" Kampanyası | TOM Bank Hadi",finance_campaign,T.O.M. Katılım / TOM Bank Hadi Kampanyaları,https://tombankhadi.com/kampanyalar/tom-bank-hadi-nin-hesapli-kampanyasi,2026-02-01,2026-02-28,expired,unknown,ok,1,0.96,Açık finansman ürünü ve somut kampanya kanıtı bulundu.,2026-08-10T08:02:41+00:00,2026-08-10T11:27:29+00:00,2026-08-10T11:27:29+00:00,Diğer Finansman,4.99,4.99,,,,,,,,,Masraf bilgisi mevcut,Tahsis ücreti olarak;,"Hesaplı Kampanya ile kredi kullanan müşterilerimiz, kredi vadesi boyunca belirlenen “TOM Bank Hadi Kazananlar Kulübü Mini Paket” şartlarını yerine getirdiği ve kredi taksitlerinde gecikmeye düşmeme koşulunu gerçekleştirdiğinde, ilgili ay ödemiş olduğu kredi taksitindeki vergiler dahil kâr payı tutarı kadar nakit iade k",
472,T.O.M. Katılım,TOM Bank Çok Kazananlar Kulübüne Özel Vade Farksız Veresiye! | TOM Bank Hadi,finance_campaign,T.O.M. Katılım / TOM Bank Hadi Kampanyaları,https://tombankhadi.com/kampanyalar/tom-bank-cok-kazananlar-kulubune-ozel-vade-farksiz-veresiye,2026-07-01,2026-12-31,active,unknown,ok,1,0.96,Açık finansman ürünü ve somut kampanya kanıtı bulundu.,2026-08-10T08:02:41+00:00,2026-08-10T11:27:29+00:00,2026-08-10T11:27:29+00:00,Veresiye Finansmanı,0.0,0.0,,,,,,,,,,,Vade farksız Hadi Veresiye alışverişi yalnızca TOM Bank Çok Kazananlar Kulübü müşterilerine özeldir.,
423,T.O.M. Katılım,Tüm akaryakıt harcamalarında %5 iade kazan! Üstelik Çok Kazananlar Kulübü’ne Özel %10 iade! | TOM Bank Hadi,other_campaign,T.O.M. Katılım / TOM Bank Hadi Kampanyaları,https://tombankhadi.com/kampanyalar/akaryakit-harcamalarinda-5e-varan-iade-ustelik-cok-kazananlar-kulubune-ozel-10-iade,2026-07-01,2026-07-31,expired,unknown,ok,1,0.84,"Kampanya ifadesiyle tutar, oran veya dönem kanıtı bulundu.",2026-08-10T08:02:41+00:00,2026-08-10T11:27:29+00:00,2026-08-10T11:27:29+00:00,,,,,,,,,,,,,,,
486,T.O.M. Katılım,Tüm market harcamalarında seçimini yap %5 iade kazan! Çok kazananlar Kulübü Üyelerine Özel %10 İade! | TOM Bank Hadi,other_campaign,T.O.M. Katılım / TOM Bank Hadi Kampanyaları,https://tombankhadi.com/kampanyalar/tum-market-harcamalarinda-secimini-yap-5-iade-kazan,2026-07-01,2026-07-31,expired,unknown,ok,1,0.84,"Kampanya ifadesiyle tutar, oran veya dönem kanıtı bulundu.",2026-08-10T08:02:41+00:00,2026-08-10T11:27:29+00:00,2026-08-10T11:27:29+00:00,,,,,,,,,,,,,,,
489,T.O.M. Katılım,Uçak bileti alımlarında ayda 3.500 TL kazan! | TOM Bank Hadi,discount_campaign,T.O.M. Katılım / TOM Bank Hadi Kampanyaları,https://tombankhadi.com/kampanyalar/ucak-bileti-alimlarinda-ayda-3-500-tl-kazan,2025-10-01,2026-08-31,active,unknown,ok,1,0.94,İndirim veya iade avantajı bulundu.,2026-08-10T08:02:41+00:00,2026-08-10T11:27:29+00:00,2026-08-10T11:27:29+00:00,,,,,,,,,,,,,,,
457,T.O.M. Katılım,"Yılın Kampanyası! A101'de Hadi Veresiye ile Toplam 5.000 TL Harcamana,500 TL Kazan!(GEÇMİŞ KAMPANYA) | TOM Bank Hadi",discount_campaign,T.O.M. Katılım / TOM Bank Hadi Kampanyaları,https://tombankhadi.com/kampanyalar/hadi-yilin-kampanyasi,2026-11-01,2026-12-31,expired,unknown,ok,1,0.98,T.O.M./Hadi Veresiye ödül/vade-farkı kampanyası; finansman ürünü karşılaştırmasına dahil edilmedi.,2026-08-10T08:02:41+00:00,2026-08-10T11:27:29+00:00,2026-08-10T11:27:29+00:00,,,,,,,,,,,,,,,
465,T.O.M. Katılım,memorial-hastanesinde-hadi-taksitli-kredi-ile-tedavi-ol-kolayca-ode | TOM Bank Hadi,finance_campaign,T.O.M. Katılım / TOM Bank Hadi Kampanyaları,https://tombankhadi.com/kampanyalar/memorial-hastanesinde-hadi-taksitli-kredi-ile-tedavi-ol-kolayca-ode,,2026-12-31,active,unknown,ok,1,0.96,Açık finansman ürünü ve somut kampanya kanıtı bulundu.,2026-08-10T08:02:41+00:00,2026-08-10T11:27:29+00:00,2026-08-10T11:27:29+00:00,Alışveriş Finansmanı,0.99,1.99,,,12,12,12,,,,Masraf bilgisi mevcut,Limitin tüm branşlardaki ameliyat masrafları için geçerlidir.,"Sana özel tanımlanan sağlık harcama limitini, limitin yettiğince birden fazla ameliyat harcamanda kullanabilirsin.",
427,T.O.M. Katılım,"Çok Kazananlar Kulübü, 2 kat kazandıran kampanyaları ile seninle! | TOM Bank Hadi",discount_campaign,T.O.M. Katılım / TOM Bank Hadi Kampanyaları,https://tombankhadi.com/kampanyalar/cok-kazananlar-kulubu-kat-kat-kazandiran-kampanyalari-ile-seninle,,,active,unknown,ok,1,0.94,İndirim veya iade avantajı bulundu.,2026-08-10T08:02:41+00:00,2026-08-10T11:27:29+00:00,2026-08-10T11:27:29+00:00,,,,,,,,,,,,,,,
467,T.O.M. Katılım,Özel okul ödemelerinde vade farksız tam 10 taksit! | TOM Bank Hadi,card_campaign,T.O.M. Katılım / TOM Bank Hadi Kampanyaları,https://tombankhadi.com/kampanyalar/ozel-okul-odemelerinde-10-taksit-ustelik-vade-farki-iade,2026-01-19,2026-09-30,active,unknown,ok,1,0.94,Kart harcamasına taksit/vade farksız avantajı bulundu.,2026-08-10T08:02:41+00:00,2026-08-10T11:27:29+00:00,2026-08-10T11:27:29+00:00,,,,,,,,,,,,,,,
492,Türkiye Emlak Katılım,Akaryakıt Harcamalarınıza 400 TL ParafPara!,points_campaign,Türkiye Emlak Katılım Bireysel Kampanyalar,https://emlakkatilim.com.tr/tr/bireysel/kampanyalar/kampanya/akaryakit-harcamalariniza-400-tl-parafpara,2026-08-01,2026-08-31,active,active,ok,1,0.96,Puan avantajı bulundu.,2026-08-10T10:23:46+00:00,2026-08-10T11:28:49+00:00,2026-08-10T11:28:49+00:00,,,,,,,,,,,,,,,
493,Türkiye Emlak Katılım,Beyaz Eşya ve Elektronik Alışverişlerinize 5.000 TL'ye varan ParafPara!,points_campaign,Türkiye Emlak Katılım Bireysel Kampanyalar,https://emlakkatilim.com.tr/tr/bireysel/kampanyalar/kampanya/beyaz-esya-ve-elektronik-alisverislerinize-5000-tlye-varan-parafpara,2026-08-01,2026-08-31,active,active,ok,1,0.96,Puan avantajı bulundu.,2026-08-10T10:23:46+00:00,2026-08-10T11:28:49+00:00,2026-08-10T11:28:49+00:00,,,,,,,,,,,,,,,
494,Türkiye Emlak Katılım,Biletinial’da %20 indirim!,discount_campaign,Türkiye Emlak Katılım Bireysel Kampanyalar,https://emlakkatilim.com.tr/tr/bireysel/kampanyalar/kampanya/biletinialda-20-indirim,,2026-12-31,active,active,ok,1,0.94,İndirim veya iade avantajı bulundu.,2026-08-10T10:23:46+00:00,2026-08-10T11:28:49+00:00,2026-08-10T11:28:49+00:00,,,,,,,,,,,,,,,
495,Türkiye Emlak Katılım,Elektrikli Araç Şarj İstasyonu Harcamalarınıza 200 TL ParafPara!,points_campaign,Türkiye Emlak Katılım Bireysel Kampanyalar,https://emlakkatilim.com.tr/tr/bireysel/kampanyalar/kampanya/elektrikli-arac-sarj-istasyonu-harcamalariniza-200-tl-parafpara,2026-08-01,2026-08-31,active,active,ok,1,0.96,Puan avantajı bulundu.,2026-08-10T10:23:46+00:00,2026-08-10T11:28:49+00:00,2026-08-10T11:28:49+00:00,,,,,,,,,,,,,,,
496,Türkiye Emlak Katılım,Emekli Musterilerimize Özel Ayricaliklar,discount_campaign,Türkiye Emlak Katılım Bireysel Kampanyalar,https://emlakkatilim.com.tr/tr/bireysel/kampanyalar/kampanya/emekli-musterilerimize-ozel-ayricaliklar,,,active,active,ok,1,0.94,İndirim veya iade avantajı bulundu.,2026-08-10T10:23:46+00:00,2026-08-10T11:28:49+00:00,2026-08-10T11:28:49+00:00,,,,,,,,,,,,,,,
497,Türkiye Emlak Katılım,Emlak Katılım Debit Kart ile İlk Harcamanızın Yarısı Nakit İade!,new_customer_campaign,Türkiye Emlak Katılım Bireysel Kampanyalar,https://emlakkatilim.com.tr/tr/bireysel/kampanyalar/kampanya/emlak-katilim-debit-kart-ile-ilk-harcamanizin-yarisi-nakit-iade,2026-08-01,2026-08-31,active,active,ok,1,0.95,Yeni müşteri avantajı bulundu.,2026-08-10T10:23:46+00:00,2026-08-10T11:28:49+00:00,2026-08-10T11:28:49+00:00,,,,,,,,,,,,,,,
498,Türkiye Emlak Katılım,Enterprise Araç Kiralamalarında %35 İndirim Fırsatı!,discount_campaign,Türkiye Emlak Katılım Bireysel Kampanyalar,https://emlakkatilim.com.tr/tr/bireysel/kampanyalar/kampanya/enterprise-arac-kiralamalarinda-35-indirim-firsati,,2026-12-31,active,active,ok,1,0.94,İndirim veya iade avantajı bulundu.,2026-08-10T10:23:46+00:00,2026-08-10T11:28:49+00:00,2026-08-10T11:28:49+00:00,,,,,,,,,,,,,,,
499,Türkiye Emlak Katılım,Giyim ve Kozmetik Alışverişlerinize 2.500 TL ParafPara!,points_campaign,Türkiye Emlak Katılım Bireysel Kampanyalar,https://emlakkatilim.com.tr/tr/bireysel/kampanyalar/kampanya/giyim-ve-kozmetik-alisverislerinize-2500-tl-parafpara,2026-08-01,2026-08-31,active,active,ok,1,0.96,Puan avantajı bulundu.,2026-08-10T10:23:46+00:00,2026-08-10T11:28:49+00:00,2026-08-10T11:28:49+00:00,,,,,,,,,,,,,,,
500,Türkiye Emlak Katılım,Hızlı Çiçek’te Tüm İndirimlere Ek %20 İndirim Fırsatı!,discount_campaign,Türkiye Emlak Katılım Bireysel Kampanyalar,https://emlakkatilim.com.tr/tr/bireysel/kampanyalar/kampanya/hizli-cicekte-tum-indirimlere-ek-20-indirim-firsati,,2026-12-31,active,active,ok,1,0.94,İndirim veya iade avantajı bulundu.,2026-08-10T10:23:46+00:00,2026-08-10T11:28:49+00:00,2026-08-10T11:28:49+00:00,,,,,,,,,,,,,,,
501,Türkiye Emlak Katılım,Marina Mayo’da Tüm Ürünlerde %15 İndirim!,discount_campaign,Türkiye Emlak Katılım Bireysel Kampanyalar,https://emlakkatilim.com.tr/tr/bireysel/kampanyalar/kampanya/marina-mayoda-tum-urunlerde-15-indirim,,2026-12-31,active,active,ok,1,0.94,İndirim veya iade avantajı bulundu.,2026-08-10T10:23:46+00:00,2026-08-10T11:28:49+00:00,2026-08-10T11:28:49+00:00,,,,,,,,,,,,,,,
502,Türkiye Emlak Katılım,Market Alışverişlerinize 2.000 TL ParafPara Hediye!,points_campaign,Türkiye Emlak Katılım Bireysel Kampanyalar,https://emlakkatilim.com.tr/tr/bireysel/kampanyalar/kampanya/market-alisverislerinize-2000-tl-parafpara-hediye,2026-08-01,2026-08-31,active,active,ok,1,0.96,Puan avantajı bulundu.,2026-08-10T10:23:46+00:00,2026-08-10T11:28:49+00:00,2026-08-10T11:28:49+00:00,,,,,,,,,,,,,,,
503,Türkiye Emlak Katılım,Market Alışverişlerinize 800 TL ParafPara Hediye!,points_campaign,Türkiye Emlak Katılım Bireysel Kampanyalar,https://emlakkatilim.com.tr/tr/bireysel/kampanyalar/kampanya/market-alisverislerinize-800-tl-parafpara-hediye,2026-08-01,2026-08-31,active,active,ok,1,0.96,Puan avantajı bulundu.,2026-08-10T10:23:46+00:00,2026-08-10T11:28:49+00:00,2026-08-10T11:28:49+00:00,,,,,,,,,,,,,,,
504,Türkiye Emlak Katılım,Metatechtr’de Peşin Fiyatına 9 aya varan taksit ve 6.000 TL’ye varan ParafPara!,points_campaign,Türkiye Emlak Katılım Bireysel Kampanyalar,https://emlakkatilim.com.tr/tr/bireysel/kampanyalar/kampanya/metatechtrde-pesin-fiyatina-9-aya-varan-taksit-ve-6000-tlye-varan-parafpara,2026-08-01,2026-08-31,active,active,ok,1,0.96,Puan avantajı bulundu.,2026-08-10T10:23:46+00:00,2026-08-10T11:28:49+00:00,2026-08-10T11:28:49+00:00,,,,,,,,,,,,,,,
505,Türkiye Emlak Katılım,"Mobilya, Dekorasyon ve Yapı Marketi Alışverişinize 1.250 TL'ye Varan ParafPara!",points_campaign,Türkiye Emlak Katılım Bireysel Kampanyalar,https://emlakkatilim.com.tr/tr/bireysel/kampanyalar/kampanya/mobilya-dekorasyon-ve-yapi-marketi-alisverisinize-1250-tlye-varan-parafpara,2026-08-01,2026-08-31,active,active,ok,1,0.96,Puan avantajı bulundu.,2026-08-10T10:23:46+00:00,2026-08-10T11:28:49+00:00,2026-08-10T11:28:49+00:00,,,,,,,,,,,,,,,
506,Türkiye Emlak Katılım,Modanisa’da Tüm İndirimlere Ek %15 İndirim Fırsatı!,discount_campaign,Türkiye Emlak Katılım Bireysel Kampanyalar,https://emlakkatilim.com.tr/tr/bireysel/kampanyalar/kampanya/modanisada-tum-indirimlere-ek-15-indirim-firsati,,2026-12-31,active,active,ok,1,0.94,İndirim veya iade avantajı bulundu.,2026-08-10T10:23:46+00:00,2026-08-10T11:28:49+00:00,2026-08-10T11:28:49+00:00,,,,,,,,,,,,,,,
507,Türkiye Emlak Katılım,Paraf ile A101’de Vade Farksız 6 Aya Varan Taksit Fırsatı!,card_campaign,Türkiye Emlak Katılım Bireysel Kampanyalar,https://emlakkatilim.com.tr/tr/bireysel/kampanyalar/kampanya/paraf-ile-a101de-vade-farksiz-6-aya-varan-taksit-firsati,,2026-08-31,active,active,ok,1,0.94,Kart harcamasına taksit/vade farksız avantajı bulundu.,2026-08-10T10:23:46+00:00,2026-08-10T11:28:49+00:00,2026-08-10T11:28:49+00:00,,,,,,,,,,,,,,,
509,Türkiye Emlak Katılım,Paraf ile ADV Mağazalarında 6 Taksit!,card_campaign,Türkiye Emlak Katılım Bireysel Kampanyalar,https://emlakkatilim.com.tr/tr/bireysel/kampanyalar/kampanya/paraf-ile-adv-magazalarinda-6-taksit,,2026-12-31,active,active,ok,1,0.97,Başlıktaki açık kampanya sinyaline göre hedefli kategori düzeltmesi.,2026-08-10T10:23:46+00:00,2026-08-10T11:28:49+00:00,2026-08-10T11:28:49+00:00,,,,,,,,,,,,,,,
508,Türkiye Emlak Katılım,Paraf ile ADV mağazalarında 1.000 TL ParafPara,points_campaign,Türkiye Emlak Katılım Bireysel Kampanyalar,https://emlakkatilim.com.tr/tr/bireysel/kampanyalar/kampanya/paraf-ile-adv-magazalarinda-1000-tl-parafpara,2026-08-01,2026-08-31,active,active,ok,1,0.96,Puan avantajı bulundu.,2026-08-10T10:23:46+00:00,2026-08-10T11:28:49+00:00,2026-08-10T11:28:49+00:00,,,,,,,,,,,,,,,
510,Türkiye Emlak Katılım,Paraf ile Alfemo’da 8 Taksit Fırsatı!,card_campaign,Türkiye Emlak Katılım Bireysel Kampanyalar,https://emlakkatilim.com.tr/tr/bireysel/kampanyalar/kampanya/paraf-ile-alfemoda-8-taksit-firsati,,,active,active,ok,1,0.97,Başlıktaki açık kampanya sinyaline göre hedefli kategori düzeltmesi.,2026-08-10T10:23:46+00:00,2026-08-10T11:28:49+00:00,2026-08-10T11:28:49+00:00,,,,,,,,,,,,,,,
511,Türkiye Emlak Katılım,Paraf ile Casper.com.tr'de Peşin Fiyatına 6 Taksit Fırsatı!,card_campaign,Türkiye Emlak Katılım Bireysel Kampanyalar,https://emlakkatilim.com.tr/tr/bireysel/kampanyalar/kampanya/paraf-ile-caspercomtrde-pesin-fiyatina-6-taksit-firsati,,2026-08-31,active,active,ok,1,0.94,Kart harcamasına taksit/vade farksız avantajı bulundu.,2026-08-10T10:23:46+00:00,2026-08-10T11:28:49+00:00,2026-08-10T11:28:49+00:00,,,,,,,,,,,,,,,
512,Türkiye Emlak Katılım,Paraf ile Copa’da 12 Aya Varan Taksit!,card_campaign,Türkiye Emlak Katılım Bireysel Kampanyalar,https://emlakkatilim.com.tr/tr/bireysel/kampanyalar/kampanya/paraf-ile-copada-12-aya-varan-taksit,2026-08-01,2026-08-31,active,active,ok,1,0.94,Kart harcamasına taksit/vade farksız avantajı bulundu.,2026-08-10T10:23:46+00:00,2026-08-10T11:28:49+00:00,2026-08-10T11:28:49+00:00,,,,,,,,,,,,,,,
517,Türkiye Emlak Katılım,Paraf ile DS Damat’ta 1.000 TL ParafPara!,points_campaign,Türkiye Emlak Katılım Bireysel Kampanyalar,https://emlakkatilim.com.tr/tr/bireysel/kampanyalar/kampanya/paraf-ile-ds-damatta-1000-tl-parafpara,2026-08-01,2026-08-31,active,active,ok,1,0.96,Puan avantajı bulundu.,2026-08-10T10:23:46+00:00,2026-08-10T11:28:49+00:00,2026-08-10T11:28:49+00:00,,,,,,,,,,,,,,,
513,Türkiye Emlak Katılım,Paraf ile Damat Tween’de 2.000 TL ParafPara!,points_campaign,Türkiye Emlak Katılım Bireysel Kampanyalar,https://emlakkatilim.com.tr/tr/bireysel/kampanyalar/kampanya/paraf-ile-damat-tweende-2000-tl-parafpara,2026-08-01,2026-08-31,active,active,ok,1,0.96,Puan avantajı bulundu.,2026-08-10T10:23:46+00:00,2026-08-10T11:28:49+00:00,2026-08-10T11:28:49+00:00,,,,,,,,,,,,,,,
514,Türkiye Emlak Katılım,Paraf ile Damat Tween’de 6 Aya Varan Taksit Fırsatı!,card_campaign,Türkiye Emlak Katılım Bireysel Kampanyalar,https://emlakkatilim.com.tr/tr/bireysel/kampanyalar/kampanya/paraf-ile-damat-tweende-6-aya-varan-taksit-firsati,,2026-12-31,active,active,ok,1,0.97,Başlıktaki açık kampanya sinyaline göre hedefli kategori düzeltmesi.,2026-08-10T10:23:46+00:00,2026-08-10T11:28:49+00:00,2026-08-10T11:28:49+00:00,,,,,,,,,,,,,,,
515,Türkiye Emlak Katılım,Paraf ile DemirDöküm'de 9 Taksit Fırsatı!,card_campaign,Türkiye Emlak Katılım Bireysel Kampanyalar,https://emlakkatilim.com.tr/tr/bireysel/kampanyalar/kampanya/paraf-ile-demirdokumde-9-taksit-firsati,,2026-08-31,active,active,ok,1,0.94,Kart harcamasına taksit/vade farksız avantajı bulundu.,2026-08-10T10:23:46+00:00,2026-08-10T11:28:49+00:00,2026-08-10T11:28:49+00:00,,,,,,,,,,,,,,,
516,Türkiye Emlak Katılım,Paraf ile Divarese’de 4 Taksit Fırsatı!,card_campaign,Türkiye Emlak Katılım Bireysel Kampanyalar,https://emlakkatilim.com.tr/tr/bireysel/kampanyalar/kampanya/paraf-ile-divaresede-4-taksit-firsati,,2026-08-31,active,active,ok,1,0.94,Kart harcamasına taksit/vade farksız avantajı bulundu.,2026-08-10T10:23:46+00:00,2026-08-10T11:28:49+00:00,2026-08-10T11:28:49+00:00,,,,,,,,,,,,,,,
519,Türkiye Emlak Katılım,Paraf ile Dyson’da 9 Aya Varan Taksit!,card_campaign,Türkiye Emlak Katılım Bireysel Kampanyalar,https://emlakkatilim.com.tr/tr/bireysel/kampanyalar/kampanya/paraf-ile-dysonda-9-aya-varan-taksit,,2026-08-31,active,active,ok,1,0.94,Kart harcamasına taksit/vade farksız avantajı bulundu.,2026-08-10T10:23:46+00:00,2026-08-10T11:28:49+00:00,2026-08-10T11:28:49+00:00,,,,,,,,,,,,,,,
518,Türkiye Emlak Katılım,Paraf ile D’S Damat’ta 6 Aya Varan Taksit Fırsatı!,card_campaign,Türkiye Emlak Katılım Bireysel Kampanyalar,https://emlakkatilim.com.tr/tr/bireysel/kampanyalar/kampanya/paraf-ile-ds-damatta-6-aya-varan-taksit-firsati,,2026-06-30,expired,active,ok,1,0.97,Başlıktaki açık kampanya sinyaline göre hedefli kategori düzeltmesi.,2026-08-10T10:23:46+00:00,2026-08-10T11:28:49+00:00,2026-08-10T11:28:49+00:00,,,,,,,,,,,,,,,
520,Türkiye Emlak Katılım,Paraf ile Evidea’da 4 Taksit Fırsatı!,card_campaign,Türkiye Emlak Katılım Bireysel Kampanyalar,https://emlakkatilim.com.tr/tr/bireysel/kampanyalar/kampanya/paraf-ile-evideada-4-taksit-firsati,,2026-08-31,active,active,ok,1,0.94,Kart harcamasına taksit/vade farksız avantajı bulundu.,2026-08-10T10:23:46+00:00,2026-08-10T11:28:49+00:00,2026-08-10T11:28:49+00:00,,,,,,,,,,,,,,,
521,Türkiye Emlak Katılım,Paraf ile Gürgençler’de Vade Farksız 9 Taksit Fırsatı!,card_campaign,Türkiye Emlak Katılım Bireysel Kampanyalar,https://emlakkatilim.com.tr/tr/bireysel/kampanyalar/kampanya/paraf-ile-gurgenclerde-vade-farksiz-9-taksit-firsati,,2026-08-31,active,active,ok,1,0.94,Kart harcamasına taksit/vade farksız avantajı bulundu.,2026-08-10T10:23:46+00:00,2026-08-10T11:28:49+00:00,2026-08-10T11:28:49+00:00,,,,,,,,,,,,,,,
525,Türkiye Emlak Katılım,Paraf ile ITOPYA.COM'da Vade Farksız 6 Taksit!,card_campaign,Türkiye Emlak Katılım Bireysel Kampanyalar,https://emlakkatilim.com.tr/tr/bireysel/kampanyalar/kampanya/paraf-ile-itopyacomda-vade-farksiz-6-taksit,,2026-08-31,active,active,ok,1,0.94,Kart harcamasına taksit/vade farksız avantajı bulundu.,2026-08-10T10:23:46+00:00,2026-08-10T11:28:49+00:00,2026-08-10T11:28:49+00:00,,,,,,,,,,,,,,,
526,Türkiye Emlak Katılım,Paraf ile Kip’te 5 Taksit!,card_campaign,Türkiye Emlak Katılım Bireysel Kampanyalar,https://emlakkatilim.com.tr/tr/bireysel/kampanyalar/kampanya/paraf-ile-kipte-5-taksit,,2026-08-31,active,active,ok,1,0.97,Başlıktaki açık kampanya sinyaline göre hedefli kategori düzeltmesi.,2026-08-10T10:23:46+00:00,2026-08-10T11:28:49+00:00,2026-08-10T11:28:49+00:00,,,,,,,,,,,,,,,
527,Türkiye Emlak Katılım,Paraf ile Koçtaş’ta 5 Taksit!,card_campaign,Türkiye Emlak Katılım Bireysel Kampanyalar,https://emlakkatilim.com.tr/tr/bireysel/kampanyalar/kampanya/paraf-ile-koctasta-5-taksit,,2026-08-31,active,active,ok,1,0.94,Kart harcamasına taksit/vade farksız avantajı bulundu.,2026-08-10T10:23:46+00:00,2026-08-10T11:28:49+00:00,2026-08-10T11:28:49+00:00,,,,,,,,,,,,,,,
528,Türkiye Emlak Katılım,Paraf ile Monster Notebook’ta Peşin Fiyatına 12 Aya Varan Taksit Fırsatı!,card_campaign,Türkiye Emlak Katılım Bireysel Kampanyalar,https://emlakkatilim.com.tr/tr/bireysel/kampanyalar/kampanya/paraf-ile-monster-notebookta-pesin-fiyatina-12-aya-varan-taksit-firsati,,2026-07-31,expired,active,ok,1,0.94,Kart harcamasına taksit/vade farksız avantajı bulundu.,2026-08-10T10:23:46+00:00,2026-08-10T11:28:49+00:00,2026-08-10T11:28:49+00:00,,,,,,,,,,,,,,,
530,Türkiye Emlak Katılım,Paraf ile Network’te 4 Taksit Fırsatı!,card_campaign,Türkiye Emlak Katılım Bireysel Kampanyalar,https://emlakkatilim.com.tr/tr/bireysel/kampanyalar/kampanya/paraf-ile-networkte-4-taksit-firsati,,2026-08-31,active,active,ok,1,0.97,Başlıktaki açık kampanya sinyaline göre hedefli kategori düzeltmesi.,2026-08-10T10:23:46+00:00,2026-08-10T11:28:49+00:00,2026-08-10T11:28:49+00:00,,,,,,,,,,,,,,,
531,Türkiye Emlak Katılım,Paraf ile Nocturne’de 4 Taksit!,card_campaign,Türkiye Emlak Katılım Bireysel Kampanyalar,https://emlakkatilim.com.tr/tr/bireysel/kampanyalar/kampanya/paraf-ile-nocturnede-4-taksit,,2026-08-31,active,active,ok,1,0.97,Başlıktaki açık kampanya sinyaline göre hedefli kategori düzeltmesi.,2026-08-10T10:23:46+00:00,2026-08-10T11:28:49+00:00,2026-08-10T11:28:49+00:00,,,,,,,,,,,,,,,
532,Türkiye Emlak Katılım,Paraf ile Pazarama’da Peşin Fiyatına 6 Taksit!,card_campaign,Türkiye Emlak Katılım Bireysel Kampanyalar,https://emlakkatilim.com.tr/tr/bireysel/kampanyalar/kampanya/paraf-ile-pazaramada-pesin-fiyatina-6-taksit,,2026-08-31,active,active,ok,1,0.97,Başlıktaki açık kampanya sinyaline göre hedefli kategori düzeltmesi.,2026-08-10T10:23:46+00:00,2026-08-10T11:28:49+00:00,2026-08-10T11:28:49+00:00,,,,,,,,,,,,,,,
533,Türkiye Emlak Katılım,Paraf ile Porland’da Peşin Fiyatına 3 Taksit!,card_campaign,Türkiye Emlak Katılım Bireysel Kampanyalar,https://emlakkatilim.com.tr/tr/bireysel/kampanyalar/kampanya/paraf-ile-porlandda-pesin-fiyatina-3-taksit,,,active,active,ok,1,0.94,Kart harcamasına taksit/vade farksız avantajı bulundu.,2026-08-10T10:23:46+00:00,2026-08-10T11:28:49+00:00,2026-08-10T11:28:49+00:00,,,,,,,,,,,,,,,
534,Türkiye Emlak Katılım,Paraf ile Ramsey’de 5 Taksit Fırsatı!,card_campaign,Türkiye Emlak Katılım Bireysel Kampanyalar,https://emlakkatilim.com.tr/tr/bireysel/kampanyalar/kampanya/paraf-ile-ramseyde-5-taksit-firsati,,2026-08-31,active,active,ok,1,0.97,Başlıktaki açık kampanya sinyaline göre hedefli kategori düzeltmesi.,2026-08-10T10:23:46+00:00,2026-08-10T11:28:49+00:00,2026-08-10T11:28:49+00:00,,,,,,,,,,,,,,,
535,Türkiye Emlak Katılım,Paraf ile Schafer’de Peşin Fiyatına 9 Taksit!,card_campaign,Türkiye Emlak Katılım Bireysel Kampanyalar,https://emlakkatilim.com.tr/tr/bireysel/kampanyalar/kampanya/paraf-ile-schaferde-pesin-fiyatina-9-taksit,,,active,active,ok,1,0.94,Kart harcamasına taksit/vade farksız avantajı bulundu.,2026-08-10T10:23:46+00:00,2026-08-10T11:28:49+00:00,2026-08-10T11:28:49+00:00,,,,,,,,,,,,,,,
536,Türkiye Emlak Katılım,Paraf ile Seçili E-Ticaret Alışverişlerinize 1.500 TL'ye varan ParafPara!,points_campaign,Türkiye Emlak Katılım Bireysel Kampanyalar,https://emlakkatilim.com.tr/tr/bireysel/kampanyalar/kampanya/paraf-ile-secili-e-ticaret-alisverislerinize-1500-tlye-varan-parafpara,2026-08-01,2026-08-31,active,active,ok,1,0.96,Puan avantajı bulundu.,2026-08-10T10:23:46+00:00,2026-08-10T11:28:49+00:00,2026-08-10T11:28:49+00:00,,,,,,,,,,,,,,,
537,Türkiye Emlak Katılım,Paraf ile Seçili E-Ticaret Alışverişlerinize 2.000 TL'ye varan ParafPara!,points_campaign,Türkiye Emlak Katılım Bireysel Kampanyalar,https://emlakkatilim.com.tr/tr/bireysel/kampanyalar/kampanya/paraf-ile-secili-e-ticaret-alisverislerinize-2000-tlye-varan-parafpara,2026-08-01,2026-08-31,active,active,ok,1,0.96,Puan avantajı bulundu.,2026-08-10T10:23:46+00:00,2026-08-10T11:28:49+00:00,2026-08-10T11:28:49+00:00,,,,,,,,,,,,,,,
538,Türkiye Emlak Katılım,Paraf ile Touristica.com.tr’de Peşin Fiyatına 9 Taksit!,card_campaign,Türkiye Emlak Katılım Bireysel Kampanyalar,https://emlakkatilim.com.tr/tr/bireysel/kampanyalar/kampanya/paraf-ile-touristicacomtrde-pesin-fiyatina-9-taksit,,2026-08-31,active,active,ok,1,0.94,Kart harcamasına taksit/vade farksız avantajı bulundu.,2026-08-10T10:23:46+00:00,2026-08-10T11:28:49+00:00,2026-08-10T11:28:49+00:00,,,,,,,,,,,,,,,
539,Türkiye Emlak Katılım,Paraf ile Trendyol'da Peşin Fiyatına 9 Taksit Fırsatı!,card_campaign,Türkiye Emlak Katılım Bireysel Kampanyalar,https://emlakkatilim.com.tr/tr/bireysel/kampanyalar/kampanya/paraf-ile-trendyolda-pesin-fiyatina-9-taksit-firsati,2026-08-01,2026-08-31,active,active,ok,1,0.94,Kart harcamasına taksit/vade farksız avantajı bulundu.,2026-08-10T10:23:46+00:00,2026-08-10T11:28:49+00:00,2026-08-10T11:28:49+00:00,,,,,,,,,,,,,,,
540,Türkiye Emlak Katılım,Paraf ile Twist’te 4 Taksit!,card_campaign,Türkiye Emlak Katılım Bireysel Kampanyalar,https://emlakkatilim.com.tr/tr/bireysel/kampanyalar/kampanya/paraf-ile-twistte-4-taksit,,2026-08-31,active,active,ok,1,0.94,Kart harcamasına taksit/vade farksız avantajı bulundu.,2026-08-10T10:23:46+00:00,2026-08-10T11:28:49+00:00,2026-08-10T11:28:49+00:00,,,,,,,,,,,,,,,
541,Türkiye Emlak Katılım,Paraf ile Vaillant’ta 9 Aya Varan Taksit!,card_campaign,Türkiye Emlak Katılım Bireysel Kampanyalar,https://emlakkatilim.com.tr/tr/bireysel/kampanyalar/kampanya/paraf-ile-vaillantta-9-aya-varan-taksit,,2026-08-31,active,active,ok,1,0.94,Kart harcamasına taksit/vade farksız avantajı bulundu.,2026-08-10T10:23:46+00:00,2026-08-10T11:28:49+00:00,2026-08-10T11:28:49+00:00,,,,,,,,,,,,,,,
542,Türkiye Emlak Katılım,Paraf ile Vatan’da Peşin Fiyatına 6 Aya Varan Taksit Fırsatı!,card_campaign,Türkiye Emlak Katılım Bireysel Kampanyalar,https://emlakkatilim.com.tr/tr/bireysel/kampanyalar/kampanya/paraf-ile-vatanda-pesin-fiyatina-6-aya-varan-taksit-firsati,,2026-08-31,active,active,ok,1,0.94,Kart harcamasına taksit/vade farksız avantajı bulundu.,2026-08-10T10:23:46+00:00,2026-08-10T11:28:49+00:00,2026-08-10T11:28:49+00:00,,,,,,,,,,,,,,,
543,Türkiye Emlak Katılım,Paraf ile Vestel’de 9 Aya Varan Taksit Fırsatı!,card_campaign,Türkiye Emlak Katılım Bireysel Kampanyalar,https://emlakkatilim.com.tr/tr/bireysel/kampanyalar/kampanya/paraf-ile-vestelde-9-aya-varan-taksit-firsati,,2026-08-31,active,active,ok,1,0.97,Başlıktaki açık kampanya sinyaline göre hedefli kategori düzeltmesi.,2026-08-10T10:23:46+00:00,2026-08-10T11:28:49+00:00,2026-08-10T11:28:49+00:00,,,,,,,,,,,,,,,
544,Türkiye Emlak Katılım,Paraf ile Vivense’de 5 Taksit Fırsatı!,card_campaign,Türkiye Emlak Katılım Bireysel Kampanyalar,https://emlakkatilim.com.tr/tr/bireysel/kampanyalar/kampanya/paraf-ile-vivensede-5-taksit-firsati,,,active,active,ok,1,0.94,Kart harcamasına taksit/vade farksız avantajı bulundu.,2026-08-10T10:23:46+00:00,2026-08-10T11:28:49+00:00,2026-08-10T11:28:49+00:00,,,,,,,,,,,,,,,
545,Türkiye Emlak Katılım,Paraf ile Yargıcı Mağazalarında 4 Taksit Fırsatı!,card_campaign,Türkiye Emlak Katılım Bireysel Kampanyalar,https://emlakkatilim.com.tr/tr/bireysel/kampanyalar/kampanya/paraf-ile-yargici-magazalarinda-4-taksit-firsati,,2026-08-31,active,active,ok,1,0.97,Başlıktaki açık kampanya sinyaline göre hedefli kategori düzeltmesi.,2026-08-10T10:23:46+00:00,2026-08-10T11:28:49+00:00,2026-08-10T11:28:49+00:00,,,,,,,,,,,,,,,
546,Türkiye Emlak Katılım,Paraf ile Yataş’ta 8 Taksit Fırsatı!,card_campaign,Türkiye Emlak Katılım Bireysel Kampanyalar,https://emlakkatilim.com.tr/tr/bireysel/kampanyalar/kampanya/paraf-ile-yatasta-8-taksit-firsati,,,active,active,ok,1,0.97,Başlıktaki açık kampanya sinyaline göre hedefli kategori düzeltmesi.,2026-08-10T10:23:46+00:00,2026-08-10T11:28:49+00:00,2026-08-10T11:28:49+00:00,,,,,,,,,,,,,,,
547,Türkiye Emlak Katılım,Paraf ile Yenilio’da 12 Aya Varan Taksit Fırsatı!,card_campaign,Türkiye Emlak Katılım Bireysel Kampanyalar,https://emlakkatilim.com.tr/tr/bireysel/kampanyalar/kampanya/paraf-ile-yenilioda-12-aya-varan-taksit-firsati,,2026-08-31,active,active,ok,1,0.94,Kart harcamasına taksit/vade farksız avantajı bulundu.,2026-08-10T10:23:46+00:00,2026-08-10T11:28:49+00:00,2026-08-10T11:28:49+00:00,,,,,,,,,,,,,,,
548,Türkiye Emlak Katılım,Paraf ile Zsa Zsa Zsu Mağazalarında Peşin Fiyatına 6 Taksit!,card_campaign,Türkiye Emlak Katılım Bireysel Kampanyalar,https://emlakkatilim.com.tr/tr/bireysel/kampanyalar/kampanya/paraf-ile-zsa-zsa-zsu-magazalarinda-pesin-fiyatina-6-taksit,,,active,active,ok,1,0.94,Kart harcamasına taksit/vade farksız avantajı bulundu.,2026-08-10T10:23:46+00:00,2026-08-10T11:28:49+00:00,2026-08-10T11:28:49+00:00,,,,,,,,,,,,,,,
529,Türkiye Emlak Katılım,Paraf ile n11'de Peşin Fiyatına 3 Aya Varan Taksit Fırsatı!,card_campaign,Türkiye Emlak Katılım Bireysel Kampanyalar,https://emlakkatilim.com.tr/tr/bireysel/kampanyalar/kampanya/paraf-ile-n11de-pesin-fiyatina-3-aya-varan-taksit-firsati,,2026-08-31,active,active,ok,1,0.94,Kart harcamasına taksit/vade farksız avantajı bulundu.,2026-08-10T10:23:46+00:00,2026-08-10T11:28:49+00:00,2026-08-10T11:28:49+00:00,,,,,,,,,,,,,,,
522,Türkiye Emlak Katılım,Paraf ile İder Mobilya’da 7 Taksite %15 İndirim Fırsatı!,discount_campaign,Türkiye Emlak Katılım Bireysel Kampanyalar,https://emlakkatilim.com.tr/tr/bireysel/kampanyalar/kampanya/paraf-ile-ider-mobilyada-7-taksite-15-indirim-firsati,,,active,active,ok,1,0.97,Başlıktaki açık kampanya sinyaline göre hedefli kategori düzeltmesi.,2026-08-10T10:23:46+00:00,2026-08-10T11:28:49+00:00,2026-08-10T11:28:49+00:00,,,,,,,,,,,,,,,
523,Türkiye Emlak Katılım,Paraf ile İncehesap.com'da Peşin Fiyatına 3 Taksit Fırsatı!,card_campaign,Türkiye Emlak Katılım Bireysel Kampanyalar,https://emlakkatilim.com.tr/tr/bireysel/kampanyalar/kampanya/paraf-ile-incehesapcomda-pesin-fiyatina-3-taksit-firsati,,2026-08-31,active,active,ok,1,0.94,Kart harcamasına taksit/vade farksız avantajı bulundu.,2026-08-10T10:23:46+00:00,2026-08-10T11:28:49+00:00,2026-08-10T11:28:49+00:00,,,,,,,,,,,,,,,
524,Türkiye Emlak Katılım,Paraf ile İpekyol’da 4 Taksit Fırsatı!,card_campaign,Türkiye Emlak Katılım Bireysel Kampanyalar,https://emlakkatilim.com.tr/tr/bireysel/kampanyalar/kampanya/paraf-ile-ipekyolda-4-taksit-firsati,,2026-08-31,active,active,ok,1,0.94,Kart harcamasına taksit/vade farksız avantajı bulundu.,2026-08-10T10:23:46+00:00,2026-08-10T11:28:49+00:00,2026-08-10T11:28:49+00:00,,,,,,,,,,,,,,,
549,Türkiye Emlak Katılım,"Paraf'a Özel Yolcu360'ta Yurt İçi Araç Kiralamalarına Net %10 İndirim, Üstelik Peşin Fiyatına 3 Taksit",discount_campaign,Türkiye Emlak Katılım Bireysel Kampanyalar,https://emlakkatilim.com.tr/tr/bireysel/kampanyalar/kampanya/parafa-ozel-yolcu360ta-yurt-ici-arac-kiralamalarina-net-10-indirim-ustelik-pesin-fiyatina-3-taksit,,2026-08-31,active,active,ok,1,0.94,İndirim veya iade avantajı bulundu.,2026-08-10T10:23:46+00:00,2026-08-10T11:28:49+00:00,2026-08-10T11:28:49+00:00,,,,,,,,,,,,,,,
550,Türkiye Emlak Katılım,Pazarama’da Ayın İlk Haftası TROY Haftası!,discount_campaign,Türkiye Emlak Katılım Bireysel Kampanyalar,https://emlakkatilim.com.tr/tr/bireysel/kampanyalar/kampanya/pazaramada-ayin-ilk-haftasi-troy-haftasi,2026-07-01,2026-09-07,active,active,ok,1,0.94,İndirim veya iade avantajı bulundu.,2026-08-10T10:23:46+00:00,2026-08-10T11:28:49+00:00,2026-08-10T11:28:49+00:00,,,,,,,,,,,,,,,
551,Türkiye Emlak Katılım,RentGo'da %40 İndirim Fırsatı!,discount_campaign,Türkiye Emlak Katılım Bireysel Kampanyalar,https://emlakkatilim.com.tr/tr/bireysel/kampanyalar/kampanya/rentgoda-40-indirim-firsati,,2026-12-31,active,active,ok,1,0.94,İndirim veya iade avantajı bulundu.,2026-08-10T10:23:46+00:00,2026-08-10T11:28:49+00:00,2026-08-10T11:28:49+00:00,,,,,,,,,,,,,,,
552,Türkiye Emlak Katılım,Seyahat Alışverişlerinize 3.500 TL'ye varan ParafPara!,points_campaign,Türkiye Emlak Katılım Bireysel Kampanyalar,https://emlakkatilim.com.tr/tr/bireysel/kampanyalar/kampanya/seyahat-alisverislerinize-3500-tlye-varan-parafpara,2026-08-01,2026-08-31,active,active,ok,1,0.96,Puan avantajı bulundu.,2026-08-10T10:23:46+00:00,2026-08-10T11:28:49+00:00,2026-08-10T11:28:49+00:00,,,,,,,,,,,,,,,
554,Türkiye Emlak Katılım,TROY ile idefix’te 3.000 TL İndirim Fırsatı!,discount_campaign,Türkiye Emlak Katılım Bireysel Kampanyalar,https://emlakkatilim.com.tr/tr/bireysel/kampanyalar/kampanya/troy-ile-idefixte-3000-tl-indirim-firsati,2026-08-01,2026-08-31,active,active,ok,1,0.94,İndirim veya iade avantajı bulundu.,2026-08-10T10:23:46+00:00,2026-08-10T11:28:49+00:00,2026-08-10T11:28:49+00:00,,,,,,,,,,,,,,,
553,Türkiye Emlak Katılım,Troy Apple’da vade farksız 5 aya varan taksit,card_campaign,Türkiye Emlak Katılım Bireysel Kampanyalar,https://emlakkatilim.com.tr/tr/bireysel/kampanyalar/kampanya/troy-appleda-vade-farksiz-5-aya-varan-taksit,,2026-08-31,active,active,ok,1,0.97,Başlıktaki açık kampanya sinyaline göre hedefli kategori düzeltmesi.,2026-08-10T10:23:46+00:00,2026-08-10T11:28:49+00:00,2026-08-10T11:28:49+00:00,,,,,,,,,,,,,,,
555,Türkiye Emlak Katılım,Uçak Bileti Harcamalarınıza 2.000 TL ParafPara!,points_campaign,Türkiye Emlak Katılım Bireysel Kampanyalar,https://emlakkatilim.com.tr/tr/bireysel/kampanyalar/kampanya/ucak-bileti-harcamalariniza-2000-tl-parafpara,2026-08-01,2026-08-31,active,active,ok,1,0.96,Puan avantajı bulundu.,2026-08-10T10:23:46+00:00,2026-08-10T11:28:49+00:00,2026-08-10T11:28:49+00:00,,,,,,,,,,,,,,,
245,Türkiye Finans,1.400+ Lounge Noktasında Ücretsiz Konforun Tadını Çıkarın!,other_campaign,Türkiye Finans Âlâ Kart Kampanyaları,https://turkiyefinansala.com/tr-tr/kampanyalar/Sayfalar/ucretsiz-lounge-hizmeti.aspx,,,active,unknown,ok,1,0.84,"Kampanya ifadesiyle tutar, oran veya dönem kanıtı bulundu.",2026-08-04T06:21:46+00:00,2026-08-04T11:50:09+00:00,2026-08-04T11:50:09+00:00,,,,,,,,,,,,,,,
222,Türkiye Finans,Aksa Doğalgaz ve 4 farklı otomatik fatura talimatıyla 500 TL Bonus ve 3 taksit fırsatı!,card_campaign,Türkiye Finans Âlâ Kart Kampanyaları,https://turkiyefinansala.com/tr-tr/kampanyalar/Sayfalar/ala-aksa-nisan-2026.aspx,,,active,unknown,ok,1,0.94,Kart harcamasına taksit/vade farksız avantajı bulundu.,2026-08-04T06:21:46+00:00,2026-08-04T11:50:09+00:00,2026-08-04T11:50:09+00:00,,,,,,,,,,,,,,,
240,Türkiye Finans,Asistanlık Hizmetleri,other_campaign,Türkiye Finans Âlâ Kart Kampanyaları,https://turkiyefinansala.com/tr-tr/kampanyalar/Sayfalar/asistanlik-hizmetleri-2026.aspx,,,active,unknown,ok,1,0.84,"Kampanya ifadesiyle tutar, oran veya dönem kanıtı bulundu.",2026-08-04T06:21:46+00:00,2026-08-04T11:50:09+00:00,2026-08-04T11:50:09+00:00,,,,,,,,,,,,,,,
209,Türkiye Finans,"BES ile Hem Yarınınıza Değer Katın, Hem de 650 TL Bonus Kazanın!",insurance_campaign,Türkiye Finans Sigorta Kampanyaları,https://turkiyefinans.com.tr/tr-tr/kampanyalar/Sayfalar/bes-ile-yarininiza-deger-katin.aspx,,,active,unknown,ok,1,0.9,Sigorta kampanyası avantajı veya dönemi bulundu.,2026-08-04T06:21:46+00:00,2026-08-04T11:50:09+00:00,2026-08-04T11:50:09+00:00,,,,,,,,,,,,,,,
208,Türkiye Finans,Banka Çalışanlarına Özel İhtiyaç Finansmanı*,finance_campaign,Türkiye Finans Finansman Kampanyaları,https://turkiyefinans.com.tr/tr-tr/kampanyalar/Sayfalar/banka-calisanlarina-ozel-ihtiyac-finansmani.aspx,,,active,unknown,ok,1,0.96,Açık finansman ürünü ve somut kampanya kanıtı bulundu.,2026-08-04T06:21:46+00:00,2026-08-04T11:50:09+00:00,2026-08-04T11:50:09+00:00,İhtiyaç Finansmanı,3.96,5.06,1000.0,1000000.0,3,36,,,0.5,"Tahsis ücreti %0,50",Masraf bilgisi mevcut,Eğitim masraflarından tadilat harcamalarına kadar hizmet alımına konu tüm ihtiyaçlarınızı kolayca karşılayın.,"Banka çalışanlarına 1.000 TL ile 1.000.000 TL arasında, 3-36 ay vade ve ilk taksitte 3 aya kadar öteleme imkânlı ihtiyaç finansmanı.",3
210,Türkiye Finans,Emeklinin Bankası: Emekli Promosyon Fırsatı,other_campaign,Türkiye Finans Maaş Ödemesi Kampanyaları,https://turkiyefinans.com.tr/tr-tr/kampanyalar/Sayfalar/emeklilere-nakit-promosyon.aspx,,,active,unknown,ok,1,0.84,"Kampanya ifadesiyle tutar, oran veya dönem kanıtı bulundu.",2026-08-04T06:21:46+00:00,2026-08-04T11:50:09+00:00,2026-08-04T11:50:09+00:00,,,,,,,,,,,,,,,
211,Türkiye Finans,"Faturaları Unutun, 4.000 TL'ye Varan Bonus Kazanın!",card_campaign,Türkiye Finans Dijital Bankacılık Kampanyaları,https://turkiyefinans.com.tr/tr-tr/kampanyalar/Sayfalar/fatura-2300tl-bonus.aspx,,,active,unknown,ok,1,0.94,Kart harcamasına taksit/vade farksız avantajı bulundu.,2026-08-04T06:21:46+00:00,2026-08-04T11:50:09+00:00,2026-08-04T11:50:09+00:00,,,,,,,,,,,,,,,
201,Türkiye Finans,Faturanıza 3 Aya Kadar Kâr Paysız Taksit!,card_campaign,Türkiye Finans Happy Kart Kampanyaları,https://happycard.com.tr/kampanyalar/Sayfalar/fatura.aspx,,,active,unknown,ok,1,0.94,Kart harcamasına taksit/vade farksız avantajı bulundu.,2026-08-04T06:21:46+00:00,2026-08-04T11:50:09+00:00,2026-08-04T11:50:09+00:00,,,,,,,,,,,,,,,
212,Türkiye Finans,Günlük Hesap’la İhtiyaç Anında Vadeni Bozma!,other_campaign,Türkiye Finans Birikim / Fon Kampanyaları,https://turkiyefinans.com.tr/tr-tr/kampanyalar/Sayfalar/gunluk-hesap-vade-kampanyasi.aspx,,,active,unknown,ok,1,1.0,MANUEL DOĞRULAMA: Kampanyanın ana konusu birikimlerin Günlük Hesap ürününde avantajlı getiriyle değerlendirilmesidir. Mevcut taksonomide yatırım/birikim kategorisi bulunmadığı için other_campaign altında tutulur; kaynak grubu Birikim / Fon olarak korunur.,2026-08-04T06:21:46+00:00,2026-08-04T11:50:09+00:00,2026-08-04T11:50:09+00:00,,,,,,,,,,,,,,,
198,Türkiye Finans,Happy Bonus Kartınıza Halalbooking Ayrıcalığı,discount_campaign,Türkiye Finans Happy Kart Kampanyaları,https://happycard.com.tr/kampanyalar/Sayfalar/Halalbooking.aspx,,,active,unknown,ok,1,0.94,İndirim veya iade avantajı bulundu.,2026-08-04T06:21:46+00:00,2026-08-04T11:50:09+00:00,2026-08-04T11:50:09+00:00,,,,,,,,,,,,,,,
206,Türkiye Finans,Happy Kredi Kartı ile 2.500 TL Bonus kazanın!,card_campaign,Türkiye Finans Happy Kart Kampanyaları,https://happycard.com.tr/kampanyalar/Sayfalar/yenikart.aspx,,,active,unknown,ok,1,1.0,MANUEL DOĞRULAMA: Kredi kartı kullanımına bağlı somut Bonus ödülü sunan kart kampanyasıdır.,2026-08-04T06:21:46+00:00,2026-08-04T11:50:09+00:00,2026-08-04T11:50:09+00:00,,,,,,,,,,,,,,,
214,Türkiye Finans,Kamu Çalışanlarına Özel İhtiyaç Finansmanı*,finance_campaign,Türkiye Finans Finansman Kampanyaları,https://turkiyefinans.com.tr/tr-tr/kampanyalar/Sayfalar/kamu-calisanlarina-ozel-ihtiyac-finansmani.aspx,,,active,unknown,ok,1,0.96,Açık finansman ürünü ve somut kampanya kanıtı bulundu.,2026-08-04T06:21:46+00:00,2026-08-04T11:50:09+00:00,2026-08-04T11:50:09+00:00,İhtiyaç Finansmanı,4.01,5.26,50000.0,400000.0,3,36,,,0.5,"Tahsis ücreti %0,50",Masraf bilgisi mevcut,"Beyaz eşyadan mobilyaya, eğitim masraflarından tadilat harcamalarına kadar tüm ihtiyaçlarınızı kolayca karşılayın.","Kamu çalışanlarına 50.000 TL ile 400.000 TL arasında, 3-36 ay vade ve ilk taksitte 3 aya kadar öteleme imkânlı ihtiyaç finansmanı.",3
215,Türkiye Finans,"Katılım Hesabınızı Şimdi Açın, Daha Yüksek Getiri Oranlarından Yararlanın!",other_campaign,Türkiye Finans Birikim / Fon Kampanyaları,https://turkiyefinans.com.tr/tr-tr/kampanyalar/Sayfalar/katilim-hesabi-kampanyasi.aspx,2025-12-31,2026-07-31,expired,unknown,ok,1,0.84,"Kampanya ifadesiyle tutar, oran veya dönem kanıtı bulundu.",2026-08-04T06:21:46+00:00,2026-08-04T11:50:09+00:00,2026-08-04T11:50:09+00:00,,,,,,,,,,,,,,,
216,Türkiye Finans,Masrafsız Bankacılık,discount_campaign,Türkiye Finans Dijital Bankacılık Kampanyaları,https://turkiyefinans.com.tr/tr-tr/kampanyalar/Sayfalar/masrafsiz-bankacilik.aspx,,,active,unknown,ok,1,0.94,İndirim veya iade avantajı bulundu.,2026-08-04T06:21:46+00:00,2026-08-04T11:50:09+00:00,2026-08-04T11:50:09+00:00,,,,,,,,,,,,,,,
217,Türkiye Finans,Mastercard Business Kart’a özel fırsatlar MasterKOBİ’de!,discount_campaign,Türkiye Finans Ticari Kart Kampanyaları,https://turkiyefinans.com.tr/tr-tr/kampanyalar/Sayfalar/mastercard-business-kart-firsat.aspx,,,active,unknown,ok,1,0.94,İndirim veya iade avantajı bulundu.,2026-08-04T06:21:46+00:00,2026-08-04T11:50:09+00:00,2026-08-04T11:50:09+00:00,,,,,,,,,,,,,,,
213,Türkiye Finans,"Mobilden Türkiye Finanslı Ol, Kâr Paysız 50.000 TL'ye Varan İhtiyaç Finansmanını Kaçırma!",finance_campaign,Türkiye Finans Dijital Bankacılık Kampanyaları,https://turkiyefinans.com.tr/tr-tr/kampanyalar/Sayfalar/ihtiyac-finansmani-kampanyasi.aspx,,,active,unknown,ok,1,0.96,Açık finansman ürünü ve somut kampanya kanıtı bulundu.,2026-08-04T06:21:46+00:00,2026-08-04T11:50:09+00:00,2026-08-04T11:50:09+00:00,İhtiyaç Finansmanı,0.0,0.0,50000.0,50000.0,3,3,,,,,,,Mobilden müşteri olanlara %0 kâr payı ile 50.000 TL'ye kadar 3 ay vadeli ihtiyaç finansmanı.,
219,Türkiye Finans,Mobil’den Müşteri Olan KOBİ’lerimize Avantaj Paketi,new_customer_campaign,Türkiye Finans Ticari Kampanyalar,https://turkiyefinans.com.tr/tr-tr/kampanyalar/Sayfalar/tuzel-onbarding-avantaj-paketi.aspx,,2026-12-31,active,unknown,ok,1,0.95,Yeni müşteri avantajı bulundu.,2026-08-04T06:21:46+00:00,2026-08-04T11:50:09+00:00,2026-08-04T11:50:09+00:00,,,,,,,,,,,,,,,
199,Türkiye Finans,Okul Ödemelerinize Kâr Paysız Taksit!,card_campaign,Türkiye Finans Happy Kart Kampanyaları,https://happycard.com.tr/kampanyalar/Sayfalar/Happy-Bonus-ile-Okul-Odemelerinize-7-Aya-Kadar-Kar-Paysiz-Taksit.aspx,,,active,unknown,ok,1,0.94,Kart harcamasına taksit/vade farksız avantajı bulundu.,2026-08-04T06:21:46+00:00,2026-08-04T11:50:09+00:00,2026-08-04T11:50:09+00:00,,,,,,,,,,,,,,,
202,Türkiye Finans,Otomatik Ödeme Talimatınıza 500 TL'ye Varan Bonus!,card_campaign,Türkiye Finans Happy Kart Kampanyaları,https://happycard.com.tr/kampanyalar/Sayfalar/ofot.aspx,,,active,unknown,ok,1,1.0,MANUEL DOĞRULAMA: Otomatik ödeme talimatına bağlı Bonus ödülü sunan kart ve ödeme kampanyasıdır.,2026-08-04T06:21:46+00:00,2026-08-04T11:50:09+00:00,2026-08-04T11:50:09+00:00,,,,,,,,,,,,,,,
203,Türkiye Finans,Pasaport Harcı Ödemelerinize Kâr Paysız Taksit!,card_campaign,Türkiye Finans Happy Kart Kampanyaları,https://happycard.com.tr/kampanyalar/Sayfalar/pasaport-harci.aspx,,,active,unknown,ok,1,0.94,Kart harcamasına taksit/vade farksız avantajı bulundu.,2026-08-04T06:21:46+00:00,2026-08-04T11:50:09+00:00,2026-08-04T11:50:09+00:00,,,,,,,,,,,,,,,
242,Türkiye Finans,Pilvak İş Birliği ile Pilotlara Özel Âlâ Private Dünyası,discount_campaign,Türkiye Finans Âlâ Kart Kampanyaları,https://turkiyefinansala.com/tr-tr/kampanyalar/Sayfalar/pilvak-pilot-kampanyasi.aspx,,,active,unknown,ok,1,0.94,İndirim veya iade avantajı bulundu.,2026-08-04T06:21:46+00:00,2026-08-04T11:50:09+00:00,2026-08-04T11:50:09+00:00,,,,,,,,,,,,,,,
205,Türkiye Finans,Sağlık Harcamalarınıza Kâr Paysız Taksit!,card_campaign,Türkiye Finans Happy Kart Kampanyaları,https://happycard.com.tr/kampanyalar/Sayfalar/saglik-kar-paysiz-3-taksit.aspx,,,active,unknown,ok,1,0.94,Kart harcamasına taksit/vade farksız avantajı bulundu.,2026-08-04T06:21:46+00:00,2026-08-04T11:50:09+00:00,2026-08-04T11:50:09+00:00,,,,,,,,,,,,,,,
236,Türkiye Finans,Sağlık Meslek Paketi Avantajlarından Âlâ Bankacılık Ayrıcalığı İle Yararlanın!,other_campaign,Türkiye Finans Âlâ Kart Kampanyaları,https://turkiyefinansala.com/tr-tr/kampanyalar/Sayfalar/ala-saglik-meslek-paketi-2026.aspx,,,active,unknown,ok,1,1.0,MANUEL DOĞRULAMA: Paket yalnızca yeni müşterilere özel değildir; mevcut ve yeni sağlık meslek grubu müşterileri yararlanabilir. Meslek grubuna özel çoklu avantaj paketi olarak sınıflandırıldı.,2026-08-04T06:21:46+00:00,2026-08-04T11:50:09+00:00,2026-08-04T11:50:09+00:00,,,,,,,,,,,,,,,
204,Türkiye Finans,Sevimli Dostlarınız için Petidi.com’da 250 TL İndirim Fırsatı!,discount_campaign,Türkiye Finans Happy Kart Kampanyaları,https://happycard.com.tr/kampanyalar/Sayfalar/petidi_.aspx,,2026-12-31,active,unknown,ok,1,0.94,İndirim veya iade avantajı bulundu.,2026-08-04T06:21:46+00:00,2026-08-04T11:50:09+00:00,2026-08-04T11:50:09+00:00,,,,,,,,,,,,,,,
237,Türkiye Finans,TÜSHAD Üyeleri Âlâ Bankacılık Dünyası ile Daha Ayrıcalıklı!,new_customer_campaign,Türkiye Finans Âlâ Kart Kampanyaları,https://turkiyefinansala.com/tr-tr/kampanyalar/Sayfalar/ala-tushad-kampanyasi.aspx,,,active,unknown,ok,1,0.95,Yeni müşteri avantajı bulundu.,2026-08-04T06:21:46+00:00,2026-08-04T11:50:09+00:00,2026-08-04T11:50:09+00:00,,,,,,,,,,,,,,,
218,Türkiye Finans,Türkiye Finans Avantajlarıyla Mobilden Tanışın,discount_campaign,Türkiye Finans Dijital Bankacılık Kampanyaları,https://turkiyefinans.com.tr/tr-tr/kampanyalar/Sayfalar/turkiye-finans-avantajlariyla-mobilden-tanis.aspx,,,active,unknown,ok,1,0.94,İndirim veya iade avantajı bulundu.,2026-08-04T06:21:46+00:00,2026-08-04T11:50:09+00:00,2026-08-04T11:50:09+00:00,,,,,,,,,,,,,,,
200,Türkiye Finans,Vergi Ödemelerinize Kâr Paysız Taksit!,card_campaign,Türkiye Finans Happy Kart Kampanyaları,https://happycard.com.tr/kampanyalar/Sayfalar/Happy-Bonus-ile-Vergi-Odemelerinize-Kar-Paysiz-Taksit.aspx,,,active,unknown,ok,1,0.94,Kart harcamasına taksit/vade farksız avantajı bulundu.,2026-08-04T06:21:46+00:00,2026-08-04T11:50:09+00:00,2026-08-04T11:50:09+00:00,,,,,,,,,,,,,,,
220,Türkiye Finans,Yakınını Mobil Şubeye Davet Et Bonus Kazan,new_customer_campaign,Türkiye Finans Dijital Bankacılık Kampanyaları,https://turkiyefinans.com.tr/tr-tr/kampanyalar/Sayfalar/yakininizi-davet-edin.aspx,,,active,unknown,ok,1,0.95,Yeni müşteri avantajı bulundu.,2026-08-04T06:21:46+00:00,2026-08-04T11:50:09+00:00,2026-08-04T11:50:09+00:00,,,,,,,,,,,,,,,
221,Türkiye Finans,Yeni Yatırım Hesabınıza Sıfır Komisyon Oranı,other_campaign,Türkiye Finans Yatırım Kampanyaları,https://turkiyefinans.com.tr/tr-tr/kampanyalar/Sayfalar/yeni-yatirim-hesabiniza-sifir-komisyon.aspx,2026-08-01,2026-10-31,active,unknown,ok,1,0.84,"Kampanya ifadesiyle tutar, oran veya dönem kanıtı bulundu.",2026-08-04T06:21:46+00:00,2026-08-04T11:50:09+00:00,2026-08-04T11:50:09+00:00,,,,,,,,,,,,,,,
207,Türkiye Finans,Yolcu360'da Happy Kart'la Araç Kiralamak Daha Avantajlı,discount_campaign,Türkiye Finans Happy Kart Kampanyaları,https://happycard.com.tr/kampanyalar/Sayfalar/yolcu360.aspx,,,active,unknown,ok,1,0.94,İndirim veya iade avantajı bulundu.,2026-08-04T06:21:46+00:00,2026-08-04T11:50:09+00:00,2026-08-04T11:50:09+00:00,,,,,,,,,,,,,,,
239,Türkiye Finans,Yolcu360’da Araç Kiralamak Daha Avantajlı!,discount_campaign,Türkiye Finans Âlâ Kart Kampanyaları,https://turkiyefinansala.com/tr-tr/kampanyalar/Sayfalar/ala-yolcu360-nisan-2026.aspx,,,active,unknown,ok,1,0.94,İndirim veya iade avantajı bulundu.,2026-08-04T06:21:46+00:00,2026-08-04T11:50:09+00:00,2026-08-04T11:50:09+00:00,,,,,,,,,,,,,,,
223,Türkiye Finans,Âlâ Bankacılık Ayrıcalıklar Dünyasında GastroClub Üyeliği İle Keyifli Bir Deneyime Adım Atın!,discount_campaign,Türkiye Finans Âlâ Kart Kampanyaları,https://turkiyefinansala.com/tr-tr/kampanyalar/Sayfalar/ala-bankaciliktan-gastroclub-uyeligi.aspx,,,active,unknown,ok,1,0.94,İndirim veya iade avantajı bulundu.,2026-08-04T06:21:46+00:00,2026-08-04T11:50:09+00:00,2026-08-04T11:50:09+00:00,,,,,,,,,,,,,,,
241,Türkiye Finans,Âlâ Kart ile Bonuslarınız Mil Puanına Dönüşüyor!,points_campaign,Türkiye Finans Âlâ Kart Kampanyaları,https://turkiyefinansala.com/tr-tr/kampanyalar/Sayfalar/mil-ayricaligi.aspx,,,active,unknown,ok,1,1.0,MANUEL DOĞRULAMA: Kampanya Bonusların mil puanına dönüşümünü sağladığı için puan kampanyasıdır.,2026-08-04T06:21:46+00:00,2026-08-04T11:50:09+00:00,2026-08-04T11:50:09+00:00,,,,,,,,,,,,,,,
227,Türkiye Finans,Âlâ Kart ile Fatura Ödemenize 3 aya Kadar Kâr Paysız Taksit!,card_campaign,Türkiye Finans Âlâ Kart Kampanyaları,https://turkiyefinansala.com/tr-tr/kampanyalar/Sayfalar/ala-fatura-2026.aspx,,,active,unknown,ok,1,0.94,Kart harcamasına taksit/vade farksız avantajı bulundu.,2026-08-04T06:21:46+00:00,2026-08-04T11:50:09+00:00,2026-08-04T11:50:09+00:00,,,,,,,,,,,,,,,
228,Türkiye Finans,Âlâ Kart ile Halalbooking’de Statünüzü Yükseltin!,discount_campaign,Türkiye Finans Âlâ Kart Kampanyaları,https://turkiyefinansala.com/tr-tr/kampanyalar/Sayfalar/ala-halal-booking-2026.aspx,,2026-12-31,active,unknown,ok,1,0.94,İndirim veya iade avantajı bulundu.,2026-08-04T06:21:46+00:00,2026-08-04T11:50:09+00:00,2026-08-04T11:50:09+00:00,,,,,,,,,,,,,,,
229,Türkiye Finans,Âlâ Kart ile Havalimanı ve VIP Transfer Hizmetinden %25 + %50 İndirimle Yararlanın!,discount_campaign,Türkiye Finans Âlâ Kart Kampanyaları,https://turkiyefinansala.com/tr-tr/kampanyalar/Sayfalar/ala-havalimani-vip-transfer.aspx,,,active,unknown,ok,1,0.94,İndirim veya iade avantajı bulundu.,2026-08-04T06:21:46+00:00,2026-08-04T11:50:09+00:00,2026-08-04T11:50:09+00:00,,,,,,,,,,,,,,,
225,Türkiye Finans,Âlâ Kart ile Okul Ödemelerinize 3 Aya Kadar Kâr Paysız Taksit!,card_campaign,Türkiye Finans Âlâ Kart Kampanyaları,https://turkiyefinansala.com/tr-tr/kampanyalar/Sayfalar/ala-egitim-nisan-2026.aspx,,,active,unknown,ok,1,0.94,Kart harcamasına taksit/vade farksız avantajı bulundu.,2026-08-04T06:21:46+00:00,2026-08-04T11:50:09+00:00,2026-08-04T11:50:09+00:00,,,,,,,,,,,,,,,
231,Türkiye Finans,Âlâ Kart ile Restoran Harcamalarınızdan %10 İndirim Kazanın!,discount_campaign,Türkiye Finans Âlâ Kart Kampanyaları,https://turkiyefinansala.com/tr-tr/kampanyalar/Sayfalar/ala-kart-restoran-harcamalariniza-bonus.aspx,,,active,unknown,ok,1,0.94,İndirim veya iade avantajı bulundu.,2026-08-04T06:21:46+00:00,2026-08-04T11:50:09+00:00,2026-08-04T11:50:09+00:00,,,,,,,,,,,,,,,
235,Türkiye Finans,Âlâ Kart ile Sağlık Harcamanıza 3 Aya Kadar Kâr Paysız Taksit!,card_campaign,Türkiye Finans Âlâ Kart Kampanyaları,https://turkiyefinansala.com/tr-tr/kampanyalar/Sayfalar/ala-saglik-2026.aspx,,,active,unknown,ok,1,0.94,Kart harcamasına taksit/vade farksız avantajı bulundu.,2026-08-04T06:21:46+00:00,2026-08-04T11:50:09+00:00,2026-08-04T11:50:09+00:00,,,,,,,,,,,,,,,
244,Türkiye Finans,Âlâ Kart ile Sinema ve Tiyatro Biletlerinizi %50 İndirimli Alın!,discount_campaign,Türkiye Finans Âlâ Kart Kampanyaları,https://turkiyefinansala.com/tr-tr/kampanyalar/Sayfalar/sinema-tiyatro-indirimi-kampanyasi.aspx,,,active,unknown,ok,1,0.94,İndirim veya iade avantajı bulundu.,2026-08-04T06:21:46+00:00,2026-08-04T11:50:09+00:00,2026-08-04T11:50:09+00:00,,,,,,,,,,,,,,,
243,Türkiye Finans,Âlâ Kart ile Yapacağınız Seyahat ve Konaklama Harcamalarınızdan %10 İndirim Kazanın!,discount_campaign,Türkiye Finans Âlâ Kart Kampanyaları,https://turkiyefinansala.com/tr-tr/kampanyalar/Sayfalar/seyahat-kampanyasi.aspx,,,active,unknown,ok,1,0.94,İndirim veya iade avantajı bulundu.,2026-08-04T06:21:46+00:00,2026-08-04T11:50:09+00:00,2026-08-04T11:50:09+00:00,,,,,,,,,,,,,,,
246,Türkiye Finans,Âlâ Kart ile Yapacağınız Yurt Dışı Harcamalarından %10 İndirim Kazanın!,discount_campaign,Türkiye Finans Âlâ Kart Kampanyaları,https://turkiyefinansala.com/tr-tr/kampanyalar/Sayfalar/yurt-disi-harcamalari-kampanya.aspx,,,active,unknown,ok,1,0.94,İndirim veya iade avantajı bulundu.,2026-08-04T06:21:46+00:00,2026-08-04T11:50:09+00:00,2026-08-04T11:50:09+00:00,,,,,,,,,,,,,,,
234,Türkiye Finans,Âlâ Kart ile İstanbul ve Sabiha Gökçen Havalimanı Otopark Harcamalarınızdan %50 İndirim Kazanın!,discount_campaign,Türkiye Finans Âlâ Kart Kampanyaları,https://turkiyefinansala.com/tr-tr/kampanyalar/Sayfalar/ala-otopark-kampanyasi.aspx,,,active,unknown,ok,1,0.94,İndirim veya iade avantajı bulundu.,2026-08-04T06:21:46+00:00,2026-08-04T11:50:09+00:00,2026-08-04T11:50:09+00:00,,,,,,,,,,,,,,,
238,Türkiye Finans,Âlâ Kart vergi ödemelerinize 3 Aya Kadar Kâr Paysız Taksit!,card_campaign,Türkiye Finans Âlâ Kart Kampanyaları,https://turkiyefinansala.com/tr-tr/kampanyalar/Sayfalar/ala-vergi-2026.aspx,,,active,unknown,ok,1,0.94,Kart harcamasına taksit/vade farksız avantajı bulundu.,2026-08-04T06:21:46+00:00,2026-08-04T11:50:09+00:00,2026-08-04T11:50:09+00:00,,,,,,,,,,,,,,,
232,Türkiye Finans,Âlâ Kart’a Özel Obilet’te İndirim Fırsatı!,discount_campaign,Türkiye Finans Âlâ Kart Kampanyaları,https://turkiyefinansala.com/tr-tr/kampanyalar/Sayfalar/ala-obilet-nisan-2026.aspx,2026-02-25,2026-12-31,active,unknown,ok,1,0.94,İndirim veya iade avantajı bulundu.,2026-08-04T06:21:46+00:00,2026-08-04T11:50:09+00:00,2026-08-04T11:50:09+00:00,,,,,,,,,,,,,,,
233,Türkiye Finans,Âlâ Kredi Kartınızdan Otomatik Fatura Ödeme Talimatına 500 TL’ye Varan Bonus Fırsatları Yakalayın!,card_campaign,Türkiye Finans Âlâ Kart Kampanyaları,https://turkiyefinansala.com/tr-tr/kampanyalar/Sayfalar/ala-ofot-nisan-2026.aspx,,,active,unknown,ok,1,1.0,MANUEL DOĞRULAMA: Âlâ kredi kartından verilen otomatik fatura talimatına bağlı Bonus ödülü sunmaktadır.,2026-08-04T06:21:46+00:00,2026-08-04T11:50:09+00:00,2026-08-04T11:50:09+00:00,,,,,,,,,,,,,,,
224,Türkiye Finans,Âlâ Müşterilere Özel Âlâ BES ile Geleceğe Yatırım Yapın!,insurance_campaign,Türkiye Finans Âlâ Kart Kampanyaları,https://turkiyefinansala.com/tr-tr/kampanyalar/Sayfalar/ala-bes-2026.aspx,,,active,unknown,ok,1,1.0,MANUEL DOĞRULAMA: Kampanyanın ana ürünü BES olduğundan sigorta ve bireysel emeklilik kampanyasıdır.,2026-08-04T06:21:46+00:00,2026-08-04T11:50:09+00:00,2026-08-04T11:50:09+00:00,,,,,,,,,,,,,,,
230,Türkiye Finans,Âlâ ile HGS alarak vereceğiniz HGS talimatına 700 TL Bonus!,card_campaign,Türkiye Finans Âlâ Kart Kampanyaları,https://turkiyefinansala.com/tr-tr/kampanyalar/Sayfalar/ala-hgs-2026.aspx,,,active,unknown,ok,1,1.0,MANUEL DOĞRULAMA: HGS talimatına bağlı Bonus ödülü sunan kart ve ödeme kampanyasıdır.,2026-08-04T06:21:46+00:00,2026-08-04T11:50:09+00:00,2026-08-04T11:50:09+00:00,,,,,,,,,,,,,,,
226,Türkiye Finans,Âlâ ve Âlâ Private Müşterilerine Özel Ücretsiz Fast Track Ayrıcalığı!,other_campaign,Türkiye Finans Âlâ Kart Kampanyaları,https://turkiyefinansala.com/tr-tr/kampanyalar/Sayfalar/ala-fast-track-kampanyasi.aspx,,,active,unknown,ok,1,0.84,"Kampanya ifadesiyle tutar, oran veya dönem kanıtı bulundu.",2026-08-04T06:21:46+00:00,2026-08-04T11:50:09+00:00,2026-08-04T11:50:09+00:00,,,,,,,,,,,,,,,
247,Ziraat Katılım,A101'de 6 Taksit,card_campaign,Kampanyalar,https://ziraatkatilim.com.tr/kart-kampanyalari/a101de-6-taksit,2025-07-10,2026-08-31,active,unknown,ok,1,0.94,Kart harcamasına taksit/vade farksız avantajı bulundu.,2026-08-05T05:32:13+00:00,2026-08-05T05:32:13+00:00,2026-08-05T05:32:13+00:00,,,,,,,,,,,,,,,
248,Ziraat Katılım,Abdullah Kiğılı’da 2 Taksit,card_campaign,Kampanyalar,https://ziraatkatilim.com.tr/kart-kampanyalari/abdullah-kigilida-2-taksit,2025-04-01,2026-08-31,active,unknown,ok,1,0.94,Kart harcamasına taksit/vade farksız avantajı bulundu.,2026-08-05T05:32:13+00:00,2026-08-05T05:32:13+00:00,2026-08-05T05:32:13+00:00,,,,,,,,,,,,,,,
249,Ziraat Katılım,Aile Kart'a Özel 2.000 TL'ye varan Bankkart Lira!,points_campaign,Kampanyalar,https://ziraatkatilim.com.tr/kart-kampanyalari/aile-karta-ozel-2000-tlye-varan-bankkart-lira-1,2026-07-10,2026-08-07,active,unknown,ok,1,1.0,"Kampanya ifadesiyle tutar, oran veya dönem kanıtı bulundu.",2026-08-05T05:32:13+00:00,2026-08-05T05:32:13+00:00,2026-08-05T05:32:13+00:00,,,,,,,,,,,,,,,
250,Ziraat Katılım,Akaryakıt Harcamalarınıza 400 TL Bankkart Lira!,points_campaign,Kampanyalar,https://ziraatkatilim.com.tr/kart-kampanyalari/akaryakit-harcamalariniza-400-tl-bankkart-lira-2,2026-07-10,2026-08-07,active,unknown,ok,1,1.0,"Kampanya ifadesiyle tutar, oran veya dönem kanıtı bulundu.",2026-08-05T05:32:13+00:00,2026-08-05T05:32:13+00:00,2026-08-05T05:32:13+00:00,,,,,,,,,,,,,,,
251,Ziraat Katılım,Alarko Carrier’da 6 Taksit,card_campaign,Kampanyalar,https://ziraatkatilim.com.tr/kart-kampanyalari/alarko-carrierda-6-taksit,2025-04-01,2026-08-31,active,unknown,ok,1,0.94,Kart harcamasına taksit/vade farksız avantajı bulundu.,2026-08-05T05:32:13+00:00,2026-08-05T05:32:13+00:00,2026-08-05T05:32:13+00:00,,,,,,,,,,,,,,,
252,Ziraat Katılım,Alfemo'da 5 Taksit,card_campaign,Kampanyalar,https://ziraatkatilim.com.tr/kart-kampanyalari/alfemoda-5-taksit,2025-11-27,2026-08-31,active,unknown,ok,1,0.94,Kart harcamasına taksit/vade farksız avantajı bulundu.,2026-08-05T05:32:13+00:00,2026-08-05T05:32:13+00:00,2026-08-05T05:32:13+00:00,,,,,,,,,,,,,,,
253,Ziraat Katılım,Amazon'da 9'a varan Taksit,card_campaign,Kampanyalar,https://ziraatkatilim.com.tr/kart-kampanyalari/amazonda-9a-varan-taksit,2025-11-13,2026-08-31,active,unknown,ok,1,0.97,Başlıktaki açık kampanya sinyaline göre hedefli kategori düzeltmesi.,2026-08-05T05:32:13+00:00,2026-08-05T05:32:13+00:00,2026-08-05T05:32:13+00:00,,,,,,,,,,,,,,,
255,Ziraat Katılım,BAUHAUS’ta 3 Taksit,card_campaign,Kampanyalar,https://ziraatkatilim.com.tr/kart-kampanyalari/bauhausta-3-taksit,2025-04-01,2026-08-31,active,unknown,ok,1,0.94,Kart harcamasına taksit/vade farksız avantajı bulundu.,2026-08-05T05:32:13+00:00,2026-08-05T05:32:13+00:00,2026-08-05T05:32:13+00:00,,,,,,,,,,,,,,,
254,Ziraat Katılım,Bağımsız Kart'a Özel 5.000 TL'ye varan Bankkart Lira!,points_campaign,Kampanyalar,https://ziraatkatilim.com.tr/kart-kampanyalari/bagimsiz-karta-ozel-5000-tlye-varan-bankkart-lira-1,2026-07-10,2026-08-07,active,unknown,ok,1,1.0,"Kampanya ifadesiyle tutar, oran veya dönem kanıtı bulundu.",2026-08-05T05:32:13+00:00,2026-08-05T05:32:13+00:00,2026-08-05T05:32:13+00:00,,,,,,,,,,,,,,,
256,Ziraat Katılım,Bellona'da 5 Taksit,card_campaign,Kampanyalar,https://ziraatkatilim.com.tr/kart-kampanyalari/bellonada-5-taksit,2025-04-01,2026-08-31,active,unknown,ok,1,0.94,Kart harcamasına taksit/vade farksız avantajı bulundu.,2026-08-05T05:32:13+00:00,2026-08-05T05:32:13+00:00,2026-08-05T05:32:13+00:00,,,,,,,,,,,,,,,
257,Ziraat Katılım,Benetton'da 2 Taksit,card_campaign,Kampanyalar,https://ziraatkatilim.com.tr/kart-kampanyalari/benettonda-2-taksit,2025-04-01,2026-08-31,active,unknown,ok,1,0.94,Kart harcamasına taksit/vade farksız avantajı bulundu.,2026-08-05T05:32:13+00:00,2026-08-05T05:32:13+00:00,2026-08-05T05:32:13+00:00,,,,,,,,,,,,,,,
258,Ziraat Katılım,Chakra'da 6 Taksit,card_campaign,Kampanyalar,https://ziraatkatilim.com.tr/kart-kampanyalari/chakrada-6-taksit-0,2026-03-02,2026-08-31,active,unknown,ok,1,0.94,Kart harcamasına taksit/vade farksız avantajı bulundu.,2026-08-05T05:32:13+00:00,2026-08-05T05:32:13+00:00,2026-08-05T05:32:13+00:00,,,,,,,,,,,,,,,
260,Ziraat Katılım,Dagi’de 2 Taksit,card_campaign,Kampanyalar,https://ziraatkatilim.com.tr/kart-kampanyalari/dagide-2-taksit,2025-04-01,2026-08-31,active,unknown,ok,1,0.94,Kart harcamasına taksit/vade farksız avantajı bulundu.,2026-08-05T05:32:13+00:00,2026-08-05T05:32:13+00:00,2026-08-05T05:32:13+00:00,,,,,,,,,,,,,,,
261,Ziraat Katılım,Decathlon'da 4 Taksit,card_campaign,Kampanyalar,https://ziraatkatilim.com.tr/kart-kampanyalari/decathlonda-4-taksit,2025-04-01,2026-08-31,active,unknown,ok,1,0.94,Kart harcamasına taksit/vade farksız avantajı bulundu.,2026-08-05T05:32:13+00:00,2026-08-05T05:32:13+00:00,2026-08-05T05:32:13+00:00,,,,,,,,,,,,,,,
262,Ziraat Katılım,Desa’da 2 Taksit,card_campaign,Kampanyalar,https://ziraatkatilim.com.tr/kart-kampanyalari/desada-2-taksit,2025-04-01,2026-08-31,active,unknown,ok,1,0.94,Kart harcamasına taksit/vade farksız avantajı bulundu.,2026-08-05T05:32:13+00:00,2026-08-05T05:32:13+00:00,2026-08-05T05:32:13+00:00,,,,,,,,,,,,,,,
263,Ziraat Katılım,Divanev’de 8 Taksit,card_campaign,Kampanyalar,https://ziraatkatilim.com.tr/kart-kampanyalari/divanevde-8-taksit,2026-02-03,2026-08-31,active,unknown,ok,1,0.94,Kart harcamasına taksit/vade farksız avantajı bulundu.,2026-08-05T05:32:13+00:00,2026-08-05T05:32:13+00:00,2026-08-05T05:32:13+00:00,,,,,,,,,,,,,,,
264,Ziraat Katılım,Doğtaş’ta 6 Taksit,card_campaign,Kampanyalar,https://ziraatkatilim.com.tr/kart-kampanyalari/dogtasta-6-taksit,2025-04-01,2026-08-31,active,unknown,ok,1,0.94,Kart harcamasına taksit/vade farksız avantajı bulundu.,2026-08-05T05:32:13+00:00,2026-08-05T05:32:13+00:00,2026-08-05T05:32:13+00:00,,,,,,,,,,,,,,,
266,Ziraat Katılım,E-Ticaret Alışverişlerinize Toplam 500 TL Bankkart Lira!,points_campaign,Kampanyalar,https://ziraatkatilim.com.tr/kart-kampanyalari/e-ticaret-alisverislerinize-toplam-500-tl-bankkart-lira-2,2026-07-10,2026-08-07,active,unknown,ok,1,0.97,Başlıktaki açık kampanya sinyaline göre hedefli kategori düzeltmesi.,2026-08-05T05:32:13+00:00,2026-08-05T05:32:13+00:00,2026-08-05T05:32:13+00:00,,,,,,,,,,,,,,,
265,Ziraat Katılım,E-bebek'te 8 Taksit,card_campaign,Kampanyalar,https://ziraatkatilim.com.tr/kart-kampanyalari/e-bebekte-8-taksit,2025-04-01,2026-08-31,active,unknown,ok,1,0.94,Kart harcamasına taksit/vade farksız avantajı bulundu.,2026-08-05T05:32:13+00:00,2026-08-05T05:32:13+00:00,2026-08-05T05:32:13+00:00,,,,,,,,,,,,,,,
267,Ziraat Katılım,E.C.A. Kombi’de 12 Taksit,card_campaign,Kampanyalar,https://ziraatkatilim.com.tr/kart-kampanyalari/eca-kombide-12-taksit,2025-04-01,2026-08-31,active,unknown,ok,1,0.94,Kart harcamasına taksit/vade farksız avantajı bulundu.,2026-08-05T05:32:13+00:00,2026-08-05T05:32:13+00:00,2026-08-05T05:32:13+00:00,,,,,,,,,,,,,,,
268,Ziraat Katılım,Elektrikli Araç Şarj İstasyonlarında 750 TL Bankkart Lira!,points_campaign,Kampanyalar,https://ziraatkatilim.com.tr/kart-kampanyalari/elektrikli-arac-sarj-istasyonlarinda-750-tl-bankkart-lira-0,2026-07-10,2026-08-07,active,unknown,ok,1,1.0,"Kampanya ifadesiyle tutar, oran veya dönem kanıtı bulundu.",2026-08-05T05:32:13+00:00,2026-08-05T05:32:13+00:00,2026-08-05T05:32:13+00:00,,,,,,,,,,,,,,,
269,Ziraat Katılım,Enplus’ta 4 Taksit,card_campaign,Kampanyalar,https://ziraatkatilim.com.tr/kart-kampanyalari/enplusta-4-taksit,2025-04-01,2026-08-31,active,unknown,ok,1,0.94,Kart harcamasına taksit/vade farksız avantajı bulundu.,2026-08-05T05:32:13+00:00,2026-08-05T05:32:13+00:00,2026-08-05T05:32:13+00:00,,,,,,,,,,,,,,,
270,Ziraat Katılım,Enterprise'ta Araç Kiralamalarınızda %30 İndirim,discount_campaign,Kampanyalar,https://ziraatkatilim.com.tr/kart-kampanyalari/enterpriseta-arac-kiralamalarinizda-30-indirim,2025-07-14,2026-12-31,active,unknown,ok,1,0.94,İndirim veya iade avantajı bulundu.,2026-08-05T05:32:13+00:00,2026-08-05T05:32:13+00:00,2026-08-05T05:32:13+00:00,,,,,,,,,,,,,,,
271,Ziraat Katılım,Enza Home'da 8 Taksit,card_campaign,Kampanyalar,https://ziraatkatilim.com.tr/kart-kampanyalari/enza-homeda-8-taksit,2026-02-03,2026-08-31,active,unknown,ok,1,0.94,Kart harcamasına taksit/vade farksız avantajı bulundu.,2026-08-05T05:32:13+00:00,2026-08-05T05:32:13+00:00,2026-08-05T05:32:13+00:00,,,,,,,,,,,,,,,
272,Ziraat Katılım,Faik Sönmez’de 3 Taksit,card_campaign,Kampanyalar,https://ziraatkatilim.com.tr/kart-kampanyalari/faik-sonmezde-3-taksit,2025-04-01,2026-08-31,active,unknown,ok,1,0.94,Kart harcamasına taksit/vade farksız avantajı bulundu.,2026-08-05T05:32:13+00:00,2026-08-05T05:32:13+00:00,2026-08-05T05:32:13+00:00,,,,,,,,,,,,,,,
273,Ziraat Katılım,Giyim ve Ayakkabı Alışverişinizde Toplam 1.000 TL Bankkart Lira!,points_campaign,Kampanyalar,https://ziraatkatilim.com.tr/kart-kampanyalari/giyim-ve-ayakkabi-alisverisinizde-toplam-1000-tl-bankkart-lira-2,2026-07-10,2026-08-07,active,unknown,ok,1,0.97,Başlıktaki açık kampanya sinyaline göre hedefli kategori düzeltmesi.,2026-08-05T05:32:13+00:00,2026-08-05T05:32:13+00:00,2026-08-05T05:32:13+00:00,,,,,,,,,,,,,,,
274,Ziraat Katılım,Halalbooking'de Size Özel Avantajlı Tatiller!,discount_campaign,Kampanyalar,https://ziraatkatilim.com.tr/kart-kampanyalari/halalbookingde-size-ozel-avantajli-tatiller,2025-07-17,2026-08-31,active,unknown,ok,1,0.94,İndirim veya iade avantajı bulundu.,2026-08-05T05:32:13+00:00,2026-08-05T05:32:13+00:00,2026-08-05T05:32:13+00:00,,,,,,,,,,,,,,,
275,Ziraat Katılım,Hava Yolu Bilet Alımınıza 1.500 TL Bankkart Lira!,points_campaign,Kampanyalar,https://ziraatkatilim.com.tr/kart-kampanyalari/hava-yolu-bilet-aliminiza-1500-tl-bankkart-lira-2,2026-07-10,2026-08-07,active,unknown,ok,1,1.0,İndirim veya iade avantajı bulundu.,2026-08-05T05:32:13+00:00,2026-08-05T05:32:13+00:00,2026-08-05T05:32:13+00:00,,,,,,,,,,,,,,,
277,Ziraat Katılım,IKEA'da 6 Taksit,card_campaign,Kampanyalar,https://ziraatkatilim.com.tr/kart-kampanyalari/ikeada-6-taksit,2024-04-01,2026-08-31,active,unknown,ok,1,0.94,Kart harcamasına taksit/vade farksız avantajı bulundu.,2026-08-05T05:32:13+00:00,2026-08-05T05:32:13+00:00,2026-08-05T05:32:13+00:00,,,,,,,,,,,,,,,
281,Ziraat Katılım,Kafe ve Restoran Harcamalarınıza Toplam 450 TL Bankkart Lira!,points_campaign,Kampanyalar,https://ziraatkatilim.com.tr/kart-kampanyalari/kafe-ve-restoran-harcamalariniza-toplam-450-tl-bankkart-lira-2,2026-07-10,2026-08-07,active,unknown,ok,1,0.97,Başlıktaki açık kampanya sinyaline göre hedefli kategori düzeltmesi.,2026-08-05T05:32:13+00:00,2026-08-05T05:32:13+00:00,2026-08-05T05:32:13+00:00,,,,,,,,,,,,,,,
282,Ziraat Katılım,Karaca'da 3 Taksit,card_campaign,Kampanyalar,https://ziraatkatilim.com.tr/kart-kampanyalari/karacada-3-taksit,2025-11-03,2026-08-31,active,unknown,ok,1,0.94,Kart harcamasına taksit/vade farksız avantajı bulundu.,2026-08-05T05:32:13+00:00,2026-08-05T05:32:13+00:00,2026-08-05T05:32:13+00:00,,,,,,,,,,,,,,,
283,Ziraat Katılım,Kelebek’te 6 Taksit,card_campaign,Kampanyalar,https://ziraatkatilim.com.tr/kart-kampanyalari/kelebekte-6-taksit,2025-04-01,2026-08-31,active,unknown,ok,1,0.94,Kart harcamasına taksit/vade farksız avantajı bulundu.,2026-08-05T05:32:13+00:00,2026-08-05T05:32:13+00:00,2026-08-05T05:32:13+00:00,,,,,,,,,,,,,,,
284,Ziraat Katılım,Kiğılı’da 2 Taksit,card_campaign,Kampanyalar,https://ziraatkatilim.com.tr/kart-kampanyalari/kigilida-2-taksit,2025-04-01,2026-08-31,active,unknown,ok,1,0.94,Kart harcamasına taksit/vade farksız avantajı bulundu.,2026-08-05T05:32:13+00:00,2026-08-05T05:32:13+00:00,2026-08-05T05:32:13+00:00,,,,,,,,,,,,,,,
286,Ziraat Katılım,Kültür Sanat Harcamalarınıza Toplam 500 TL Bankkart Lira!,points_campaign,Kampanyalar,https://ziraatkatilim.com.tr/kart-kampanyalari/kultur-sanat-harcamalariniza-toplam-500-tl-bankkart-lira-2,2026-07-10,2026-08-07,active,unknown,ok,1,0.97,Başlıktaki açık kampanya sinyaline göre hedefli kategori düzeltmesi.,2026-08-05T05:32:13+00:00,2026-08-05T05:32:13+00:00,2026-08-05T05:32:13+00:00,,,,,,,,,,,,,,,
285,Ziraat Katılım,KİP’te 4 Taksit,card_campaign,Kampanyalar,https://ziraatkatilim.com.tr/kart-kampanyalari/kipte-4-taksit,2025-06-12,2026-08-31,active,unknown,ok,1,0.94,Kart harcamasına taksit/vade farksız avantajı bulundu.,2026-08-05T05:32:13+00:00,2026-08-05T05:32:13+00:00,2026-08-05T05:32:13+00:00,,,,,,,,,,,,,,,
294,Ziraat Katılım,MTV Ödemelerinize 4 Taksit,card_campaign,Kampanyalar,https://ziraatkatilim.com.tr/kart-kampanyalari/mtv-odemelerinize-4-taksit,2026-07-01,2026-08-05,active,unknown,ok,1,0.94,Kart harcamasına taksit/vade farksız avantajı bulundu.,2026-08-05T05:32:13+00:00,2026-08-05T05:32:13+00:00,2026-08-05T05:32:13+00:00,,,,,,,,,,,,,,,
287,Ziraat Katılım,Machka’da 4 Taksit,card_campaign,Kampanyalar,https://ziraatkatilim.com.tr/kart-kampanyalari/machkada-4-taksit,2024-04-01,2026-08-31,active,unknown,ok,1,0.94,Kart harcamasına taksit/vade farksız avantajı bulundu.,2026-08-05T05:32:13+00:00,2026-08-05T05:32:13+00:00,2026-08-05T05:32:13+00:00,,,,,,,,,,,,,,,
288,Ziraat Katılım,Market Alışverişlerinize Toplam 1.500 TL Bankkart Lira!,points_campaign,Kampanyalar,https://ziraatkatilim.com.tr/kart-kampanyalari/market-alisverislerinize-toplam-1500-tl-bankkart-lira-0,2026-07-10,2026-08-07,active,unknown,ok,1,0.97,Başlıktaki açık kampanya sinyaline göre hedefli kategori düzeltmesi.,2026-08-05T05:32:13+00:00,2026-08-05T05:32:13+00:00,2026-08-05T05:32:13+00:00,,,,,,,,,,,,,,,
289,Ziraat Katılım,Mavi'de 4 Taksit,card_campaign,Kampanyalar,https://ziraatkatilim.com.tr/kart-kampanyalari/mavide-4-taksit,2025-08-21,2026-08-31,active,unknown,ok,1,0.94,Kart harcamasına taksit/vade farksız avantajı bulundu.,2026-08-05T05:32:13+00:00,2026-08-05T05:32:13+00:00,2026-08-05T05:32:13+00:00,,,,,,,,,,,,,,,
290,Ziraat Katılım,Michelin’de 4 Taksit,card_campaign,Kampanyalar,https://ziraatkatilim.com.tr/kart-kampanyalari/michelinde-4-taksit,2025-04-01,2026-08-31,active,unknown,ok,1,0.94,Kart harcamasına taksit/vade farksız avantajı bulundu.,2026-08-05T05:32:13+00:00,2026-08-05T05:32:13+00:00,2026-08-05T05:32:13+00:00,,,,,,,,,,,,,,,
291,Ziraat Katılım,Miele'de 6 Taksit,card_campaign,Kampanyalar,https://ziraatkatilim.com.tr/kart-kampanyalari/mielede-6-taksit,2025-05-26,2026-08-31,active,unknown,ok,1,0.94,Kart harcamasına taksit/vade farksız avantajı bulundu.,2026-08-05T05:32:13+00:00,2026-08-05T05:32:13+00:00,2026-08-05T05:32:13+00:00,,,,,,,,,,,,,,,
292,Ziraat Katılım,ModaLife'ta 9 Taksit,card_campaign,Kampanyalar,https://ziraatkatilim.com.tr/kart-kampanyalari/modalifeta-9-taksit,2025-10-16,2026-08-31,active,unknown,ok,1,0.94,Kart harcamasına taksit/vade farksız avantajı bulundu.,2026-08-05T05:32:13+00:00,2026-08-05T05:32:13+00:00,2026-08-05T05:32:13+00:00,,,,,,,,,,,,,,,
293,Ziraat Katılım,Mondihome'da 5 Taksit,card_campaign,Kampanyalar,https://ziraatkatilim.com.tr/kart-kampanyalari/mondihomeda-5-taksit,2025-04-01,2026-08-31,active,unknown,ok,1,0.94,Kart harcamasına taksit/vade farksız avantajı bulundu.,2026-08-05T05:32:13+00:00,2026-08-05T05:32:13+00:00,2026-08-05T05:32:13+00:00,,,,,,,,,,,,,,,
295,Ziraat Katılım,Okul Ödemelerinizde +8 Taksit,card_campaign,Kampanyalar,https://ziraatkatilim.com.tr/kart-kampanyalari/okul-odemelerinizde-8-taksit,2025-08-18,2026-12-31,active,unknown,ok,1,0.94,Kart harcamasına taksit/vade farksız avantajı bulundu.,2026-08-05T05:32:13+00:00,2026-08-05T05:32:13+00:00,2026-08-05T05:32:13+00:00,,,,,,,,,,,,,,,
296,Ziraat Katılım,Opmar Optik’te 4 Taksit,card_campaign,Kampanyalar,https://ziraatkatilim.com.tr/kart-kampanyalari/opmar-optikte-4-taksit,2025-04-01,2026-08-31,active,unknown,ok,1,0.94,Kart harcamasına taksit/vade farksız avantajı bulundu.,2026-08-05T05:32:13+00:00,2026-08-05T05:32:13+00:00,2026-08-05T05:32:13+00:00,,,,,,,,,,,,,,,
297,Ziraat Katılım,Optik Alışverişinize 500 TL Bankkart Lira!,points_campaign,Kampanyalar,https://ziraatkatilim.com.tr/kart-kampanyalari/optik-alisverisinize-500-tl-bankkart-lira-2,2026-07-10,2026-08-07,active,unknown,ok,1,0.97,Başlıktaki açık kampanya sinyaline göre hedefli kategori düzeltmesi.,2026-08-05T05:32:13+00:00,2026-08-05T05:32:13+00:00,2026-08-05T05:32:13+00:00,,,,,,,,,,,,,,,
298,Ziraat Katılım,Oxxo’da 2 Taksit,card_campaign,Kampanyalar,https://ziraatkatilim.com.tr/kart-kampanyalari/oxxoda-2-taksit,2025-04-01,2026-08-31,active,unknown,ok,1,0.94,Kart harcamasına taksit/vade farksız avantajı bulundu.,2026-08-05T05:32:13+00:00,2026-08-05T05:32:13+00:00,2026-08-05T05:32:13+00:00,,,,,,,,,,,,,,,
300,Ziraat Katılım,PETLAS'ta Peşin Fiyatına 6 Taksit,card_campaign,Kampanyalar,https://ziraatkatilim.com.tr/kart-kampanyalari/petlasta-pesin-fiyatina-6-taksit,2025-04-01,2026-12-31,active,unknown,ok,1,0.94,Kart harcamasına taksit/vade farksız avantajı bulundu.,2026-08-05T05:32:13+00:00,2026-08-05T05:32:13+00:00,2026-08-05T05:32:13+00:00,,,,,,,,,,,,,,,
299,Ziraat Katılım,Panço’da 3 Taksit,card_campaign,Kampanyalar,https://ziraatkatilim.com.tr/kart-kampanyalari/pancoda-3-taksit,2025-04-01,2026-08-31,active,unknown,ok,1,0.94,Kart harcamasına taksit/vade farksız avantajı bulundu.,2026-08-05T05:32:13+00:00,2026-08-05T05:32:13+00:00,2026-08-05T05:32:13+00:00,,,,,,,,,,,,,,,
301,Ziraat Katılım,Puffy'de 6'ya varan Taksit,card_campaign,Kampanyalar,https://ziraatkatilim.com.tr/kart-kampanyalari/puffyde-6ya-varan-taksit,2025-04-01,2026-08-31,active,unknown,ok,1,0.94,Kart harcamasına taksit/vade farksız avantajı bulundu.,2026-08-05T05:32:13+00:00,2026-08-05T05:32:13+00:00,2026-08-05T05:32:13+00:00,,,,,,,,,,,,,,,
302,Ziraat Katılım,QR ile Ödemelerinize Toplam 100 TL Bankkart Lira!,points_campaign,Kampanyalar,https://ziraatkatilim.com.tr/kart-kampanyalari/qr-ile-odemelerinize-toplam-100-tl-bankkart-lira-2,2026-07-10,2026-08-07,active,unknown,ok,1,0.97,Başlıktaki açık kampanya sinyaline göre hedefli kategori düzeltmesi.,2026-08-05T05:32:13+00:00,2026-08-05T05:32:13+00:00,2026-08-05T05:32:13+00:00,,,,,,,,,,,,,,,
303,Ziraat Katılım,Ramsey’de 4 Taksit,card_campaign,Kampanyalar,https://ziraatkatilim.com.tr/kart-kampanyalari/ramseyde-4-taksit,2025-06-12,2026-08-31,active,unknown,ok,1,0.94,Kart harcamasına taksit/vade farksız avantajı bulundu.,2026-08-05T05:32:13+00:00,2026-08-05T05:32:13+00:00,2026-08-05T05:32:13+00:00,,,,,,,,,,,,,,,
305,Ziraat Katılım,Samsonite’ta 2 Taksit,card_campaign,Kampanyalar,https://ziraatkatilim.com.tr/kart-kampanyalari/samsoniteta-2-taksit,2025-04-01,2026-08-31,active,unknown,ok,1,0.94,Kart harcamasına taksit/vade farksız avantajı bulundu.,2026-08-05T05:32:13+00:00,2026-08-05T05:32:13+00:00,2026-08-05T05:32:13+00:00,,,,,,,,,,,,,,,
304,Ziraat Katılım,Sağlık Sektöründe +5 Taksit,card_campaign,Kampanyalar,https://ziraatkatilim.com.tr/kart-kampanyalari/saglik-sektorunde-5-taksit,2025-04-01,2026-12-31,active,unknown,ok,1,0.94,Kart harcamasına taksit/vade farksız avantajı bulundu.,2026-08-05T05:32:13+00:00,2026-08-05T05:32:13+00:00,2026-08-05T05:32:13+00:00,,,,,,,,,,,,,,,
309,Ziraat Katılım,TROY Kartla İdefix’te 3.000 TL’ye Varan İndirim!,discount_campaign,Kampanyalar,https://ziraatkatilim.com.tr/kart-kampanyalari/troy-kartla-idefixte-3000-tlye-varan-indirim,2026-06-10,2026-08-31,active,unknown,ok,1,0.94,İndirim veya iade avantajı bulundu.,2026-08-05T05:32:13+00:00,2026-08-05T05:32:13+00:00,2026-08-05T05:32:13+00:00,,,,,,,,,,,,,,,
306,Ziraat Katılım,Tespo’da 2 Taksit,card_campaign,Kampanyalar,https://ziraatkatilim.com.tr/kart-kampanyalari/tespoda-2-taksit,2025-04-01,2026-08-31,active,unknown,ok,1,0.94,Kart harcamasına taksit/vade farksız avantajı bulundu.,2026-08-05T05:32:13+00:00,2026-08-05T05:32:13+00:00,2026-08-05T05:32:13+00:00,,,,,,,,,,,,,,,
307,Ziraat Katılım,Ticari Kartla MasterKOBİ'de Özel Ayrıcalıklar ve İndirimler!,discount_campaign,Kampanyalar,https://ziraatkatilim.com.tr/kart-kampanyalari/ticari-kartla-masterkobide-ozel-ayricaliklar-ve-indirimler,2026-06-24,2026-08-31,active,unknown,ok,1,0.94,İndirim veya iade avantajı bulundu.,2026-08-05T05:32:13+00:00,2026-08-05T05:32:13+00:00,2026-08-05T05:32:13+00:00,,,,,,,,,,,,,,,
308,Ziraat Katılım,Trendyol'da 6'ya varan Taksit,card_campaign,Kampanyalar,https://ziraatkatilim.com.tr/kart-kampanyalari/trendyolda-6ya-varan-taksit,2025-04-01,2026-08-31,active,unknown,ok,1,0.97,Başlıktaki açık kampanya sinyaline göre hedefli kategori düzeltmesi.,2026-08-05T05:32:13+00:00,2026-08-05T05:32:13+00:00,2026-08-05T05:32:13+00:00,,,,,,,,,,,,,,,
310,Ziraat Katılım,Troy'da 5 Taksit,card_campaign,Kampanyalar,https://ziraatkatilim.com.tr/kart-kampanyalari/troyda-5-taksit,2025-04-01,2026-08-31,active,unknown,ok,1,0.94,Kart harcamasına taksit/vade farksız avantajı bulundu.,2026-08-05T05:32:13+00:00,2026-08-05T05:32:13+00:00,2026-08-05T05:32:13+00:00,,,,,,,,,,,,,,,
311,Ziraat Katılım,Türk Hava Yolları'nda 6 Taksit,card_campaign,Kampanyalar,https://ziraatkatilim.com.tr/kart-kampanyalari/turk-hava-yollarinda-6-taksit,2025-05-01,2026-08-31,active,unknown,ok,1,1.0,İndirim veya iade avantajı bulundu.,2026-08-05T05:32:13+00:00,2026-08-05T05:32:13+00:00,2026-08-05T05:32:13+00:00,,,,,,,,,,,,,,,
312,Ziraat Katılım,Uğur Derin Dondurucu’da 9 Taksit,card_campaign,Kampanyalar,https://ziraatkatilim.com.tr/kart-kampanyalari/ugur-derin-dondurucuda-9-taksit,2025-04-01,2026-08-31,active,unknown,ok,1,0.94,Kart harcamasına taksit/vade farksız avantajı bulundu.,2026-08-05T05:32:13+00:00,2026-08-05T05:32:13+00:00,2026-08-05T05:32:13+00:00,,,,,,,,,,,,,,,
313,Ziraat Katılım,Vatan’da 3 Taksit,card_campaign,Kampanyalar,https://ziraatkatilim.com.tr/kart-kampanyalari/vatanda-3-taksit,2025-04-01,2026-08-31,active,unknown,ok,1,0.94,Kart harcamasına taksit/vade farksız avantajı bulundu.,2026-08-05T05:32:13+00:00,2026-08-05T05:32:13+00:00,2026-08-05T05:32:13+00:00,,,,,,,,,,,,,,,
314,Ziraat Katılım,W Collection'da 4 Taksit,card_campaign,Kampanyalar,https://ziraatkatilim.com.tr/kart-kampanyalari/w-collectionda-4-taksit,2026-03-01,2026-08-31,active,unknown,ok,1,0.94,Kart harcamasına taksit/vade farksız avantajı bulundu.,2026-08-05T05:32:13+00:00,2026-08-05T05:32:13+00:00,2026-08-05T05:32:13+00:00,,,,,,,,,,,,,,,
315,Ziraat Katılım,Yataş Bedding'de 8 Taksit,card_campaign,Kampanyalar,https://ziraatkatilim.com.tr/kart-kampanyalari/yatas-beddingde-8-taksit,2025-05-30,2026-08-31,active,unknown,ok,1,0.94,Kart harcamasına taksit/vade farksız avantajı bulundu.,2026-08-05T05:32:13+00:00,2026-08-05T05:32:13+00:00,2026-08-05T05:32:13+00:00,,,,,,,,,,,,,,,
316,Ziraat Katılım,Yolcu360'ta Yurt Dışı Araç Kiralamalarınızda %15 İndirim,discount_campaign,Kampanyalar,https://ziraatkatilim.com.tr/kart-kampanyalari/yolcu360ta-yurt-disi-arac-kiralamalarinizda-15-indirim,2025-04-01,2026-12-31,active,unknown,ok,1,0.94,İndirim veya iade avantajı bulundu.,2026-08-05T05:32:13+00:00,2026-08-05T05:32:13+00:00,2026-08-05T05:32:13+00:00,,,,,,,,,,,,,,,
317,Ziraat Katılım,Yolcu360'ta Yurt İçi Araç Kiralamalarınızda %10 İndirim,discount_campaign,Kampanyalar,https://ziraatkatilim.com.tr/kart-kampanyalari/yolcu360ta-yurt-ici-arac-kiralamalarinizda-10-indirim,2025-04-01,2026-12-31,active,unknown,ok,1,0.94,İndirim veya iade avantajı bulundu.,2026-08-05T05:32:13+00:00,2026-08-05T05:32:13+00:00,2026-08-05T05:32:13+00:00,,,,,,,,,,,,,,,
318,Ziraat Katılım,Ziraat Katılım Avantajlı Bankkart Kampanyaları,card_campaign,Kampanyalar,https://ziraatkatilim.com.tr/kart-kampanyalari/ziraat-katilim-avantajli-bankkart-kampanyalari,2026-07-10,2026-08-07,active,unknown,ok,1,1.0,"Kampanya ifadesiyle tutar, oran veya dönem kanıtı bulundu.",2026-08-05T05:32:13+00:00,2026-08-05T05:32:13+00:00,2026-08-05T05:32:13+00:00,,,,,,,,,,,,,,,
259,Ziraat Katılım,Çilek Mobilya'da 9 Taksit,card_campaign,Kampanyalar,https://ziraatkatilim.com.tr/kart-kampanyalari/cilek-mobilyada-9-taksit,2025-04-01,2026-08-31,active,unknown,ok,1,0.94,Kart harcamasına taksit/vade farksız avantajı bulundu.,2026-08-05T05:32:13+00:00,2026-08-05T05:32:13+00:00,2026-08-05T05:32:13+00:00,,,,,,,,,,,,,,,
276,Ziraat Katılım,İdaş’ta 9 Taksit,card_campaign,Kampanyalar,https://ziraatkatilim.com.tr/kart-kampanyalari/idasta-9-taksit,2025-04-01,2026-08-31,active,unknown,ok,1,0.94,Kart harcamasına taksit/vade farksız avantajı bulundu.,2026-08-05T05:32:13+00:00,2026-08-05T05:32:13+00:00,2026-08-05T05:32:13+00:00,,,,,,,,,,,,,,,
278,Ziraat Katılım,İlk Bankkart Kredi Kartınıza 5.000 TL Bankkart Lira!,new_customer_campaign,Kampanyalar,https://ziraatkatilim.com.tr/kart-kampanyalari/ilk-bankkart-kredi-kartiniza-5000-tl-bankkart-lira-1,2026-07-10,2026-08-07,active,unknown,ok,1,1.0,"Kampanya ifadesiyle tutar, oran veya dönem kanıtı bulundu.",2026-08-05T05:32:13+00:00,2026-08-05T05:32:13+00:00,2026-08-05T05:32:13+00:00,,,,,,,,,,,,,,,
279,Ziraat Katılım,İlk Ek Kredi Kartınıza 1.000 TL Bankkart Lira!,points_campaign,Kampanyalar,https://ziraatkatilim.com.tr/kart-kampanyalari/ilk-ek-kredi-kartiniza-1000-tl-bankkart-lira-1,2026-07-10,2026-08-07,active,unknown,ok,1,0.97,Başlıktaki açık kampanya sinyaline göre hedefli kategori düzeltmesi.,2026-08-05T05:32:13+00:00,2026-08-05T05:32:13+00:00,2026-08-05T05:32:13+00:00,,,,,,,,,,,,,,,
280,Ziraat Katılım,İstikbal’de 7 Taksit,card_campaign,Kampanyalar,https://ziraatkatilim.com.tr/kart-kampanyalari/istikbalde-7-taksit,2025-04-01,2026-08-31,active,unknown,ok,1,0.94,Kart harcamasına taksit/vade farksız avantajı bulundu.,2026-08-05T05:32:13+00:00,2026-08-05T05:32:13+00:00,2026-08-05T05:32:13+00:00,,,,,,,,,,,,,,,
