id,product_id,feature_key,feature_label,feature_value,source_text,extraction_method,updated_at
2085,556,target_segment,Hedef Kitle,Bireysel,scope=bireysel,structured_scope,2026-08-12T11:10:22+00:00
2086,556,digital_process,Dijital İşlem,Evet,👉 Mobil şube üzerinden nasıl müşteri olunur?,rule_based_source,2026-08-12T11:10:22+00:00
2087,556,application_channel,Başvuru / Kanal,Mobil,👉 Mobil şube üzerinden nasıl müşteri olunur?,rule_based_source,2026-08-12T11:10:22+00:00
2088,556,repayment_structure,Ödeme / Kullanım Yapısı,Esnek ödeme,"Süreç boyunca size sunulan esnek ödeme seçeneklerinden yararlanabilir, taksit tutarlarınızı ihtiyaçlarınıza göre şekillendirebilirsiniz.",rule_based_source,2026-08-12T11:10:22+00:00
2089,557,target_segment,Hedef Kitle,Bireysel,scope=bireysel,structured_scope,2026-08-12T11:10:22+00:00
2090,558,usage_purpose,Kullanım Amacı,İşletmenin finansman ihtiyacının karşılanması,"Konut finansmanı, ev sahibi olmak isteyen kişilere katılım esasları ile finansman çözümleri sunan bir üründür.",rule_based_source,2026-08-12T11:10:22+00:00
2091,558,target_segment,Hedef Kitle,Bireysel,scope=bireysel,structured_scope,2026-08-12T11:10:22+00:00
2092,559,usage_purpose,Kullanım Amacı,İşletmenin finansman ihtiyacının karşılanması,"Dünya Katılım ihtiyaç finansmanı, bireysel müşteriler ve işletme sahiplerinin her türlü finansal ihtiyacını karşılamak için sunulan esnek ve güvenli bir finansman çözümüdür.",rule_based_source,2026-08-12T11:10:22+00:00
2093,559,target_segment,Hedef Kitle,Bireysel,scope=bireysel,structured_scope,2026-08-12T11:10:22+00:00
2094,560,target_segment,Hedef Kitle,Bireysel,scope=bireysel,structured_scope,2026-08-12T11:10:22+00:00
2095,560,digital_process,Dijital İşlem,Evet,"Başvuru Kanalları Dünya Katılım Şubeleri Mobil Şube Dikkat Edilmesi Gereken Hususlar Enerya İhtiyaç Finansmanı, maksimum 250.000 TL ve 36 ay vade ile sınırlıdır.",rule_based_source,2026-08-12T11:10:22+00:00
2096,560,application_channel,Başvuru / Kanal,Mobil,"Başvuru Kanalları Dünya Katılım Şubeleri Mobil Şube Dikkat Edilmesi Gereken Hususlar Enerya İhtiyaç Finansmanı, maksimum 250.000 TL ve 36 ay vade ile sınırlıdır.",rule_based_source,2026-08-12T11:10:22+00:00
2097,561,target_segment,Hedef Kitle,Bireysel,scope=bireysel,structured_scope,2026-08-12T11:10:22+00:00
2098,562,usage_purpose,Kullanım Amacı,Kredibilite / referans sunumu,"Anasayfa Isim Için Içerik Finansmanlar Gayri Nakdi Finansman Referans Mektupları Referans Mektupları Referans Mektupları Referans mektupları, bir işletmenin finansal taahhütlerini yerine getirme kabiliyetini değerlendirmek amacıyla bankamızdan talep edilen yazılı belgelerdir.",rule_based_source,2026-08-12T11:10:22+00:00
2099,562,transaction_structure,İşlem / Finansman Yapısı,Referans mektubu,"Anasayfa Isim Için Içerik Finansmanlar Gayri Nakdi Finansman Referans Mektupları Referans Mektupları Referans Mektupları Referans mektupları, bir işletmenin finansal taahhütlerini yerine getirme kabiliyetini değerlendirmek amacıyla bankamızdan talep edilen yazılı belgelerdir.",product_identity,2026-08-12T11:10:22+00:00
2100,562,target_segment,Hedef Kitle,Ticari,scope=ticari,structured_scope,2026-08-12T11:10:22+00:00
2101,563,usage_purpose,Kullanım Amacı,Ticari yükümlülüklerin güvence altına alınması,"Banka teminat mektupları, işlemlerde güven sağlamak ve taahhütlerin yerine getirilmesini garanti altına almak için yaygın olarak kullanılan etkili bir finansal araçtır.",rule_based_source,2026-08-12T11:10:22+00:00
2102,563,transaction_structure,İşlem / Finansman Yapısı,Teminat mektubu,Anasayfa Isim Için Içerik Finansmanlar Gayri Nakdi Finansman Teminat Mektupları Teminat Mektupları Nedir?,product_identity,2026-08-12T11:10:22+00:00
2103,563,target_segment,Hedef Kitle,Ticari,scope=ticari,structured_scope,2026-08-12T11:10:22+00:00
2104,563,foreign_trade,Dış Ticaret,Evet,"Faizsiz Bankacılık İlke ve Standartları ve Danışma Komitesi kararları çerçevesinde mal alımı, bayilik teminatı, taahhüt işleri, gümrük, mahkeme, vergi dairesi işlemleri gibi konularla ilgili teminat mektubu düzenlenebilmektedir.",rule_based_source,2026-08-12T11:10:22+00:00
2105,564,usage_purpose,Kullanım Amacı,İşletmenin finansman ihtiyacının karşılanması,"İşletme finansmanı, işletmenin kısa vadeli ve uzun vadeli mali gereksinimlerini karşılamak için gerekli fonları sağlama ve esnek ödeme seçeneği ile tekrar kullanma imkanı sağlayan ve vade sonuna kadar kâr oranı sabit olan bir finansman çözümüdür.",rule_based_source,2026-08-12T11:10:22+00:00
2106,564,target_segment,Hedef Kitle,Ticari,scope=ticari,structured_scope,2026-08-12T11:10:22+00:00
2107,564,repayment_structure,Ödeme / Kullanım Yapısı,Esnek ödeme,"İşletme finansmanı, işletmenin kısa vadeli ve uzun vadeli mali gereksinimlerini karşılamak için gerekli fonları sağlama ve esnek ödeme seçeneği ile tekrar kullanma imkanı sağlayan ve vade sonuna kadar kâr oranı sabit olan bir finansman çözümüdür.",rule_based_source,2026-08-12T11:10:22+00:00
2108,565,usage_purpose,Kullanım Amacı,İşletme yatırımı / mal ve hizmet finansmanı,"Müşterilerimizin faaliyetleri doğrultusunda ihtiyaç duyulan emtia,hizmet bedeli, 0/2.el konut alımı, 0/2.el taşıt alımlarına yönelik Bankamız tarafından sağlanan finansman çözümüdür.",rule_based_source,2026-08-12T11:10:22+00:00
2109,565,transaction_structure,İşlem / Finansman Yapısı,Taksitli finansman,Anasayfa Isim Için Içerik Finansmanlar Nakdi Finansman Taksitli Ticari Finansman Taksitli Ticari Finansman Nedir ?,product_identity,2026-08-12T11:10:22+00:00
2110,565,target_segment,Hedef Kitle,Ticari,scope=ticari,structured_scope,2026-08-12T11:10:22+00:00
2111,566,target_segment,Hedef Kitle,Bireysel,scope=bireysel,structured_scope,2026-08-12T11:10:22+00:00
2112,566,digital_process,Dijital İşlem,Evet,Akıllı telefonunuzda veya tabletinizde yüklü Kuveyt Türk Mobil uygulamasını açın.,rule_based_source,2026-08-12T11:10:22+00:00
2113,566,application_channel,Başvuru / Kanal,Mobil,Akıllı telefonunuzda veya tabletinizde yüklü Kuveyt Türk Mobil uygulamasını açın.,rule_based_source,2026-08-12T11:10:22+00:00
2114,567,target_segment,Hedef Kitle,Bireysel,scope=bireysel,structured_scope,2026-08-12T11:10:22+00:00
2115,568,target_segment,Hedef Kitle,Bireysel,scope=bireysel,structured_scope,2026-08-12T11:10:22+00:00
2116,569,target_segment,Hedef Kitle,Bireysel,scope=bireysel,structured_scope,2026-08-12T11:10:22+00:00
2117,569,digital_process,Dijital İşlem,Evet,Müşterimiz olmayan ve finansman başvurusu onaylanan müşterilerimiz görüntülü görüşme üzerinden Kuveyt Türk müşterisi olduktan sonra Kuveyt Türk Mobil üzerinden işlemini tamamlayabilirler.,rule_based_source,2026-08-12T11:10:22+00:00
2118,569,application_channel,Başvuru / Kanal,Mobil,Müşterimiz olmayan ve finansman başvurusu onaylanan müşterilerimiz görüntülü görüşme üzerinden Kuveyt Türk müşterisi olduktan sonra Kuveyt Türk Mobil üzerinden işlemini tamamlayabilirler.,rule_based_source,2026-08-12T11:10:22+00:00
2119,570,target_segment,Hedef Kitle,Bireysel,scope=bireysel,structured_scope,2026-08-12T11:10:22+00:00
2120,570,digital_process,Dijital İşlem,Evet,Finansman başvurusu onaylanan müşterilerimiz mağaza çalışanı tarafından kendisine gösterilen karekod veya Kuveyt Türk Mobil üzerinden sözleşmeleri onaylayarak finansman başvuru işlemini tamamlayabilirler.,rule_based_source,2026-08-12T11:10:22+00:00
2121,570,application_channel,Başvuru / Kanal,Mobil,Finansman başvurusu onaylanan müşterilerimiz mağaza çalışanı tarafından kendisine gösterilen karekod veya Kuveyt Türk Mobil üzerinden sözleşmeleri onaylayarak finansman başvuru işlemini tamamlayabilirler.,rule_based_source,2026-08-12T11:10:22+00:00
2122,571,target_segment,Hedef Kitle,Bireysel,scope=bireysel,structured_scope,2026-08-12T11:10:22+00:00
2123,572,target_segment,Hedef Kitle,Bireysel,scope=bireysel,structured_scope,2026-08-12T11:10:22+00:00
2124,572,digital_process,Dijital İşlem,Evet,Kuveyt Türk müşterisi değilseniz Kuveyt Türk Mobil üzerinden görüntülü görüşmeyle müşterimiz olduktan sonra Trendyol mobil uygulamasından Alışveriş Finansmanı başvurusunda bulunabilirsiniz.,rule_based_source,2026-08-12T11:10:22+00:00
2125,572,application_channel,Başvuru / Kanal,Mobil,Kuveyt Türk müşterisi değilseniz Kuveyt Türk Mobil üzerinden görüntülü görüşmeyle müşterimiz olduktan sonra Trendyol mobil uygulamasından Alışveriş Finansmanı başvurusunda bulunabilirsiniz.,rule_based_source,2026-08-12T11:10:22+00:00
2126,573,target_segment,Hedef Kitle,Bireysel,scope=bireysel,structured_scope,2026-08-12T11:10:22+00:00
2127,573,application_channel,Başvuru / Kanal,İnternet Şubesi · Mobil,"Kuveyt Türk Mobil , İnternet Şube ve web sitemiz üzerinden kolayca başvuru yapabilirsiniz.",rule_based_source,2026-08-12T11:10:22+00:00
2128,574,target_segment,Hedef Kitle,Bireysel,scope=bireysel,structured_scope,2026-08-12T11:10:22+00:00
2129,574,application_channel,Başvuru / Kanal,Mobil,Kuveyt Türk Mobil aracılığıyla şubeye gitmeden araç finansmanı kullanabilirsiniz.,rule_based_source,2026-08-12T11:10:22+00:00
2130,574,security_type,Teminat / Güvence,Rehin,"Bu koşula uygun olarak limitler şu şekildedir: Sıfır araçlarda satış, ikinci elde kasko değerleri 400 bin TL ve altında olan motorlu taşıtlar için maksimum %70 Değeri 400.001 ila 800.000 TL aralığındaki araçlar için maksimum %50 Değeri 800.001 ila 1.200.000 TL aralığındaki araçlar için maksimum %30 Değeri 1.200.001 ila 2.000.000 TL aralığındaki araçlar için maksimum %20 Araç Finansmanı türlerinde rehin koyma uygulaması zorunlu mu?",rule_based_source,2026-08-12T11:10:22+00:00
2131,575,target_segment,Hedef Kitle,Bireysel,scope=bireysel,structured_scope,2026-08-12T11:10:22+00:00
2132,575,digital_process,Dijital İşlem,Evet,Kuveyt Türk Mobil üzerinden dakikalar içerisinde Dijital Araç Finansmanı'na başvurabilirsiniz.,rule_based_source,2026-08-12T11:10:22+00:00
2133,575,application_channel,Başvuru / Kanal,Mobil,Dijital Araç Finansmanı fırsatlarından yararlanmak için Kuveyt Türk Mobil ’i telefonunuza şimdi indirebilirsiniz!,rule_based_source,2026-08-12T11:10:22+00:00
2134,575,security_type,Teminat / Güvence,Rehin,Bu koşula uygun olarak finansman desteği limitleri şu şekilde sıralanır: Satış / kasko değeri 400 bin TL ve altında olan araçlar için maksimum %70 Değeri 400.001 ila 800.000 TL aralığındaki araçlar için maksimum %50 Değeri 800.001 ila 1.200.000 TL aralığındaki araçlar için maksimum %30 Değeri 1.200.001 ila 2.000.000 TL aralığındaki araçlar için maksimum %20 Araç finansmanlarında araca rehin konulması zorunlu mudur?,rule_based_source,2026-08-12T11:10:22+00:00
2135,576,target_segment,Hedef Kitle,Bireysel,scope=bireysel,structured_scope,2026-08-12T11:10:22+00:00
2136,576,currency,Para Birimi,TL,Fatura değeri 30.000 TL ve üzerinde olan motosikletler için mobil şube üzerinden başvuru yapılabilir.,rule_based_source,2026-08-12T11:10:22+00:00
2137,576,digital_process,Dijital İşlem,Evet,"Hemen Başvur Dijital Motosiklet Finansmanı, Kuveyt Türk Mobil üzerinden başvurabileceğiniz, finansman işlemlerinizin hızlıca tamamlanmasına imkan veren bir motosiklet finansmanıdır.",rule_based_source,2026-08-12T11:10:22+00:00
2138,576,application_channel,Başvuru / Kanal,Mobil,"Hemen Başvur Dijital Motosiklet Finansmanı, Kuveyt Türk Mobil üzerinden başvurabileceğiniz, finansman işlemlerinizin hızlıca tamamlanmasına imkan veren bir motosiklet finansmanıdır.",rule_based_source,2026-08-12T11:10:22+00:00
2139,577,target_segment,Hedef Kitle,Bireysel,scope=bireysel,structured_scope,2026-08-12T11:10:22+00:00
2140,577,application_channel,Başvuru / Kanal,Mobil,"Kuveyt Türk Mobil aracılığıyla Motosiklet Finansmanı başvurunuzu nerede olursanız olun, anında yapabilirsiniz.",rule_based_source,2026-08-12T11:10:22+00:00
2141,578,target_segment,Hedef Kitle,Bireysel,scope=bireysel,structured_scope,2026-08-12T11:10:22+00:00
2142,578,digital_process,Dijital İşlem,Evet,Kuveyt Türk Mobil üzerinden görüntülü görüşme yaparak hızlıca müşterimiz olabilirsiniz.,rule_based_source,2026-08-12T11:10:22+00:00
2143,578,application_channel,Başvuru / Kanal,Mobil,Kuveyt Türk Mobil üzerinden görüntülü görüşme yaparak hızlıca müşterimiz olabilirsiniz.,rule_based_source,2026-08-12T11:10:22+00:00
2144,579,target_segment,Hedef Kitle,Bireysel,scope=bireysel,structured_scope,2026-08-12T11:10:22+00:00
2145,580,usage_purpose,Kullanım Amacı,İşletmenin finansman ihtiyacının karşılanması,Gayri nakdi finansman ihtiyacınızı Kuveyt Türk’ten alacağınız Akreditifler ile karşılayabilirsiniz.,rule_based_source,2026-08-12T11:10:22+00:00
2146,580,target_segment,Hedef Kitle,Ticari · İthalatçılar · İhracatçılar,Akreditifler Hakkında Sıkça Sorulan Sorular Akreditif’in ihracatçılar ve ithalatçılar için avantajları nelerdir?,source_and_structured_scope,2026-08-12T11:10:22+00:00
2147,580,foreign_trade,Dış Ticaret,Evet,Akreditifler Hakkında Sıkça Sorulan Sorular Akreditif’in ihracatçılar ve ithalatçılar için avantajları nelerdir?,rule_based_source,2026-08-12T11:10:22+00:00
2148,580,application_channel,Başvuru / Kanal,İnternet Şubesi,Ana Sayfa İşim İçin Finansman Ürünleri Gayri Nakdi Finansman Akreditifler Teminat Mektupları Referans Mektupları Akreditifler Doğrudan Borçlandırma Sistemi Kabul-Aval Kredileri Akreditifler Kuveyt Türk İnternet Şube üzerinden Akreditif başvuru sürecini zamandan tasarruf ederek kolayca tamamlayabilirsiniz.,rule_based_source,2026-08-12T11:10:22+00:00
2149,581,target_segment,Hedef Kitle,Ticari,scope=ticari,structured_scope,2026-08-12T11:10:22+00:00
2150,581,application_channel,Başvuru / Kanal,Şube,Doğrudan Borçlandırma Sistemi’ne dâhil olmak için size en yakın Kuveyt Türk şubesine başvuruda bulunabilirsiniz.,rule_based_source,2026-08-12T11:10:22+00:00
2151,582,usage_purpose,Kullanım Amacı,Dış ticaret işlemleri,Ana Sayfa İşim İçin Finansman Ürünleri Gayri Nakdi Finansman Kabul-Aval Kredileri Teminat Mektupları Referans Mektupları Akreditifler Doğrudan Borçlandırma Sistemi Kabul-Aval Kredileri Kabul-Aval Kredileri Kabul-Aval Kredileri ile dış ticaret işlemlerinizde esneklik ve güven avantajı elde edebilirsiniz.,rule_based_source,2026-08-12T11:10:22+00:00
2152,582,transaction_structure,İşlem / Finansman Yapısı,Kabul / Aval,Ana Sayfa İşim İçin Finansman Ürünleri Gayri Nakdi Finansman Kabul-Aval Kredileri Teminat Mektupları Referans Mektupları Akreditifler Doğrudan Borçlandırma Sistemi Kabul-Aval Kredileri Kabul-Aval Kredileri Kabul-Aval Kredileri ile dış ticaret işlemlerinizde esneklik ve güven avantajı elde edebilirsiniz.,product_identity,2026-08-12T11:10:22+00:00
2153,582,target_segment,Hedef Kitle,Ticari,scope=ticari,structured_scope,2026-08-12T11:10:22+00:00
2154,582,foreign_trade,Dış Ticaret,Evet,Ana Sayfa İşim İçin Finansman Ürünleri Gayri Nakdi Finansman Kabul-Aval Kredileri Teminat Mektupları Referans Mektupları Akreditifler Doğrudan Borçlandırma Sistemi Kabul-Aval Kredileri Kabul-Aval Kredileri Kabul-Aval Kredileri ile dış ticaret işlemlerinizde esneklik ve güven avantajı elde edebilirsiniz.,rule_based_source,2026-08-12T11:10:22+00:00
2155,582,security_type,Teminat / Güvence,Banka garantisi,"Ödemelerinizin Kuveyt Türk garantisi altına alınması, dış ticaret işlemlerinde size esneklik ve güven avantajı sağlar.",rule_based_source,2026-08-12T11:10:22+00:00
2156,582,repayment_structure,Ödeme / Kullanım Yapısı,Vadeli,Kabul-Aval Kredisi Özellikleri Kabul-Aval Kredisi kapsamında ihracatçınıza ödeme poliçe vadesinde yapılır.,rule_based_source,2026-08-12T11:10:22+00:00
2157,583,usage_purpose,Kullanım Amacı,Kredibilite / referans sunumu,Kuveyt Türk Referans Mektupları aracılığıyla gayri nakdi finansman ihtiyacınızı karşılayın!,rule_based_source,2026-08-12T11:10:22+00:00
2158,583,transaction_structure,İşlem / Finansman Yapısı,Referans mektubu,Kuveyt Türk Referans Mektupları aracılığıyla gayri nakdi finansman ihtiyacınızı karşılayın!,product_identity,2026-08-12T11:10:22+00:00
2159,583,target_segment,Hedef Kitle,Ticari · İşletmeler,Referans Mektupları ile işletmenizin Kuveyt Türk nezdindeki kredibilitesinin muhatap kurum tarafından değerlendirilmesini sağlayabilirsiniz.,source_and_structured_scope,2026-08-12T11:10:22+00:00
2160,583,currency,Para Birimi,TL / Yabancı Para,Referans Mektupları’nın TL veya döviz cinsinden düzenlenmesini talep edebilirsiniz.,rule_based_source,2026-08-12T11:10:22+00:00
2161,583,digital_process,Dijital İşlem,Evet,Dijital kanallardan Referans Mektupları başvurusu gerçekleştirme kolaylığından yararlanmak için hemen Kuveyt Türk Mobil üzerinden müşterimiz olun!,rule_based_source,2026-08-12T11:10:22+00:00
2162,583,application_channel,Başvuru / Kanal,İnternet Şubesi · Mobil,"Referans Mektupları ile ilgili başvurularınızı, Kuveyt Türk Mobil veya İnternet Şube üzerinden gerçekleştirip zamandan kazanabilirsiniz.",rule_based_source,2026-08-12T11:10:22+00:00
2163,584,usage_purpose,Kullanım Amacı,Ticari yükümlülüklerin güvence altına alınması,"Teminat mektubu, yurt içinde/dışında yerleşik gerçek ve tüzel Kuveyt Türk müşterileri lehine bir malın teslimi, işin yapılması, borcun ödenmesi gibi konularda muhatap kuruluşa hitaben bankamızca verilen taahhüttür.",rule_based_source,2026-08-12T11:10:22+00:00
2164,584,transaction_structure,İşlem / Finansman Yapısı,Teminat mektubu,"Hemen Başvur Kuveyt Türk Teminat Mektupları ile ticari güvenilirliğinizi artırma, iş hacminizi ve karlılığınızı yükseltme olanağı bulabilirsiniz....",product_identity,2026-08-12T11:10:22+00:00
2165,584,target_segment,Hedef Kitle,Ticari,scope=ticari,structured_scope,2026-08-12T11:10:22+00:00
2166,584,currency,Para Birimi,TL / Yabancı Para,"Teminat Mektubu Özellikleri Teminat Mektubu’nun TL veya yabancı para cinsinden, süreli / süresiz düzenlenmesini talep edebilirsiniz.",rule_based_source,2026-08-12T11:10:22+00:00
2167,584,digital_process,Dijital İşlem,Evet,Teminat Mektubu başvurularınızı Kuveyt Türk İnternet Şube ve Kuveyt Türk Mobil üzerinden online olarak hızlıca yapabilirsiniz.,rule_based_source,2026-08-12T11:10:22+00:00
2168,584,foreign_trade,Dış Ticaret,Evet,"Teminat Mektubu’nun konusu talebiniz doğrultusunda mal alımı, bayilik teminatı, taahhüt işleri, gümrük, mahkeme, vergi dairesi işlemleri ile ilgili olabilir.",rule_based_source,2026-08-12T11:10:22+00:00
2169,584,application_channel,Başvuru / Kanal,İnternet Şubesi · Mobil,Teminat Mektubu başvurularınızı Kuveyt Türk İnternet Şube ve Kuveyt Türk Mobil üzerinden online olarak hızlıca yapabilirsiniz.,rule_based_source,2026-08-12T11:10:22+00:00
2170,585,target_segment,Hedef Kitle,Bireysel,scope=bireysel,structured_scope,2026-08-12T11:10:22+00:00
2171,585,application_channel,Başvuru / Kanal,Şube,Hak sahipliği belgeniz varsa 2B (orman vasfını yitirmiş) araziler için kolayca size en yakın Kuveyt Türk şubesine giderek finansmana başvurabilirsiniz.,rule_based_source,2026-08-12T11:10:22+00:00
2172,586,target_segment,Hedef Kitle,Bireysel,scope=bireysel,structured_scope,2026-08-12T11:10:22+00:00
2173,586,application_channel,Başvuru / Kanal,Şube,Yatırım fırsatlarını kaçırmamak için hemen bir Kuveyt Türk şubesine uğrayarak Arsa Finansmanı başvuru talebinizi oluşturun!,rule_based_source,2026-08-12T11:10:22+00:00
2174,587,target_segment,Hedef Kitle,Bireysel,scope=bireysel,structured_scope,2026-08-12T11:10:22+00:00
2175,587,currency,Para Birimi,TL / Yabancı Para,"Ardından cazip kâr oranları ve avantajlı vade seçenekleri ile bu finansmana başvurabilirsiniz Gurbetten Sılaya Gayrimenkul Finansmanı Özellikleri Avantajlı geri ödeme seçenekleri bulunan Gurbetten Sılaya Gayrimenkul Finansmanı’nın özellikleri şunlardır: Gurbetten Sılaya Gayrimenkul Finansmanı, özel şartlı bir konut finansmanı türüdür, hem TL hem de döviz cinsinden finansman kullanılabilir.",rule_based_source,2026-08-12T11:10:22+00:00
2176,587,security_type,Teminat / Güvence,İpotek,Gurbetten Sılaya Gayrimenkul Finansmanı kullandığımda ev ipotek altına alınır mı?,rule_based_source,2026-08-12T11:10:22+00:00
2177,588,target_segment,Hedef Kitle,Bireysel,scope=bireysel,structured_scope,2026-08-12T11:10:22+00:00
2178,588,application_channel,Başvuru / Kanal,Şube,Konut Finansmanı’na kolayca başvuru yapmak için size en yakın Kuveyt Türk şubesine giderek işlemlerinizin hızlıca tamamlanmasını sağlayabilirsiniz.,rule_based_source,2026-08-12T11:10:22+00:00
2179,588,security_type,Teminat / Güvence,İpotek,Konut Finansmanı kullandığımda ev ipotek altına alınır mı?,rule_based_source,2026-08-12T11:10:22+00:00
2180,589,target_segment,Hedef Kitle,Bireysel,scope=bireysel,structured_scope,2026-08-12T11:10:22+00:00
2181,589,digital_process,Dijital İşlem,Evet,"Henüz Kuveyt Türklü değilseniz, Kuveyt Türk Mobil üzerinden hızlı ve pratik şekilde uzaktan hesap açılışı yaparak müşterilerimiz arasına katılabilirsiniz.",rule_based_source,2026-08-12T11:10:22+00:00
2182,589,application_channel,Başvuru / Kanal,Mobil,"Henüz Kuveyt Türklü değilseniz, Kuveyt Türk Mobil üzerinden hızlı ve pratik şekilde uzaktan hesap açılışı yaparak müşterilerimiz arasına katılabilirsiniz.",rule_based_source,2026-08-12T11:10:22+00:00
2183,590,target_segment,Hedef Kitle,Bireysel,scope=bireysel,structured_scope,2026-08-12T11:10:22+00:00
2184,590,application_channel,Başvuru / Kanal,Mobil,"Eğer Kuveyt Türk müşterisi değilseniz, Kuveyt Türk Mobil ile hızlıca müşteri olabilir ve avantajlı kâr oranları ile hayallerinizdeki evi edinmek için finansman başvurusunda bulunabilirsiniz.",rule_based_source,2026-08-12T11:10:22+00:00
2185,590,security_type,Teminat / Güvence,İpotek,İlk Evim Konut Finansmanı kullandığımda ev ipotek altına alınır mı?,rule_based_source,2026-08-12T11:10:22+00:00
2186,591,usage_purpose,Kullanım Amacı,İşletmenin finansman ihtiyacının karşılanması,"İş Yeri Finansmanı; ofis, dükkan, mağaza, depo, atölye veya ticari kullanım amaçlı gayrimenkullerin satın alımı için sunduğumuz finansman çözümüdür.",rule_based_source,2026-08-12T11:10:22+00:00
2187,591,target_segment,Hedef Kitle,Bireysel,scope=bireysel,structured_scope,2026-08-12T11:10:22+00:00
2188,592,target_segment,Hedef Kitle,Ticari · İşletmeler,Leasing'e Konu Ürünler ve KDV Oranları Leasing Finansmanına konu ürünler KDV Avantajı ile işletmenizin yatırımlarına kolaylık sunmaktadır.,source_and_structured_scope,2026-08-12T11:10:22+00:00
2189,592,foreign_trade,Dış Ticaret,Evet,Ana Sayfa İşim İçin Leasing Finansman Ürünleri Kartlar ve POS Nakit Yönetimi Dış Ticaret Sigorta ve Emeklilik Yatırım Leasing Tarım Bankacılığı Esnaf ve KOBİ'ler Diğer Ürün ve Hizmetlerimiz Sürdürülebilir Ürünler Leasing Leasing Nedir?,rule_based_source,2026-08-12T11:10:22+00:00
2190,593,target_segment,Hedef Kitle,Ticari · İşletmeler,"Çatı GES Finansmanı, işletmenizde öz tüketim amacı ile kullanacağınız elektriği üretebilmenize olanak tanır.",source_and_structured_scope,2026-08-12T11:10:22+00:00
2191,594,target_segment,Hedef Kitle,Bireysel,scope=bireysel,structured_scope,2026-08-12T11:10:22+00:00
2192,594,digital_process,Dijital İşlem,Evet,"Henüz müşterimiz değilseniz, Kuveyt Türk Mobil üzerinden hızlıca Kuveyt Türklü olabilirsiniz.",rule_based_source,2026-08-12T11:10:22+00:00
2193,594,application_channel,Başvuru / Kanal,Mobil,"Henüz müşterimiz değilseniz, Kuveyt Türk Mobil üzerinden hızlıca Kuveyt Türklü olabilirsiniz.",rule_based_source,2026-08-12T11:10:22+00:00
2194,595,usage_purpose,Kullanım Amacı,Tarımsal ürün karşılığı finansman,Ana Sayfa İşim İçin Tarım Bankacılığı Tarım ve Hayvancılık Finansmanı Sağlam Tohum Kart Tarım ve Hayvancılık Sektörüne Özel Kampanyalar Tarım POS Tarım ve Hayvancılık Finansmanı Çiftçilere Uzaktan Hesap Açılışı Tarsim Elektronik Ürün Senedi (ELÜS) Teminatlı Finansman Tarım ve Hayvancılık Finansmanı Tarım ve Hayvancılık Finansmanı'na dijital kanallarımız üzerinden hızlı ön başvurada bulunabilirsiniz.,rule_based_source,2026-08-12T11:10:22+00:00
2195,595,target_segment,Hedef Kitle,Ticari · Çiftçiler,Ana Sayfa İşim İçin Tarım Bankacılığı Tarım ve Hayvancılık Finansmanı Sağlam Tohum Kart Tarım ve Hayvancılık Sektörüne Özel Kampanyalar Tarım POS Tarım ve Hayvancılık Finansmanı Çiftçilere Uzaktan Hesap Açılışı Tarsim Elektronik Ürün Senedi (ELÜS) Teminatlı Finansman Tarım ve Hayvancılık Finansmanı Tarım ve Hayvancılık Finansmanı'na dijital kanallarımız üzerinden hızlı ön başvurada bulunabilirsiniz.,source_and_structured_scope,2026-08-12T11:10:22+00:00
2196,595,currency,Para Birimi,TL / Yabancı Para,"Tarım ve Hayvancılık Finansmanı Özellikleri TL, Dolar, Euro cinsinden finansman kullanabilirsiniz.",rule_based_source,2026-08-12T11:10:22+00:00
2197,595,security_type,Teminat / Güvence,ELÜS,Ana Sayfa İşim İçin Tarım Bankacılığı Tarım ve Hayvancılık Finansmanı Sağlam Tohum Kart Tarım ve Hayvancılık Sektörüne Özel Kampanyalar Tarım POS Tarım ve Hayvancılık Finansmanı Çiftçilere Uzaktan Hesap Açılışı Tarsim Elektronik Ürün Senedi (ELÜS) Teminatlı Finansman Tarım ve Hayvancılık Finansmanı Tarım ve Hayvancılık Finansmanı'na dijital kanallarımız üzerinden hızlı ön başvurada bulunabilirsiniz.,rule_based_source,2026-08-12T11:10:22+00:00
2198,596,usage_purpose,Kullanım Amacı,Yurt içi finansman ihtiyaçlarının karşılanması,Yurt içi finansman ihtiyaçlarınız için Online Finansman başvurunuzu hemen gerçekleştirin.,rule_based_source,2026-08-12T11:10:22+00:00
2199,596,target_segment,Hedef Kitle,Ticari,scope=ticari,structured_scope,2026-08-12T11:10:22+00:00
2200,596,currency,Para Birimi,TL / Yabancı Para,"TL, Dolar ve Euro cinsinden finansman olanağından yararlanabilirsiniz.",rule_based_source,2026-08-12T11:10:22+00:00
2201,596,digital_process,Dijital İşlem,Evet,Online Finansman; şubeye gitmenize gerek kalmadan güncel limit ve teminat bilgilerine anında ulaşabileceğiniz ve yurt içi finansman ihtiyaçlarını İnternet Şube ve Kuveyt Türk Mobil üzerinden self servis olarak karşılayabileceğiniz Kuveyt Türk ürünüdür.,rule_based_source,2026-08-12T11:10:22+00:00
2202,596,application_channel,Başvuru / Kanal,İnternet Şubesi · Mobil,Online Finansman; şubeye gitmenize gerek kalmadan güncel limit ve teminat bilgilerine anında ulaşabileceğiniz ve yurt içi finansman ihtiyaçlarını İnternet Şube ve Kuveyt Türk Mobil üzerinden self servis olarak karşılayabileceğiniz Kuveyt Türk ürünüdür.,rule_based_source,2026-08-12T11:10:22+00:00
2203,597,usage_purpose,Kullanım Amacı,Savunma sanayii tedarikçilerinin yatırım ve finansman ihtiyaçlarının desteklenmesi,"lığı Finansman Destek Paketi Savunma Sanayii Başkanlığı Finansman Destek Paketi Kuveyt Türk’ten Savunma Sanayi Tedarikçilerine Stratejik Destek Millî Teknoloji Hamlesi kapsamında, tedarik ekosistemine yönelik yatırımları desteklemek amacıyla, Savunma Sanayii Başkanlığı ile Leasing finansmanı ve İşletme finansmanı destek programı oluşturulmuştur. Destek Paketi kapsamında; 500 Milyon Euro Leasing Finansmanı 100 Milyon Euro İşletme Finansmanı olmak üz",rule_based_source,2026-08-12T11:10:22+00:00
2204,597,target_segment,Hedef Kitle,Ticari · KOBİ,"Destek Paketi Detayları Savunma Sanayii Başkanlığı tarafından belirlenen, savunma sanayiine yönelik faaliyette bulunan, Eydep Sertifikasına sahip Ticari ve KOBİ ölçekli firmalar yararlanabilecektir.",source_and_structured_scope,2026-08-12T11:10:22+00:00
2205,597,repayment_structure,Ödeme / Kullanım Yapısı,Leasing: azami 60 ay · İşletme Finansmanı: azami 12 ay,"da değerlendirilen A, B ve C sertifikasına sahip firma olma şartı aranmaktadır. Leasing Finansman paketi, şirketin kredibilitesine göre 12 aya kadar varan anapara geri ödemesiz bir dönem içermekte olup, toplamda 60 aya kadar vadelerle sunulacaktır. %0,49 komisyon ve 6,29’dan başlayan yıllık kar payı oranı ile leasing finansmanı, EURO cinsinden müşterilerin kullanımına açılacaktır. TL geri ödemeli Leasing işlemlerinde 12-24-36-48-60 eşit taksit seçenekleri ile finansman sağlanabilecektir. İşletme",rule_based_source,2026-08-12T11:10:22+00:00
2206,598,usage_purpose,Kullanım Amacı,İşletme yatırımı / mal ve hizmet finansmanı,"Arsa, araç, iş yeri, makine teçhizat, ekipman gibi ürünleriniz için bu finansmandan yararlanabilirsiniz.",rule_based_source,2026-08-12T11:10:22+00:00
2207,598,transaction_structure,İşlem / Finansman Yapısı,Taksitli finansman,İşletmenize uygun esnek ödeme olanakları sunan Taksitli Ticari Finansman desteğinden yararlanmak için hemen başvurunuzu gerçekleştirin.,product_identity,2026-08-12T11:10:22+00:00
2208,598,target_segment,Hedef Kitle,Ticari · İşletmeler,Taksitli Ticari Finansman; işletmenizin yatırım planları doğrultusunda edineceği varlıkların fonlamasını yapabilmenizi sağlayan Kuveyt Türk ürünüdür.,source_and_structured_scope,2026-08-12T11:10:22+00:00
2209,598,currency,Para Birimi,TL / Yabancı Para,"Taksitli Ticari Finansman Özellikleri TL, Dolar ve Euro cinsinden finansman imkânından yararlanabilirsiniz.",rule_based_source,2026-08-12T11:10:22+00:00
2210,598,application_channel,Başvuru / Kanal,İnternet Şubesi · Şube,"Dilerseniz, İnternet Şube üzerinden Online Finansman yoluyla da başvuru yapabilirsiniz.",rule_based_source,2026-08-12T11:10:22+00:00
2211,598,repayment_structure,Ödeme / Kullanım Yapısı,Esnek ödeme · Taksitli,İşletmenize uygun esnek ödeme olanakları sunan Taksitli Ticari Finansman desteğinden yararlanmak için hemen başvurunuzu gerçekleştirin.,rule_based_source,2026-08-12T11:10:22+00:00
2212,599,usage_purpose,Kullanım Amacı,İşletmenin finansman ihtiyacının karşılanması,"Kuveyt Türk, hızlı ve kolay finansman çözümleriyle Nakit finansmana ihtiyaç duyan şirketlerin her an yanında!",rule_based_source,2026-08-12T11:10:22+00:00
2213,599,target_segment,Hedef Kitle,Ticari,scope=ticari,structured_scope,2026-08-12T11:10:22+00:00
2214,599,application_channel,Başvuru / Kanal,Şube,Size en yakın Kuveyt Türk şubesine başvurup gerekli sözleşmeleri imzalayarak süreci başlatabilirsiniz.,rule_based_source,2026-08-12T11:10:22+00:00
2215,600,usage_purpose,Kullanım Amacı,İşletme nakit akışının desteklenmesi,İşletme Finansmanı Özellikleri • Nakit akışına uygun ödemesiz dönem ve esnek geri ödeyebilme imkânından yararlanabilirsiniz.,rule_based_source,2026-08-12T11:10:22+00:00
2216,600,target_segment,Hedef Kitle,Ticari · İşletmeler,"• Ödemelerinizi, işletmenizin nakit akışına uygun olacak şekilde yapabilirsiniz.",source_and_structured_scope,2026-08-12T11:10:22+00:00
2217,600,foreign_trade,Dış Ticaret,Evet,• İhracat ve ithalat yapan firmanız için ihracat taahhüdüne istinaden Yabancı Para (YP) kredisinden yararlanabilirsiniz.,rule_based_source,2026-08-12T11:10:22+00:00
2218,600,application_channel,Başvuru / Kanal,Mobil · Şube,"Kuveyt Türk müşterisi değilseniz, Kuveyt Türk Mobil'i indirerek müşterimiz olabilir ve İşletme Finansmanı'ndan hızlıca yararlanabilirsiniz.",rule_based_source,2026-08-12T11:10:22+00:00
2219,601,target_segment,Hedef Kitle,Bireysel,scope=bireysel,structured_scope,2026-08-12T11:10:22+00:00
2220,602,target_segment,Hedef Kitle,Bireysel,scope=bireysel,structured_scope,2026-08-12T11:10:22+00:00
2221,603,target_segment,Hedef Kitle,Bireysel,scope=bireysel,structured_scope,2026-08-12T11:10:22+00:00
2222,604,target_segment,Hedef Kitle,Bireysel,scope=bireysel,structured_scope,2026-08-12T11:10:22+00:00
2223,605,target_segment,Hedef Kitle,Bireysel,scope=bireysel,structured_scope,2026-08-12T11:10:22+00:00
2224,605,digital_process,Dijital İşlem,Evet,Kuveyt Türk Mobil üzerinden dakikalar içerisinde Kazançlı Fon Finansmanı'na başvurabilir veya dilerseniz size en yakın Kuveyt Türk şubesinden başvuru yapabilirsiniz.,rule_based_source,2026-08-12T11:10:22+00:00
2225,605,application_channel,Başvuru / Kanal,Mobil · Şube,Kuveyt Türk Mobil üzerinden dakikalar içerisinde Kazançlı Fon Finansmanı'na başvurabilir veya dilerseniz size en yakın Kuveyt Türk şubesinden başvuru yapabilirsiniz.,rule_based_source,2026-08-12T11:10:22+00:00
2226,606,target_segment,Hedef Kitle,Bireysel,scope=bireysel,structured_scope,2026-08-12T11:10:22+00:00
2227,606,digital_process,Dijital İşlem,Evet,Eğer müşterimiz değilseniz Kuveyt Türk Mobil üzerinden Kuveyt Türklü olmanın ayrıcalığından hemen yararlanın.,rule_based_source,2026-08-12T11:10:22+00:00
2228,606,application_channel,Başvuru / Kanal,Mobil,Eğer müşterimiz değilseniz Kuveyt Türk Mobil üzerinden Kuveyt Türklü olmanın ayrıcalığından hemen yararlanın.,rule_based_source,2026-08-12T11:10:22+00:00
2229,607,target_segment,Hedef Kitle,Bireysel,scope=bireysel,structured_scope,2026-08-12T11:10:22+00:00
2230,608,target_segment,Hedef Kitle,Bireysel,scope=bireysel,structured_scope,2026-08-12T11:10:22+00:00
2231,609,target_segment,Hedef Kitle,Bireysel,scope=bireysel,structured_scope,2026-08-12T11:10:22+00:00
2232,609,digital_process,Dijital İşlem,Evet,Hayat Finans Mobil uygulamasına giriş yapıp ana sayfada bulunan Bana Bunu Al butonuna tıklayın.,rule_based_source,2026-08-12T11:10:22+00:00
2233,609,application_channel,Başvuru / Kanal,Mobil,Hayat Finans Mobil uygulamasına giriş yapıp ana sayfada bulunan Bana Bunu Al butonuna tıklayın.,rule_based_source,2026-08-12T11:10:22+00:00
2234,610,target_segment,Hedef Kitle,Bireysel,scope=bireysel,structured_scope,2026-08-12T11:10:22+00:00
2235,610,digital_process,Dijital İşlem,Evet,Kredi* (finansman) taksit ödemelerinizi sadece Hayat Finans Mobil uygulamamız üzerinden gerçekleştirebilirsiniz.,rule_based_source,2026-08-12T11:10:22+00:00
2236,610,application_channel,Başvuru / Kanal,Mobil,Kredi* (finansman) taksit ödemelerinizi sadece Hayat Finans Mobil uygulamamız üzerinden gerçekleştirebilirsiniz.,rule_based_source,2026-08-12T11:10:22+00:00
2237,611,transaction_structure,İşlem / Finansman Yapısı,Teminat mektubu,E-Teminat Mektubu Hayat Finans E-Teminat Mektubu ile yurt içi iş birliklerinizi güvence altına alın!,product_identity,2026-08-12T11:10:22+00:00
2238,611,target_segment,Hedef Kitle,Ticari,scope=ticari,structured_scope,2026-08-12T11:10:22+00:00
2239,611,currency,Para Birimi,TL / Yabancı Para,E-Teminat Mektubu Özellikleri E-teminat mektubunu TL veya döviz cinsi üzerinden süreli ya da süresiz olmak üzere düzenleyebilirsiniz.,rule_based_source,2026-08-12T11:10:22+00:00
2240,611,foreign_trade,Dış Ticaret,Evet,"Mal alımı, taahhüt, gümrük, bayilik teminatı, mahkeme veya vergi dairesi işlemleriyle ilgili konular dâhilinde hazırlayabilirsiniz.",rule_based_source,2026-08-12T11:10:22+00:00
2241,612,usage_purpose,Kullanım Amacı,Küçük işletmelerin finansman ihtiyacının karşılanması,"Mikro Finansman Küçük işletmeler için hızlı, pratik ve kesintisiz finansman çözümleri ile yanınızdayız!",rule_based_source,2026-08-12T11:10:22+00:00
2242,612,target_segment,Hedef Kitle,Ticari · İşletmeler,"Mikro Finansman Küçük işletmeler için hızlı, pratik ve kesintisiz finansman çözümleri ile yanınızdayız!",source_and_structured_scope,2026-08-12T11:10:22+00:00
2243,613,usage_purpose,Kullanım Amacı,İşletmenin finansman ihtiyacının karşılanması,"Ticari Finansman Firmanıza özel, ticari faaliyetlerinize uyum sağlayan esnek ve avantajlı finansman çözümlerinden faydalanın!",rule_based_source,2026-08-12T11:10:22+00:00
2244,613,target_segment,Hedef Kitle,Ticari,scope=ticari,structured_scope,2026-08-12T11:10:22+00:00
2245,614,usage_purpose,Kullanım Amacı,İşletme nakit akışının desteklenmesi,İşletme Finansmanı ile işinizi büyütün Hayat Finans ile işletmenizin nakit akışını destekleyecek finansmana hızlı ve kolay şekilde ulaşın.,rule_based_source,2026-08-12T11:10:22+00:00
2246,614,target_segment,Hedef Kitle,Ticari · İşletmeler,İşletme Finansmanı ile işinizi büyütün Hayat Finans ile işletmenizin nakit akışını destekleyecek finansmana hızlı ve kolay şekilde ulaşın.,source_and_structured_scope,2026-08-12T11:10:22+00:00
2247,615,target_segment,Hedef Kitle,Bireysel,scope=bireysel,structured_scope,2026-08-12T11:10:22+00:00
2830,616,target_segment,Hedef Kitle,Bireysel,scope=bireysel,structured_scope,2026-08-13T11:10:38+00:00
2831,616,digital_process,Dijital İşlem,Evet,"Hayalindeki sıfır ya da ikinci el arabaya kavuşmak için Dijital Taşıt Finansmanı başvurunu Mobil Şube üzerinden kolayca yap; şubeye gitmeden, sıra beklemeden tüm belgelerini yükle.",rule_based_source,2026-08-13T11:10:38+00:00
2832,616,application_channel,Başvuru / Kanal,Mobil · Şube,"Hayalindeki sıfır ya da ikinci el arabaya kavuşmak için Dijital Taşıt Finansmanı başvurunu Mobil Şube üzerinden kolayca yap; şubeye gitmeden, sıra beklemeden tüm belgelerini yükle.",rule_based_source,2026-08-13T11:10:38+00:00
2833,616,security_type,Teminat / Güvence,Rehin,Araç satış ve rehin işlemleri tamamlandıktan sonra ilgili belgeleri yine Mobil Şube üzerinden yükleyin.,rule_based_source,2026-08-13T11:10:38+00:00
2834,617,target_segment,Hedef Kitle,Bireysel,scope=bireysel,structured_scope,2026-08-13T11:10:38+00:00
2835,617,digital_process,Dijital İşlem,Evet,"Motosiklet Finansmanı (Motosiklet Kredisi)* geri ödemelerinizi Türkiye Finans İnternet Şubesi veya Mobil Şube üzerinden, hesabınızdaki bakiyeyi kullanarak ATM’lerimizden ve Türkiye Finans şubelerinden yapabilirsiniz.",rule_based_source,2026-08-13T11:10:38+00:00
2836,617,application_channel,Başvuru / Kanal,İnternet Şubesi · Mobil · Şube,"Motosiklet Finansmanı (Motosiklet Kredisi)* geri ödemelerinizi Türkiye Finans İnternet Şubesi veya Mobil Şube üzerinden, hesabınızdaki bakiyeyi kullanarak ATM’lerimizden ve Türkiye Finans şubelerinden yapabilirsiniz.",rule_based_source,2026-08-13T11:10:38+00:00
2837,617,security_type,Teminat / Güvence,Rehin,Motosiklet Finansmanı (Motosiklet Kredisi)* kullanmak için aşağıdaki teminatlardan birini kullanabilirsiniz: Alınacak aracın rehini Gayrimenkul ipoteği Nakit bloke teminatı Motosiklet Finansmanı (Motosiklet Kredisi)* Hesaplama Maliyet Tablosu Türkiye Finans Motosiklet Finansmanı (Motosiklet Kredisi)* ile dilediğiniz 0 ya da 2.,rule_based_source,2026-08-13T11:10:38+00:00
2838,618,transaction_structure,İşlem / Finansman Yapısı,Taksitli finansman,"Taksitli Ticari Araç / Taşıt Finansmanı (Taksitli Ticari Taşıt Kredisi)* Türkiye Finans tarafından binek oto (taksi), minibüs, kamyonet gibi ticari araçların alımı için sağlanan finansman desteğidir.",product_identity,2026-08-13T11:10:38+00:00
2839,618,target_segment,Hedef Kitle,Bireysel,scope=bireysel,structured_scope,2026-08-13T11:10:38+00:00
2840,618,digital_process,Dijital İşlem,Evet,"Geri ödemelerinizi Türkiye Finans İnternet Şubesi ve Mobil Şube üzerinden, hesabınızdaki bakiyeyi kullanarak ATM’lerimizden ve Türkiye Finans şubelerinden yapabilirsiniz.",rule_based_source,2026-08-13T11:10:38+00:00
2841,618,application_channel,Başvuru / Kanal,İnternet Şubesi · Mobil · Şube,"Geri ödemelerinizi Türkiye Finans İnternet Şubesi ve Mobil Şube üzerinden, hesabınızdaki bakiyeyi kullanarak ATM’lerimizden ve Türkiye Finans şubelerinden yapabilirsiniz.",rule_based_source,2026-08-13T11:10:38+00:00
2842,618,repayment_structure,Ödeme / Kullanım Yapısı,Taksitli,Taksitli Ticari Araç bedelinin ne kadarı için finansman kullanabilirim?,rule_based_source,2026-08-13T11:10:38+00:00
2843,619,target_segment,Hedef Kitle,Bireysel,scope=bireysel,structured_scope,2026-08-13T11:10:38+00:00
2844,619,digital_process,Dijital İşlem,Evet,"Geri ödemelerinizi Türkiye Finans İnternet Şubesi, Mobil Şube, hesabınızdaki bakiyeyi kullanarak ATM’lerimizden ve Türkiye Finans şubelerinden yapabilirsiniz.",rule_based_source,2026-08-13T11:10:38+00:00
2845,619,application_channel,Başvuru / Kanal,İnternet Şubesi · Mobil · Şube,"Geri ödemelerinizi Türkiye Finans İnternet Şubesi, Mobil Şube, hesabınızdaki bakiyeyi kullanarak ATM’lerimizden ve Türkiye Finans şubelerinden yapabilirsiniz.",rule_based_source,2026-08-13T11:10:38+00:00
2846,619,security_type,Teminat / Güvence,Rehin,Araç / Taşıt Finansmanı (Taşıt Kredisi)* kullanmak için aşağıdaki teminatlardan birini kullanabilirsiniz: Alınacak aracın rehini Gayrimenkul ipoteği Nakit bloke teminatı Türkiye Finans Araç / Taşıt Finansmanı (Taşıt Kredisi)* için Gerekli Belgeler Nelerdir?,rule_based_source,2026-08-13T11:10:38+00:00
2847,620,target_segment,Hedef Kitle,Bireysel,scope=bireysel,structured_scope,2026-08-13T11:10:38+00:00
2848,620,digital_process,Dijital İşlem,Evet,"Geri ödemelerinizi Türkiye Finans İnternet Şubesi , Mobil Şube , hesabınızdaki bakiyeyi kullanarak ATM’lerimizden ve Türkiye Finans şubelerinden yapabilirsiniz.",rule_based_source,2026-08-13T11:10:38+00:00
2849,620,application_channel,Başvuru / Kanal,İnternet Şubesi · Mobil · Şube,"Geri ödemelerinizi Türkiye Finans İnternet Şubesi , Mobil Şube , hesabınızdaki bakiyeyi kullanarak ATM’lerimizden ve Türkiye Finans şubelerinden yapabilirsiniz.",rule_based_source,2026-08-13T11:10:38+00:00
2850,620,security_type,Teminat / Güvence,Rehin,"Ticari Hat / Ticari Plaka Finansmanı (Ticari Hat / Ticari Plaka Kredisi)* kullanmak için aşağıdaki teminatlardan birini kullanabilirsiniz: Alınacak aracın rehini Gayrimenkul ipoteği Nakit bloke teminatı Ticari Hat / Ticari Plaka Finansmanı (Ticari Hat / Ticari Plaka Kredisi)* Başvurusu için Gerekli Belgeler Kimlik Belgesi Gelir belgesi/maaş bordrosu, Serbest meslek sahipleri ve işletme sahipleri için son yıla ait vergi levhası ve onaylı bilanço, gelir tabloları, mizan, imza sirküleri, kuruluş ve",rule_based_source,2026-08-13T11:10:38+00:00
2851,621,target_segment,Hedef Kitle,Bireysel,scope=bireysel,structured_scope,2026-08-13T11:10:38+00:00
2852,621,security_type,Teminat / Güvence,İpotek,"Yıllık maliyete kar oranı, tahsis ücreti, ekspertiz ücreti, ipotek tesis ücreti dahil edilmiştir.",rule_based_source,2026-08-13T11:10:38+00:00
2853,622,target_segment,Hedef Kitle,Bireysel,scope=bireysel,structured_scope,2026-08-13T11:10:38+00:00
2854,623,usage_purpose,Kullanım Amacı,İşletme yatırımı / mal ve hizmet finansmanı,"Dijital Taksitli Ticari Finansman; işletmenizin ihtiyacı olan her türlü hammadde, yarı mamul ve mamulün için kullanabileceğiniz finansman desteğidir.",rule_based_source,2026-08-13T11:10:38+00:00
2855,623,transaction_structure,İşlem / Finansman Yapısı,Taksitli finansman,"Dijital Taksitli Ticari Finansman başvurunuzu şimdi yapın, 1 milyon TL’ye varan finansman tutarına 12 ay vade ile hemen ulaşın.",product_identity,2026-08-13T11:10:38+00:00
2856,623,target_segment,Hedef Kitle,Ticari · İşletmeler,"Dijital Taksitli Ticari Finansman; işletmenizin ihtiyacı olan her türlü hammadde, yarı mamul ve mamulün için kullanabileceğiniz finansman desteğidir.",source_and_structured_scope,2026-08-13T11:10:38+00:00
2857,623,currency,Para Birimi,TL,Şubelerimiz üzerinden yapacağınız Taksitli Ticari Finansman başvurularında TL cinsinden finansman kullanabilirsiniz.,rule_based_source,2026-08-13T11:10:38+00:00
2858,623,digital_process,Dijital İşlem,Evet,"Üstelik artık Türkiye Finans Mobil üzerinden kolayca başvurabilir, onaylanan finansmanınızla tüm tedarikçi ödemelerini uygulama üzerinden anında yapabilirsiniz.",rule_based_source,2026-08-13T11:10:38+00:00
2859,623,application_channel,Başvuru / Kanal,Mobil · Şube · SMS,"Üstelik artık Türkiye Finans Mobil üzerinden kolayca başvurabilir, onaylanan finansmanınızla tüm tedarikçi ödemelerini uygulama üzerinden anında yapabilirsiniz.",rule_based_source,2026-08-13T11:10:38+00:00
2860,623,repayment_structure,Ödeme / Kullanım Yapısı,Taksitli,Taksitli Ticari Finansman başvurusu ve finansman kullandırım süreci Türkiye Finans Mobil üzerinden de gerçekleştirilebilir.,rule_based_source,2026-08-13T11:10:38+00:00
2861,624,usage_purpose,Kullanım Amacı,İşletme yatırımı / mal ve hizmet finansmanı,"ler Finansman Desteği Ana Sayfa / Ticari / Nakdi Finansman / Finansman Desteği Sayfayı Yazdır Facebook'da Paylaş Twitter'da Paylaş Linkedin'de Paylaş Sayfa İçeriği Türkiye Finans, yatırımlarınız için ihtiyacınız olan finansman desteğini en uygun koşullarla sunar . İhtiyacınız olan her türlü hammadde, yarı mamul ve mamulün yanı sıra gayrimenkul, makine, teçhizat ve hizmet bedeli işletmeniz adına Türkiye Finans tarafından satın alınır. Şirketiniz ile",rule_based_source,2026-08-13T11:10:38+00:00
2862,624,target_segment,Hedef Kitle,Ticari,scope=ticari,structured_scope,2026-08-13T11:10:38+00:00
2863,624,foreign_trade,Dış Ticaret,Evet,"Döviz Kredileri Döviz Kredileri, ihracat veya ihracat sayılan satış yapan ya da döviz kazandırıcı faaliyetlerde bulunan firmalar için finansman desteği sağlar.",rule_based_source,2026-08-13T11:10:38+00:00
2864,624,repayment_structure,Ödeme / Kullanım Yapısı,Döviz Kredileri: 18 aya varan taksit,"n finansman desteği sağlar. Döviz Kredilerinden yararlanabilmek için ihracat taahhüdünün yerine getirilmesi gereklidir. Döviz Kredilerinin Avantajları 18 aya varan taksitleriyle ihracatın finansmanında kolaylık sağlar. Taahhüt edilen işlemin gerçekleştirilmesine bağlı olarak vergi, resim harç ve fon muafiyeti vardır. Yurtdışı işlemleriniz için uzma",rule_based_source,2026-08-13T11:10:38+00:00
2865,625,target_segment,Hedef Kitle,Bireysel,scope=bireysel,structured_scope,2026-08-13T11:10:38+00:00
2866,625,digital_process,Dijital İşlem,Evet,Dijital İhtiyaç Finansmanının (Dijital İhtiyaç Kredisi)* başvurusu İnternet Şube ve Mobil Şube üzerinden yapılır.,rule_based_source,2026-08-13T11:10:38+00:00
2867,625,application_channel,Başvuru / Kanal,İnternet Şubesi · Mobil · SMS,Dijital İhtiyaç Finansmanının (Dijital İhtiyaç Kredisi)* başvurusu İnternet Şube ve Mobil Şube üzerinden yapılır.,rule_based_source,2026-08-13T11:10:38+00:00
2868,626,target_segment,Hedef Kitle,Bireysel,scope=bireysel,structured_scope,2026-08-13T11:10:38+00:00
2869,626,digital_process,Dijital İşlem,Evet,"eXtra Limit’e eğer müşterimizseniz; şubeye gitmeye gerek kalmadan Türkiye Finans İnternet Şubesi ve Mobil Şube üzerinden başvurabilir, tüm kartlarınızdan bağımsız ek finansman limitine sahip olabilirsiniz.",rule_based_source,2026-08-13T11:10:38+00:00
2870,626,application_channel,Başvuru / Kanal,İnternet Şubesi · Mobil,"eXtra Limit’e eğer müşterimizseniz; şubeye gitmeye gerek kalmadan Türkiye Finans İnternet Şubesi ve Mobil Şube üzerinden başvurabilir, tüm kartlarınızdan bağımsız ek finansman limitine sahip olabilirsiniz.",rule_based_source,2026-08-13T11:10:38+00:00
2871,626,repayment_structure,Ödeme / Kullanım Yapısı,Döner limit · Harcamalar standart taksit sayısına otomatik bölünür · Taksit ödendikçe limit yeniden kullanıma açılır,Harcamalar standart taksit sayısına otomatik bölünür; eXtra Limit taksitleri ödendikçe limit yeniden kullanıma açılır.,turkiye_finans_extra_limit_guardrail_v1,2026-08-13T11:10:38+00:00
2872,627,target_segment,Hedef Kitle,Bireysel,scope=bireysel,structured_scope,2026-08-13T11:10:38+00:00
2873,627,digital_process,Dijital İşlem,Evet,"İhtiyaç finansmanına şubelerden, mobilden, internet şubesinden veya çağrı merkezinden başvur, Türkiye Finans'ın sunduğu avantajlardan sen de yararlan.",rule_based_source,2026-08-13T11:10:38+00:00
2874,627,application_channel,Başvuru / Kanal,İnternet Şubesi · Mobil · Şube,"İhtiyaç finansmanına şubelerden, mobilden, internet şubesinden veya çağrı merkezinden başvur, Türkiye Finans'ın sunduğu avantajlardan sen de yararlan.",rule_based_source,2026-08-13T11:10:38+00:00
2875,628,target_segment,Hedef Kitle,Bireysel,scope=bireysel,structured_scope,2026-08-13T11:10:38+00:00
2876,629,usage_purpose,Kullanım Amacı,İşletme yatırımı / mal ve hizmet finansmanı,İhtiyaçlarınıza ve yatırım planlarınıza göre leasing ile finanse edilebilecek başlıca sabit kıymetler: İş ve inşaat makineleri Endüstriyel makine ve ekipmanlar Tekstil makineleri Metal işleme makineleri Yenilenebilir enerjisi üretim ve enerji verimliliği ekipmanları Ticari amaçlı gayrimenkul Tarım makineleri Plastik işleme makineleri Sağlık sektörü ekipmanları Matbaacılık ve kağıt işleme makineleri Bilgi işlem ve büro sistemleri Elektronik ve optik cihazlar Turizm ekipmanları Türkiye Finans’ta L,rule_based_source,2026-08-13T11:10:38+00:00
2877,629,target_segment,Hedef Kitle,Ticari,scope=ticari,structured_scope,2026-08-13T11:10:38+00:00
2878,629,foreign_trade,Dış Ticaret,Evet,"Leasing’e (finansal kiralalama) konu edilen sabit kıymetin satın almasına ilişkin sipariş, akreditif, ithalat ve gümrük gibi tüm süreçler, Türkiye Finans’ın uzman ekibi tarafından yönetilir.",rule_based_source,2026-08-13T11:10:38+00:00
2879,630,usage_purpose,Kullanım Amacı,Tarımsal ürün karşılığı finansman,Türkiye Finans ELÜS Teminatlı Finansman ile dönemsel nakit ihtiyacınızı karşılamak için ELÜS tutarının %90’ına kadar finansman kullanabilir ve vergi avantajından yararlanabilirsiniz.,rule_based_source,2026-08-13T11:10:38+00:00
2880,630,transaction_structure,İşlem / Finansman Yapısı,ELÜS teminatlı finansman,Türkiye Finans ELÜS Teminatlı Finansman ile dönemsel nakit ihtiyacınızı karşılamak için ELÜS tutarının %90’ına kadar finansman kullanabilir ve vergi avantajından yararlanabilirsiniz.,product_identity,2026-08-13T11:10:38+00:00
2881,630,target_segment,Hedef Kitle,Ticari,scope=ticari,structured_scope,2026-08-13T11:10:38+00:00
2882,630,application_channel,Başvuru / Kanal,Şube,ELÜS Teminatlı Finansman başvurunuzu size en yakın Türkiye Finans şubesinden yapabilirsiniz.,rule_based_source,2026-08-13T11:10:38+00:00
2883,630,security_type,Teminat / Güvence,ELÜS,Türkiye Finans ELÜS Teminatlı Finansman ile dönemsel nakit ihtiyacınızı karşılamak için ELÜS tutarının %90’ına kadar finansman kullanabilir ve vergi avantajından yararlanabilirsiniz.,rule_based_source,2026-08-13T11:10:38+00:00
2884,631,usage_purpose,Kullanım Amacı,İşletme sermayesi / nakit ihtiyacı,"Firmanızın kısa vadeli işletme sermayesi ve acil nakit ihtiyaçlarını güvenli bir şekilde karşılayabileceğiniz, esnek ödeme seçeneği ile tekrar kullanma imkânı sağlayan ve vade sonuna kadar kâr oranı sabit olan bir finansman desteğidir.",rule_based_source,2026-08-13T11:10:38+00:00
2885,631,transaction_structure,İşlem / Finansman Yapısı,Esnek / limitli kullanım,Şirketinizin kısa vadeli nakit ihtiyaçları için sabit kâr oranı avantajı ile Esnek Destek Finansmanı hizmetinizde.,product_identity,2026-08-13T11:10:38+00:00
2886,631,target_segment,Hedef Kitle,Ticari,scope=ticari,structured_scope,2026-08-13T11:10:38+00:00
2887,631,repayment_structure,Ödeme / Kullanım Yapısı,Limit dahilinde esnek kullanım · Esnek ödeme,Limitiniz dahilinde dilediğiniz zaman ve miktarda para çekme imkânı sunar.,rule_based_source,2026-08-13T11:10:38+00:00
2888,632,usage_purpose,Kullanım Amacı,Teminat desteğiyle finansmana erişimin kolaylaştırılması,"KFK, teminat yetersizliği nedeniyle KOBİ kredilerine erişimde zorluk yaşayan KOBİ’ler ile KOBİ dışı işletmelerin teminat ihtiyaçlarını karşılayarak finansmana erişimlerini kolaylaştırmayı hedefleyen bir kefalet desteği sistemidir.",rule_based_source,2026-08-13T11:10:38+00:00
2889,632,target_segment,Hedef Kitle,Ticari · İşletmeler,"Katılım Finans Kefalet AŞ (KFK), teminat yetersizliği nedeniyle finansmana erişimde zorluk yaşayan işletmelere destek sağlayarak katılım finans ekosistemini güçlendirmeyi hedefleyen bir kuruluştur.",source_and_structured_scope,2026-08-13T11:10:38+00:00
2890,632,currency,Para Birimi,TL / Yabancı Para,"Katılım Finans Kefalet AŞ (KFK) tarafından sunulan kefalet desteğinin temel özellikleri şunlardır: KFK kredisi, katılım bankacılığı prensiplerine uygun olmak kaydıyla işletmelerin ihtiyaç duyduğu her türlü Türk Lirası veya döviz cinsinden nakdi finansmana kefalet sağlar.",rule_based_source,2026-08-13T11:10:38+00:00
2891,632,application_channel,Başvuru / Kanal,Şube,Başvuru adımları genel olarak aşağıdaki gibidir: Türkiye Finans şubeleri üzerinden Katılım Finans Kefalet başvurusu yapılır.,rule_based_source,2026-08-13T11:10:38+00:00
2892,632,security_type,Teminat / Güvence,Kefalet,"Türkiye Finans olarak, Katılım Finans Kefalet AŞ (KFK) iş birliğiyle teminat desteğine ihtiyacı olan işletmelerin yanında olmaya devam ediyoruz.",rule_based_source,2026-08-13T11:10:38+00:00
2893,633,usage_purpose,Kullanım Amacı,İşletme yatırımı / mal ve hizmet finansmanı,"Taksitli Ticari Finansman; işletmenizin ihtiyacı olan her türlü hammadde, yarı mamul ve mamulün yanı sıra gayrimenkul, makine, teçhizat ve hizmet bedeli için kullanabileceğiniz finansman desteğidir.",rule_based_source,2026-08-13T11:10:38+00:00
2894,633,transaction_structure,İşlem / Finansman Yapısı,Taksitli finansman,"Taksitli Ticari Finansman; işletmenizin ihtiyacı olan her türlü hammadde, yarı mamul ve mamulün yanı sıra gayrimenkul, makine, teçhizat ve hizmet bedeli için kullanabileceğiniz finansman desteğidir.",product_identity,2026-08-13T11:10:38+00:00
2895,633,target_segment,Hedef Kitle,Ticari · İşletmeler,"Taksitli Ticari Finansman; işletmenizin ihtiyacı olan her türlü hammadde, yarı mamul ve mamulün yanı sıra gayrimenkul, makine, teçhizat ve hizmet bedeli için kullanabileceğiniz finansman desteğidir.",source_and_structured_scope,2026-08-13T11:10:38+00:00
2896,633,currency,Para Birimi,TL / Yabancı Para,"Taksitli Ticari Finansman ile TL, USD ve EUR cinsinden finansman kullanabilirsiniz.",rule_based_source,2026-08-13T11:10:38+00:00
2897,633,foreign_trade,Dış Ticaret,Evet,Taksitli Ticari Finansman; ihracat veya ihracat sayılan satış yapan ya da döviz kazandırıcı faaliyetlerde bulunan firmalar için Döviz Finansmanı kapsamında finansman desteği sağlar.,rule_based_source,2026-08-13T11:10:38+00:00
2898,633,application_channel,Başvuru / Kanal,Şube,Taksitli Ticari Finansman başvurularınızı şubelerimizden yapabilirsiniz.,rule_based_source,2026-08-13T11:10:38+00:00
2899,633,repayment_structure,Ödeme / Kullanım Yapısı,Taksitli,"Taksitli Ticari Finansman ile TL, USD ve EUR cinsinden finansman kullanabilirsiniz.",rule_based_source,2026-08-13T11:10:38+00:00
2900,634,target_segment,Hedef Kitle,Bireysel,scope=bireysel,structured_scope,2026-08-13T11:10:38+00:00
2901,635,usage_purpose,Kullanım Amacı,Elektronik teminat işlemleri,"Elektronik Teminat Mektubu Elektronik Teminat Mektubu, teminat mektubu ile ilgili tüm süreçlerin dijital ortam üzerinden yürütülmesini sağlayan bir hizmettir.",rule_based_source,2026-08-13T11:10:38+00:00
2902,635,transaction_structure,İşlem / Finansman Yapısı,Elektronik teminat mektubu,"Elektronik Teminat Mektubu Elektronik Teminat Mektubu, teminat mektubu ile ilgili tüm süreçlerin dijital ortam üzerinden yürütülmesini sağlayan bir hizmettir.",product_identity,2026-08-13T11:10:38+00:00
2903,635,target_segment,Hedef Kitle,Ticari,scope=ticari,structured_scope,2026-08-13T11:10:38+00:00
2904,635,digital_process,Dijital İşlem,Evet,"Elektronik Teminat Mektubu Elektronik Teminat Mektubu, teminat mektubu ile ilgili tüm süreçlerin dijital ortam üzerinden yürütülmesini sağlayan bir hizmettir.",rule_based_source,2026-08-13T11:10:38+00:00
2905,635,foreign_trade,Dış Ticaret,Evet,"Türkiye Finans aracılığı ile Gümrük Müdürlüklerine, Türk Eximbank'a, ETMP ve KKB Findeks üyesi olup anlaşması bulunan tüm özel sektör ve kamu muhataplarına elektronik teminat mektubu düzenleyebilirsiniz.",rule_based_source,2026-08-13T11:10:38+00:00
2906,636,usage_purpose,Kullanım Amacı,Dış ticaret işlemleri,Kabul-Aval Kredilerinde ödemeler poliçe vadesinde gerçekleştirilir.,rule_based_source,2026-08-13T11:10:38+00:00
2907,636,transaction_structure,İşlem / Finansman Yapısı,Kabul / Aval,Kabul-Aval Kredilerinde ödemeler poliçe vadesinde gerçekleştirilir.,product_identity,2026-08-13T11:10:38+00:00
2908,636,target_segment,Hedef Kitle,Ticari,scope=ticari,structured_scope,2026-08-13T11:10:38+00:00
2909,636,application_channel,Başvuru / Kanal,Şube,Kabul-Aval Kredileri ile ilgili bütün işlemlerinizi Türkiye Finans şubelerinden gerçekleştirebilirsiniz.,rule_based_source,2026-08-13T11:10:38+00:00
2910,636,repayment_structure,Ödeme / Kullanım Yapısı,Vadeli,Kabul-Aval Kredilerinde ödemeler poliçe vadesinde gerçekleştirilir.,rule_based_source,2026-08-13T11:10:38+00:00
2911,637,usage_purpose,Kullanım Amacı,Kredibilite / referans sunumu,Referans Mektubu Nedir?,rule_based_source,2026-08-13T11:10:38+00:00
2912,637,transaction_structure,İşlem / Finansman Yapısı,Referans mektubu,Referans Mektubu Nedir?,product_identity,2026-08-13T11:10:38+00:00
2913,637,target_segment,Hedef Kitle,Ticari · İşletmeler,"Referans mektubu; genellikle kamu kurumlarının ihale sürecine girmiş olan işletmelerden talep ettiği, işletmenin banka nezdindeki nakdi-gayri nakdi finansman ve mevduat durumu üzerinde kısıtlama bulunup bulunmadığını gösteren belgedir.",source_and_structured_scope,2026-08-13T11:10:38+00:00
2914,637,currency,Para Birimi,TL / Yabancı Para,Referans mektupları TL veya döviz cinsinden düzenlenebilir.,rule_based_source,2026-08-13T11:10:38+00:00
2915,638,usage_purpose,Kullanım Amacı,Ticari yükümlülüklerin güvence altına alınması,"Teminat Mektubu bir işin yapılmasının, bir borcun ödenmesinin veya bir malın tesliminin belirlenen sürede ve şartlar uyarınca gerçekleştirileceğini garanti altına almak üzere ilgili firma adına Türkiye Finans tarafından alacaklıya verilen bir taahhüttür.",rule_based_source,2026-08-13T11:10:38+00:00
2916,638,transaction_structure,İşlem / Finansman Yapısı,Teminat mektubu,"Teminat Mektubu bir işin yapılmasının, bir borcun ödenmesinin veya bir malın tesliminin belirlenen sürede ve şartlar uyarınca gerçekleştirileceğini garanti altına almak üzere ilgili firma adına Türkiye Finans tarafından alacaklıya verilen bir taahhüttür.",product_identity,2026-08-13T11:10:38+00:00
2917,638,target_segment,Hedef Kitle,Ticari,scope=ticari,structured_scope,2026-08-13T11:10:38+00:00
2918,638,currency,Para Birimi,TL / Yabancı Para,"Teminat Mektubunun Özellikleri Teminat Mektubu TL veya yabancı para üzerinden, süreli ya da süresiz olarak düzenlenebilir.",rule_based_source,2026-08-13T11:10:38+00:00
2919,638,foreign_trade,Dış Ticaret,Evet,"Mal alımı, bayilik teminatı, taahhüt işleri, gümrük, mahkeme, vergi dairesi işlemleri gibi konularla ilgili teminat mektubu düzenlenebilir.",rule_based_source,2026-08-13T11:10:38+00:00
2920,638,application_channel,Başvuru / Kanal,İnternet Şubesi · Şube,Teminat Mektubu Başvurusu Teminat Mektubu başvurularınızı Türkiye Finans şubelerinden yapabilir ya da Türkiye Finans İnternet Şubesi üzerinden Dijital Teminat Mektubu başvurusunda bulunabilirsiniz.,rule_based_source,2026-08-13T11:10:38+00:00
3828,639,target_segment,Hedef Kitle,Bireysel,scope=bireysel,structured_scope,2026-08-13T11:49:11+00:00
3829,639,usage_purpose,Kullanım Amacı,Alışveriş anında iş yerinde bireysel finansman,"dir? Bayide Finansman; Albaraka Türk şubelerine gitmeden elde edebileceğiniz ve alışveriş anında iş yerlerinde kullanabileceğiniz bireysel finansman ürünüdür. Eğitim kurumu, mobilya, elektronik, beyaz eşya, cep telefonu, bilgisayar, ev tekstil ürünleri ve diğer sektörlerden yapacağınız alışverişleri Bayide Finansman sayesinde",albaraka_source_guardrail_v1,2026-08-13T11:49:11+00:00
3830,639,application_channel,Başvuru / Kanal,Bayi / İş Yeri Platformu,olduğumuz iş yerlerini tercih etmeniz yeterli. Finansman talep etmeniz hâlinde iş yerindeki yetkili aracılığıyla “Bayide Finansman Platformu” üzerinden başvurunuz yapılır. Anlık değerlendirme süreci ile hızlı bir şekilde başvurunuza cevap gelir. Başvurunuz onaylandıktan sonra ödemeniz finansman ile sağlanır. Böylece ek,albaraka_source_guardrail_v1,2026-08-13T11:49:11+00:00
3831,640,target_segment,Hedef Kitle,Bireysel,scope=bireysel,structured_scope,2026-08-13T11:49:11+00:00
3832,640,usage_purpose,Kullanım Amacı,Deniz aracı alımının finansmanı,"ski, yelkenli vb. istekleriniz ve ihtiyaçlarınız için Albaraka desteği sizinle! Talep ettiğiniz her türlü deniz aracına dair kredi talebinde bulunabilirsiniz. Özellikler Ödemelerinizi 36 kadar vadelendirebilir, kredi geri ödemelerinizi aylık eşit taksitler hâlinde yapabilirsiniz. Başvuru Şartları 18 yaşını tamamladıysanız, Deniz Araçla",albaraka_source_guardrail_v1,2026-08-13T11:49:11+00:00
3833,640,application_channel,Başvuru / Kanal,Şube,"çin de aynı belgeleri ibraz etmeniz gerekir. İstenilen belgelerle birlikte size en yakın Albaraka Türk şubesine uğrayarak, başvuru formunu doldurabilir ve başvuru sürecini başlatabilirsiniz.” Detaylı bilgi ve bankacılık işlemleri için 0850 222 5 666 Alo Albaraka'yı arayabilirsiniz.",albaraka_source_guardrail_v1,2026-08-13T11:49:11+00:00
3834,641,target_segment,Hedef Kitle,Bireysel,scope=bireysel,structured_scope,2026-08-13T11:49:11+00:00
3835,641,usage_purpose,Kullanım Amacı,Araç alımının dijital finansmanı,nsman işlemlerinizi hızlı ve kolay bir şekilde tamamlamanıza olanak tanıyan bir araç finansmanı çözümüdür. İkinci el araçlar için Dijital Araç Finansmanı başvurusu yapabilirsiniz. Satın almayı planladığınız aracın kullanım durumuna bağlı olarak 36 aya kadar vade seçeneklerinden faydal,albaraka_source_guardrail_v1,2026-08-13T11:49:11+00:00
3836,641,application_channel,Başvuru / Kanal,Albaraka Mobil,"fonunuza hemen indirin! Dijital Araç Finansmanı Nedir? Dijital Araç Finansmanı, Albaraka Mobil uygulaması üzerinden başvurabileceğiniz, finansman işlemlerinizi hızlı ve kolay bir şekilde tamamlamanıza olanak tanıyan bir araç finansmanı çözümüdür. İkinci el araçlar için Dijital Araç Finansmanı başvurus",albaraka_source_guardrail_v1,2026-08-13T11:49:11+00:00
3837,641,digital_process,Dijital İşlem,Evet,"fonunuza hemen indirin! Dijital Araç Finansmanı Nedir? Dijital Araç Finansmanı, Albaraka Mobil uygulaması üzerinden başvurabileceğiniz, finansman işlemlerinizi hızlı ve kolay bir şekilde tamamlamanıza olanak tanıyan bir araç finansmanı çözümüdür. İkinci el araçlar için Dijital Araç Finansmanı başvurusu yapabilirsiniz. Satın almayı planla",albaraka_source_guardrail_v1,2026-08-13T11:49:11+00:00
3838,642,target_segment,Hedef Kitle,Bireysel,scope=bireysel,structured_scope,2026-08-13T11:49:11+00:00
3839,642,usage_purpose,Kullanım Amacı,Sıfır veya ikinci el araç alımının finansmanı,"n, hayalinizdeki araca hemen kavuşun! Taşıt Finansmanı Nedir? Taşıt finansmanı, araç alımlarında kullanabileceğiniz, belirli bir vade ve kâr oranıyla sunulan finansman türüdür. Albaraka taşıt finansmanı ile sıfır veya 2. el araçlarınızı kolayca alabilirsiniz. Ayrıca Taşıt Finansmanı Hesaplama Aracı üzerinden, kullanacağınız finansman tutarının a",albaraka_source_guardrail_v1,2026-08-13T11:49:11+00:00
3840,642,application_channel,Başvuru / Kanal,Web Sitesi · Albaraka Mobil · SMS · Şube,",6 TL Toplam 236.841,93 TL 150.000,00 TL 66.801,47 TL - 10020,23 TL 10020,23 TL Başvuru Kanalları Web Sitesi Albaraka Mobil SMS Şube Finansman talepleriniz için müşterimiz olmanız gerekmeden; web sitemiz üzerinden hemen başvurup jet hızında sonuç alabilirsiniz. Finansman talepleriniz için müşterimiz olmanız ger",albaraka_source_guardrail_v1,2026-08-13T11:49:11+00:00
3841,643,target_segment,Hedef Kitle,Bireysel,scope=bireysel,structured_scope,2026-08-13T11:49:11+00:00
3842,643,usage_purpose,Kullanım Amacı,Araç/tekne gibi taşıtların kiralama hizmeti finansmanı,"iz Taşıtları Finansmanı Taşıt Kiralama Finansmanı Hemen Başvur Araç, tekne gibi taşıtları kiralamak için finansmana ihtiyaç duyarsanız Albaraka olarak yanınızdayız. Ödemelerinizi 36 kadar vadelendirebilir, geri ödemelerinizi aylık eşit taksitler hâlinde yapabilirsiniz. Başvuru Şartları Ürünümüz",albaraka_source_guardrail_v1,2026-08-13T11:49:11+00:00
3843,643,application_channel,Başvuru / Kanal,Şube,"ylanmış belgeyi ibraz etmeniz gerekmektedir. İstenilen belgelerle birlikte size en yakın Albaraka Türk şubesine uğrayarak, başvuru formunu doldurabilir ve başvuru sürecini başlatabilirsiniz. Bilgi ve belgelerinizde eksik yoksa başvurunuz ortalama 24 saat içinde sonuçlandırılır. Detaylı bilgi ve bankacılık işlemleri için 0850 222 5 666 veya",albaraka_source_guardrail_v1,2026-08-13T11:49:11+00:00
3844,644,target_segment,Hedef Kitle,Bireysel,scope=bireysel,structured_scope,2026-08-13T11:49:11+00:00
3845,644,usage_purpose,Kullanım Amacı,Sıfır kilometre Togg araç alımının finansmanı,"manı Nedir? Togg finansmanı, Türkiye’de üretilen %100 elektrikli yerli otomobil Togg için özel olarak sunulan taşıt finansmanı ürünüdür. Albaraka Türk, bu finansmanla bireysel Togg sahibi olmak isteyenlere özel oranlı ödeme planları sunar. Albaraka Türk’te Togg Finansman Başvurusu Nasıl Yapılır? Albaraka",albaraka_source_guardrail_v1,2026-08-13T11:49:11+00:00
3846,644,application_channel,Başvuru / Kanal,Şube,lbaraka Türk’te Togg Finansman Başvurusu Nasıl Yapılır? Albaraka Togg finansman başvuruları yalnızca şubelerimizden yapılmaktadır. Sizleri en yakın Albaraka Türk şubesini öğrenmek için “ Albaraka Şubeleri ” sayfasını ziyaret edebilirsiniz. Togg Araç Finansmanı Özellikleri Sadece sıfır kilometre,albaraka_source_guardrail_v1,2026-08-13T11:49:11+00:00
3847,645,target_segment,Hedef Kitle,Bireysel,scope=bireysel,structured_scope,2026-08-13T11:49:11+00:00
3848,645,usage_purpose,Kullanım Amacı,2B arazi ediniminin finansmanı,"i Finansmanı Arsa Finansmanı 2B Arazi Finansmanı 6292 sayılı kanun kapsamındaki 2B araziler için finansman desteği alabilir, geri ödemelerinizi 60 aya kadar taksitlendirebilirsiniz. Özellikler Hak sahipliği belgenizin olması durumunda 2B arazileri (orman vasfını yitirmiş arazi) için finansal d",albaraka_source_guardrail_v1,2026-08-13T11:49:11+00:00
3849,645,application_channel,Başvuru / Kanal,Web Sitesi · Albaraka Mobil · SMS · Şube,k işlemleri için 0850 222 5 666 veya 444 5 666 Alo Albaraka'yı arayabilirsiniz. Başvuru Kanalları Web Sitesi Albaraka Mobil SMS Şube Finansman talepleriniz için müşterimiz olmanız gerekmeden; web sitemiz üzerinden hemen başvurup jet hızında sonuç alabilirsiniz. Finansman talepleriniz için müşterimiz olmanız ger,albaraka_source_guardrail_v1,2026-08-13T11:49:11+00:00
3850,646,target_segment,Hedef Kitle,Bireysel,scope=bireysel,structured_scope,2026-08-13T11:49:11+00:00
3851,646,usage_purpose,Kullanım Amacı,Arsa yatırımının finansmanı,manı Albaraka Türk Arsa Finansmanı: %100 Finansman ile 60 Aya Varan Vade İmkanı Arsa finansmanı ile yatırım yapmayı düşünüyorsanız 60 aya kadar varan vade ve ekspertiz değerinin %100’üne kadar finansman desteğimizle yanınızdayız. Size özel avantajlı kar oranlarımız ile arsa alımlarınızı daha kolay ve hızlı şekilde yapabilirsiniz. Arsa alım finansmanı kullanmak için gerekli şartla,albaraka_source_guardrail_v1,2026-08-13T11:49:11+00:00
3852,646,application_channel,Başvuru / Kanal,Web Sitesi · Albaraka Mobil · SMS · Şube,gi ve bankacılık işlemleri için 0850 222 5 666 Alo Albaraka'yı arayabilirsiniz. Başvuru Kanalları Web Sitesi Albaraka Mobil SMS Şube Finansman talepleriniz için müşterimiz olmanız gerekmeden; web sitemiz üzerinden hemen başvurup jet hızında sonuç alabilirsiniz. Finansman talepleriniz için müşterimiz olmanız ger,albaraka_source_guardrail_v1,2026-08-13T11:49:11+00:00
3853,647,target_segment,Hedef Kitle,Ticari,scope=ticari,structured_scope,2026-08-13T11:49:11+00:00
3854,647,foreign_trade,Dış Ticaret,Evet,"Albaraka Mobil Mobil Bankacılık Aç Akreditifler Anasayfa KOBİ Finansmanlar Kobi Gayri Nakdi Finansman Akreditifler Teminat Mektupları Jet Teminat Mektubu Akreditifler Kabul-Aval Finansmanları Referans Mektupları Akreditif, mal teslimini ya da hizmetin yerine getirilmesini güvence altına alan evrakların belirlenmiş bir sürede ibraz edilmesiyle ücret, mal ya da hizmetin ihracatçıya verileceğini taahhüt eden şartlı bir banka kredisidir.",rule_based_source,2026-08-13T11:49:11+00:00
3855,647,usage_purpose,Kullanım Amacı,Uluslararası ticarette şartlı ödeme/güvence işlemi,"ihracatçıya verileceğini taahhüt eden şartlı bir banka kredisidir. Akreditifle uluslararası ticaret işlemlerinizi güvenle gerçekleştirebilirsiniz. Özellikler Uluslararası ticarette garantili bir ödeme aracı olarak kabul edilen ve çok sık tercih edilen akreditif, ithalatçıyı da ihracatçıyı da koruyan bir işlemdir. Mal teslim",albaraka_source_guardrail_v1,2026-08-13T11:49:11+00:00
3856,647,application_channel,Başvuru / Kanal,Şube,a akreditif şartlarına uygun vesaiki bankasına ibraz ederek ödemesini alabilir. Akreditif finansmanları kullanmak için sizi en yakın Albaraka Türk Şubesi’ne bekliyoruz,albaraka_source_guardrail_v1,2026-08-13T11:49:11+00:00
3857,648,transaction_structure,İşlem / Finansman Yapısı,Teminat mektubu,Ürün Detayları Jet Teminat Mektubu’nu Kamu İhale Geçici/Kesin ve TOKİ Geçici/Kesin mektupları için TL cinsinden başvurular gerçekleştirilebilmektedir.,product_identity,2026-08-13T11:49:11+00:00
3858,648,target_segment,Hedef Kitle,Ticari,scope=ticari,structured_scope,2026-08-13T11:49:11+00:00
3859,648,currency,Para Birimi,TL,Ürün Detayları Jet Teminat Mektubu’nu Kamu İhale Geçici/Kesin ve TOKİ Geçici/Kesin mektupları için TL cinsinden başvurular gerçekleştirilebilmektedir.,rule_based_source,2026-08-13T11:49:11+00:00
3860,648,usage_purpose,Kullanım Amacı,Kamu ihale ve TOKİ teminat mektubu işlemleri,"? Şubelerimize gitmenize gerek kalmadan Kurumsal İnternet Bankacılığı üzerinden Kamu İhale Geçici/Kesin ve TOKİ Geçici/Kesin mektuplarını , online olarak düzenleyip, muhataplarınıza göndermenize olanak sağlayan ürünümüzdür. Ürün Detayları Jet Teminat Mektubu’nu Kamu İhale Geçici/Kesin ve TOKİ Geçici/Kesin mektupları için TL",albaraka_source_guardrail_v1,2026-08-13T11:49:11+00:00
3861,648,application_channel,Başvuru / Kanal,Kurumsal İnternet Bankacılığı,"ans Mektupları Jet Teminat Mektubu Nedir? Şubelerimize gitmenize gerek kalmadan Kurumsal İnternet Bankacılığı üzerinden Kamu İhale Geçici/Kesin ve TOKİ Geçici/Kesin mektuplarını , online olarak düzenleyip, muhataplarınıza göndermenize olanak sağlayan ürünümüzdür. Ürün Detayları Jet Teminat Mektubu’nu Kamu İhale Geçici/Kesin ve TOKİ Geçici/Kesin mektupları için TL cinsinden başvurular gerçekleştirilebilmektedir. Jet Teminat Mektubu hizmeti",albaraka_source_guardrail_v1,2026-08-13T11:49:11+00:00
3862,648,digital_process,Dijital İşlem,Evet,"nkacılığı üzerinden Kamu İhale Geçici/Kesin ve TOKİ Geçici/Kesin mektuplarını , online olarak düzenleyip, muhataplarınıza göndermenize olanak sağlayan ürünümüzdür. Ürün Detayları Jet Teminat Mektubu’nu Kamu İhale Geçici/Kesin ve TOKİ Geçici/Kesin mektupları için TL cinsinden başvurul",albaraka_source_guardrail_v1,2026-08-13T11:49:11+00:00
3863,648,transaction_limit,İşlem / Limit,15.000.000 TL mektup üst limiti,Limiti olmayan müşterilerimize şubesinden limit tahsis edilmesi gerekmektedir. Mektup tutarı üst limiti 15.000.000 TL’dir. Teminat Mektupları ‘Başvuru İzleme’ sekmesinden görülebilmektedir. Jet Teminat Mektubu Avantajları Mektup süreçlerinin takibini Kurumsal İnternet Bankacılığı üzerinden yapabi,albaraka_source_guardrail_v1,2026-08-13T11:49:11+00:00
3864,649,transaction_structure,İşlem / Finansman Yapısı,Kabul / Aval,"Albaraka Mobil Mobil Bankacılık Aç Kabul-Aval Finansmanları Anasayfa KOBİ Finansmanlar Kobi Gayri Nakdi Finansman Kabul-Aval Finansmanları Teminat Mektupları Jet Teminat Mektubu Akreditifler Kabul-Aval Finansmanları Referans Mektupları İşbirliği yaptığınız ihracatçı firma tarafından düzenlenen poliçeyi Albaraka Türk’ten alacağınız kabul kredisiyle güvence altına alabilir, uygun koşullarda ürün ithal edebilirsiniz.",product_identity,2026-08-13T11:49:11+00:00
3865,649,target_segment,Hedef Kitle,Ticari,scope=ticari,structured_scope,2026-08-13T11:49:11+00:00
3866,649,foreign_trade,Dış Ticaret,Evet,"Albaraka Mobil Mobil Bankacılık Aç Kabul-Aval Finansmanları Anasayfa KOBİ Finansmanlar Kobi Gayri Nakdi Finansman Kabul-Aval Finansmanları Teminat Mektupları Jet Teminat Mektubu Akreditifler Kabul-Aval Finansmanları Referans Mektupları İşbirliği yaptığınız ihracatçı firma tarafından düzenlenen poliçeyi Albaraka Türk’ten alacağınız kabul kredisiyle güvence altına alabilir, uygun koşullarda ürün ithal edebilirsiniz.",rule_based_source,2026-08-13T11:49:11+00:00
3867,649,usage_purpose,Kullanım Amacı,İthalat işlemlerinde kabul/aval güvencesi,"poliçeyi Albaraka Türk’ten alacağınız kabul kredisiyle güvence altına alabilir, uygun koşullarda ürün ithal edebilirsiniz. Özellikler Yeterli sermayeniz yoksa ithal etmek istediğiniz ürünleri Albaraka Türk güvencesiyle temin edebilirsiniz. Albaraka Türk’ün garantörlüğüyle ihracatçı firmaya teminat ve",albaraka_source_guardrail_v1,2026-08-13T11:49:11+00:00
3868,649,application_channel,Başvuru / Kanal,Şube,"akreditifli, vesaik ya da mal mukabili olarak düzenlenmesini sağlayabilirsiniz. Kabul-aval finansmanları kullanmak için sizi en yakın Albaraka Türk Şubesi’ne bekliyoruz",albaraka_source_guardrail_v1,2026-08-13T11:49:11+00:00
3869,650,transaction_structure,İşlem / Finansman Yapısı,Referans mektubu,"Özellikler Kredibilitenizi sorgulayabilir, TL ya da döviz cinsinden referans mektubu düzenlenmesini talep edebilirsiniz.",product_identity,2026-08-13T11:49:11+00:00
3870,650,target_segment,Hedef Kitle,Ticari,scope=ticari,structured_scope,2026-08-13T11:49:11+00:00
3871,650,currency,Para Birimi,TL / Yabancı Para,"Özellikler Kredibilitenizi sorgulayabilir, TL ya da döviz cinsinden referans mektubu düzenlenmesini talep edebilirsiniz.",rule_based_source,2026-08-13T11:49:11+00:00
3872,650,usage_purpose,Kullanım Amacı,Kredibilite / referans sunumu,"u Akreditifler Kabul-Aval Finansmanları Referans Mektupları Albaraka üzerindeki kredibilitenizin muhatap kurum tarafından değerlendirilmesini sağlayan Referans Mektuplarınızı talep edebilirsiniz. Özellikler Kredibilitenizi sorgulayabilir, TL ya da döviz cinsinden referans mektubu düzenlenmesini talep edebilirsiniz. NOT",albaraka_source_guardrail_v1,2026-08-13T11:49:11+00:00
3873,650,application_channel,Başvuru / Kanal,Şube,ikle inşaat ve taahhüt işleriyle uğraşan kredili müşteriler için tanzim edilir. Referans mektubu talebiniz için sizi en yakın Albaraka Türk Şubesi’ne bekliyoruz.,albaraka_source_guardrail_v1,2026-08-13T11:49:11+00:00
3874,651,transaction_structure,İşlem / Finansman Yapısı,Teminat mektubu,"Özellikler Bir işin tamamlanması ya da bir malın teslimi gibi konularda, işbirliği yaptığınız kurumlara Albaraka Türk’ten edineceğiniz teminat mektubuyla güvence verebilirsiniz.",product_identity,2026-08-13T11:49:11+00:00
3875,651,target_segment,Hedef Kitle,Ticari,scope=ticari,structured_scope,2026-08-13T11:49:11+00:00
3876,651,currency,Para Birimi,TL / Yabancı Para,"Geçici, kesin, avans ve serbest; döviz, dövize endeksli ya da TL cinsinden; süreli veya süresiz teminat mektubu talebinde bulunabilirsiniz.",rule_based_source,2026-08-13T11:49:11+00:00
3877,651,usage_purpose,Kullanım Amacı,Ticari yükümlülüklerin güvence altına alınması,"siniz. Özellikler Bir işin tamamlanması ya da bir malın teslimi gibi konularda, işbirliği yaptığınız kurumlara Albaraka Türk’ten edineceğiniz teminat mektubuyla güvence verebilirsiniz. Geçici, kesin, avans ve serbest; döviz, dövize endeksli ya da TL cinsinden; süreli veya süresiz teminat mektubu talebinde bulunabilirsiniz. İşbirliklerinizin Albar",albaraka_source_guardrail_v1,2026-08-13T11:49:11+00:00
3878,651,application_channel,Başvuru / Kanal,Şube,e kârlılığınızı artırabilirsiniz. Teminat Mektubu Talep Formu için tıklayınız . Teminat Mektubu talebiniz için sizi en yakın Albaraka Türk Şubesi’ne bekliyoruz,albaraka_source_guardrail_v1,2026-08-13T11:49:11+00:00
3879,652,target_segment,Hedef Kitle,Bireysel,scope=bireysel,structured_scope,2026-08-13T11:49:11+00:00
3880,652,repayment_structure,Ödeme / Kullanım Yapısı,Esnek ödeme,"Uygun, avantajlı ve esnek ödeme planlarımızı inceleyin, hayalini kurduğunuz evin sahibi olun.",rule_based_source,2026-08-13T11:49:11+00:00
3881,652,usage_purpose,Kullanım Amacı,Konut ediniminin finansmanı,"tutarınızı anında öğrenebilirsiniz. Albaraka Türk Konut Finansmanı Özellikleri Dilediğiniz ev, katılım bankacılığı prensiplerine uygun olarak 120 aya kadar taksitlendirebilirsiniz. Geri ödemelerinizi aylık eşit taksitler hâlinde her ay farklı miktarda ödemeler halinde yapabilirsiniz. Konut kat mülkiyetini veya kat irtifakı tapu",albaraka_source_guardrail_v1,2026-08-13T11:49:11+00:00
3882,652,application_channel,Başvuru / Kanal,Web Sitesi · Albaraka Mobil · SMS · Şube,"L 0,0 TL 0,0 TL Toplam 211.095,81 TL 150.000,00 TL 61.095,81 TL - 0,0 TL 0,0 TL Başvuru Kanalları Web Sitesi Albaraka Mobil SMS Şube Finansman talepleriniz için müşterimiz olmanız gerekmeden; web sitemiz üzerinden hemen başvurup jet hızında sonuç alabilirsiniz. Finansman talepleriniz için müşterimiz olmanız ger",albaraka_source_guardrail_v1,2026-08-13T11:49:11+00:00
3883,652,cost_advantage,Maliyet / Avantaj,KKDF ve BSMV muafiyeti,"ut kredisi/ finansmanı kullanmanız durumunda, Kaynak Kullanımı Destekleme Fonu (KKDF), Banka ve Sigorta Muameleleri Vergisi (BSMV) ödemelerinden muaf olabilirsiniz. Ekspertiz işlemi Albaraka Türk'ün anlaşmalı olduğu SPK lisanslı kuruluşlar tarafından yapılmaktadır. Konut Alımlarında Ekspertiz Değerine Göre Finansman Oranları Ya",albaraka_source_guardrail_v1,2026-08-13T11:49:11+00:00
3884,653,target_segment,Hedef Kitle,Ticari,scope=ticari,structured_scope,2026-08-13T11:49:11+00:00
3885,653,usage_purpose,Kullanım Amacı,"İş yatırımı, teknoloji ve ekipman finansmanı","lama Katılım Finans Kefalet (KFK) Bayide Finansman Hayal ettiğiniz işi kurmayı, işinizi geliştirmeyi veya kullandığınız teknolojiyi yenilemeyi planlıyorsanız Albaraka Leasing gibi bir finansal partneriniz var. Öz kaynaklarınıza ve nakit akışınıza uygun dengeli bir borçlanma modelini sizin için hazırladık! Albaraka Türk deneyimli ve uzman ekibi, uluslararası ilişkileri ve finansal gücü",albaraka_source_guardrail_v1,2026-08-13T11:49:11+00:00
3886,653,application_channel,Başvuru / Kanal,Şube,erek vergi matrahından düşürebilirsiniz. Bu avantajlardan yararlanmak için sizi Albaraka Türk şubelerine bekliyoruz.,albaraka_source_guardrail_v1,2026-08-13T11:49:11+00:00
3887,653,cost_advantage,Maliyet / Avantaj,%1 KDV oranı (leasinge özgü),anı sunar. TL ve döviz (USD ve EUR) ile borçlanma imkânı sunar. Yatırımlarınızı leasinge özgü %1 KDV oranı ile yapma imkânı (Bkz. KDV Tebligatı) sağlar. Kira ödemeleriniz sözleşme boyunca değişmeden aynı kalır. Böylece ödemeleriniz ekonomik dalgalanmalardan etkilenmez. Yatırımınızın KD,albaraka_source_guardrail_v1,2026-08-13T11:49:11+00:00
3888,654,target_segment,Hedef Kitle,Ticari,scope=ticari,structured_scope,2026-08-13T11:49:11+00:00
3889,654,usage_purpose,Kullanım Amacı,"Tohum, gübre, ilaç, mazot gibi bitkisel üretim ihtiyaçlarının finansmanı","Bitkisel Üretim Bitkisel üretim faaliyetlerinizle ilgili tohum, gübre, ilaç, mazot vb. ihtiyaçlarınızı Bitkisel Üretim Finansmanı ile 24 ay vadeye kadar finanse edebilirsiniz.",albaraka_source_guardrail_v1,2026-08-13T11:49:11+00:00
3890,655,target_segment,Hedef Kitle,Ticari,scope=ticari,structured_scope,2026-08-13T11:49:11+00:00
3891,655,usage_purpose,Kullanım Amacı,Biçerdöver alımının finansmanı,Biçerdöver Sıfır ve 2.el biçerdöver alımlarınıza yönelik finansman desteğinizi 48 aya varan vadelerle kullanabilirsiniz. Bu finansmanlarımızdan yararlanmak için sizi en sizi en yakın Tarım Bankacılığı Hizmeti veren şubelerimize bekliyoruz.,albaraka_source_guardrail_v1,2026-08-13T11:49:11+00:00
3892,655,application_channel,Başvuru / Kanal,Tarım Bankacılığı Şubesi,ullanabilirsiniz. Bu finansmanlarımızdan yararlanmak için sizi en sizi en yakın Tarım Bankacılığı Hizmeti veren şubelerimize bekliyoruz.,albaraka_source_guardrail_v1,2026-08-13T11:49:11+00:00
3893,656,target_segment,Hedef Kitle,Ticari,scope=ticari,structured_scope,2026-08-13T11:49:11+00:00
3894,656,usage_purpose,Kullanım Amacı,Tarımsal makine ve ekipman alımının finansmanı,Makine Ekipman Zirai faaliyetlerinizin gerçekleşmesi için gerekli her türlü ekipman ve makine alımına yönelik finansman desteğinizi 48 aya varan vadelerle kullanabilirsiniz.,albaraka_source_guardrail_v1,2026-08-13T11:49:11+00:00
3895,657,target_segment,Hedef Kitle,Ticari,scope=ticari,structured_scope,2026-08-13T11:49:11+00:00
3896,657,usage_purpose,Kullanım Amacı,"Sera yapımı, bakımı ve modernizasyonunun finansmanı","Seracılık Sera yapımı, bakımı ve modernizasyonu gibi yatırımlarınızı Seracılık Finansmanı ile 48 ay vadeye kadar finanse edebilirsiniz.",albaraka_source_guardrail_v1,2026-08-13T11:49:11+00:00
3897,658,target_segment,Hedef Kitle,Ticari,scope=ticari,structured_scope,2026-08-13T11:49:11+00:00
3898,658,usage_purpose,Kullanım Amacı,Tarla alımının finansmanı,"Tarla Alım Tarımsal faaliyetlerinizin sürdürülmesi için alacağınız tarlalarınızı, Tarla Alım Finansmanı ile 48 ay vadeye kadar finanse edebilirsiniz.",albaraka_source_guardrail_v1,2026-08-13T11:49:11+00:00
3899,659,target_segment,Hedef Kitle,Ticari,scope=ticari,structured_scope,2026-08-13T11:49:11+00:00
3900,659,usage_purpose,Kullanım Amacı,Traktör alımının finansmanı,Traktör Sıfır ve 2.el traktör alımlarınıza yönelik finansman desteğinizi 48 aya varan vadelerle kullanabilirsiniz.,albaraka_source_guardrail_v1,2026-08-13T11:49:11+00:00
3901,660,target_segment,Hedef Kitle,Ticari,scope=ticari,structured_scope,2026-08-13T11:49:11+00:00
3902,660,usage_purpose,Kullanım Amacı,Müşterilere alışveriş finansmanı sunan alternatif satış kanalı,Kefalet (KFK) Bayide Finansman Hemen Başvur Bayide Finansman Nedir? Firmanızın ürün/hizmetlerini satın almak isteyen bireysel müşterilerin finansman kullanarak ücret bedelinin anında hesabınıza geçeceği alternatif online bir satış kanalıdır. Firmanız tarafından yetki verilecek personelleriniz kullanıcı adı ve şifresiyle Bayide Finansman platformunu kullanabilecek ve müşterilerinizin işlemlerini gerçekleştirecektir,albaraka_source_guardrail_v1,2026-08-13T11:49:11+00:00
3903,660,application_channel,Başvuru / Kanal,Bayi / Şube,emleri gerçekleştirilebilecektir. Müşterinizin kredibilitenize bakılmaksızın ve şubeye gerek kalmadan 60.000 TL’ye kadar finansman kullandırımı bayide yapılabilecektir. 60.000 TL üstünde kalan başvuruların olması halinde müşterinizi şubemize yönlendirerek işlemleri tamamlayabilirsiniz. 36 aya varan vadelerde taksitlendirme yapılabilecektir. Yasa,albaraka_source_guardrail_v1,2026-08-13T11:49:11+00:00
3904,660,transaction_limit,İşlem / Limit,Bayide şubesiz işlem 60.000 TL'ye kadar; üzeri şubede tamamlanır,emleri gerçekleştirilebilecektir. Müşterinizin kredibilitenize bakılmaksızın ve şubeye gerek kalmadan 60.000 TL’ye kadar finansman kullandırımı bayide yapılabilecektir. 60.000 TL üstünde kalan başvuruların olması halinde müşterinizi şubemize yönlendirerek işlemleri tamamlayabilirsiniz. 36 a,albaraka_source_guardrail_v1,2026-08-13T11:49:11+00:00
3905,661,target_segment,Hedef Kitle,Ticari,scope=ticari,structured_scope,2026-08-13T11:49:11+00:00
3906,661,usage_purpose,Kullanım Amacı,DBS'ye yüklenen faturaların teminatıyla fon kullanımı,"ik KOBİ Kart Tedarikçi Finansmanı “DBS Fatura Teminatlı Kredi” ile ana firmalar DBS sistemine yükledikleri faturaları teminata vererek fon kullanabiliyorlar. DBS avantajlarının yanı sıra; daha rahat limit tahsisi, mevcut limitlerinizi artırma ve ek bir teminat vermeden fon kullanılabilme imkânlarına kavuşursunuz. DBS",albaraka_source_guardrail_v1,2026-08-13T11:49:11+00:00
3907,661,application_channel,Başvuru / Kanal,Şube,ına kavuşursunuz. DBS Fatura Teminatlı Kredi ile ilgili detaylı bilgi için sizi en yakın Albaraka Türk şubemize davet ediyoruz.,albaraka_source_guardrail_v1,2026-08-13T11:49:11+00:00
3908,661,security_type,Teminat / Güvence,DBS'ye yüklenen faturalar,"nsmanı “DBS Fatura Teminatlı Kredi” ile ana firmalar DBS sistemine yükledikleri faturaları teminata vererek fon kullanabiliyorlar. DBS avantajlarının yanı sıra; daha rahat limit tahsisi, mevcut limitlerinizi artırma ve ek bir teminat vermeden fon kullanılabilme imkânlarına kavuşursunuz.",albaraka_source_guardrail_v1,2026-08-13T11:49:11+00:00
3909,662,transaction_structure,İşlem / Finansman Yapısı,ELÜS teminatlı finansman,"Albaraka Mobil Mobil Bankacılık Aç Elüs Teminatlı Kredi Anasayfa KOBİ Finansmanlar Kobi Nakdi Finansman Elüs Teminatlı Kredi Kobi Finansman Desteği Proje Finansmanı DBS Fatura Teminatlı Kredi Kira Sertifikası Teminatlı Kredi Elüs Teminatlı Kredi Jet Ticari Finansman Pratik KOBİ Kart Tedarikçi Finansmanı ELÜS, lisanslı depolara teslim edilen tarım ürünleri karşılığında düzenlenen ve depolanan ürün detayını gösteren; Merkezi Kayıt Kuruluşu (MKK) nezdinde elektronik olarak saklanan, yetkili ticaret",product_identity,2026-08-13T11:49:11+00:00
3910,662,target_segment,Hedef Kitle,Ticari,scope=ticari,structured_scope,2026-08-13T11:49:11+00:00
3911,662,usage_purpose,Kullanım Amacı,ELÜS teminatıyla tarımsal ürün karşılığı finansman,"Albaraka Mobil Mobil Bankacılık Aç Elüs Teminatlı Kredi Anasayfa KOBİ Finansmanlar Kobi Nakdi Finansman Elüs Teminatlı Kredi Kobi Finansman Desteği Proje Finansmanı DBS Fatura Teminatlı Kredi Kira Sertifikası Teminatlı Kredi Elüs Teminatlı Kredi Jet Ticari Finansman Pratik KOBİ Kart Tedarikçi Finansmanı ELÜS, lisanslı depolara teslim edilen tarım ürünleri karşılığında düzenlenen ve depolanan ürün detayını gösteren; Merkezi Kayıt Kuruluşu (",albaraka_source_guardrail_v1,2026-08-13T11:49:11+00:00
3912,662,application_channel,Başvuru / Kanal,Şube,kdi finansman ürünüdür. ELÜS Teminatlı Kredı ile ilgili detaylı bilgi için sizi en yakın Albaraka Türk şubemize davet ediyoruz.,albaraka_source_guardrail_v1,2026-08-13T11:49:11+00:00
3913,662,security_type,Teminat / Güvence,ELÜS,"Albaraka Mobil Mobil Bankacılık Aç Elüs Teminatlı Kredi Anasayfa KOBİ Finansmanlar Kobi Nakdi Finansman Elüs Teminatlı Kredi Kobi Finansman Desteği Proje Finansmanı DBS Fatura Teminatlı Kredi Kira Sertifikası Teminatlı Kredi Elüs Teminatlı Kredi Jet Ticari Finansman Pratik KOBİ Kart Tedarikçi Finansmanı ELÜS, lisanslı depolara teslim edilen tarım ürünleri karşılığında düzenlenen ve depolanan ü",albaraka_source_guardrail_v1,2026-08-13T11:49:11+00:00
3914,663,target_segment,Hedef Kitle,Ticari,scope=ticari,structured_scope,2026-08-13T11:49:11+00:00
3915,663,usage_purpose,Kullanım Amacı,İşletme finansman ihtiyacının dijital kanallardan karşılanması,"n belirlenen limitler dahilinde kurumsal finansman kullanabileceği ürünümüzdür. İşletmenizi büyütmek isteyen bir Kobi’yseniz ve finansman ihtiyacınız varsa finansal desteği size en uygun geri ödeme seçeneğiyle Albaraka’da! Ürün Detayları Tüzel nitelikli müşterilerimiz faydalanabilecektir. (Şahıs firmaları da dahildir.) Müşteri,",albaraka_source_guardrail_v1,2026-08-13T11:49:11+00:00
3916,663,application_channel,Başvuru / Kanal,Kurumsal İnternet Bankacılığı / Dijital Kanallar,"Finansman desteğinden yararlanabilecektir. Jet Ticari Finansman Başvuru Süreci Kurumsal internet bankacılığındaki Finansman> Jet Ticari Finansman> Jet Ticari Finansman Başvuru menüsüne giriş yapılır. İlgili menüye girildikten sonra taksit sayısı, finansman tutarı ve ilk taksit tarihi seçilir. Daha sonrasında satıcı bilgileri, ödeme tutarı ve ödeme açıklaması girilir. Akabinde",albaraka_source_guardrail_v1,2026-08-13T11:49:11+00:00
3917,663,digital_process,Dijital İşlem,Evet,i Finansmanı Jet Ticari Finansman; İşletme Kredisi limiti olan müşterilerimizin şubeye gitmeden dijital kanallar üzerinden belirlenen limitler dahilinde kurumsal finansman kullanabileceği ürünümüzdür. İşletmenizi büyütmek isteyen bir Kobi’yseniz ve finansman ihtiyacınız varsa finansal desteği size en,albaraka_source_guardrail_v1,2026-08-13T11:49:11+00:00
3918,664,target_segment,Hedef Kitle,Ticari,scope=ticari,structured_scope,2026-08-13T11:49:11+00:00
3919,664,usage_purpose,Kullanım Amacı,Teminat desteğiyle finansmana erişimin kolaylaştırılması,"e Finansman KFK, kurumsal bir kefalet kuruluşu olarak faaliyet göstermekte olup teminat yetersizliği nedeniyle finansman ihtiyacını gideremeyen Küçük ve Orta Büyüklükteki İşletmelerin (KOBİ) ve KOBİ Dışı işletmelerin, finansmana erişimlerini sağlamaktadır. Katılım Finans Kefalet, sektörün kendi bünyesinde kefalet ihtiyaçlarını karşılayarak katılım ekosisteminin güçlendirilmesine katkı sağlamayı hedeflemektedir.",albaraka_source_guardrail_v1,2026-08-13T11:49:11+00:00
3920,664,application_channel,Başvuru / Kanal,Şube,inde yönetilmektedir. KFK Destekli krediler hakkında detaylı bilgi için sizleri en yakın şubemize bekliyoruz.,albaraka_source_guardrail_v1,2026-08-13T11:49:11+00:00
3921,664,security_type,Teminat / Güvence,KFK kefaleti,"firmalar, esnaf ve sanatkârlar, kadın ve genç girişimciler ve tarım işletmeleri KFK kefaletinden yararlanarak finansman kullanabilir. KFK, Katılım bankacılığı prensiplerine uygun olmak kaydıyla işletmelerin ihtiyaç duyduğu her türlü TL veya döviz cinsinden nakdi ve gayrinakdi finansmanlar",albaraka_source_guardrail_v1,2026-08-13T11:49:11+00:00
3922,665,target_segment,Hedef Kitle,Ticari,scope=ticari,structured_scope,2026-08-13T11:49:11+00:00
3923,665,usage_purpose,Kullanım Amacı,Kira sertifikalarının teminatıyla finansman,"Finansman Pratik KOBİ Kart Tedarikçi Finansmanı Albaraka’da değerlendirdiğiniz kira sertifikalarınızı finansmanlarınızda teminat olarak kullanabilir, işlemlerinizi hızlıca sonuçlandırabilirsiniz. Detaylı bilgi ve başvuru için sizi şubelerimize bekliyoruz. Özellikler Kira sertifika teminatlı finansman ürünümüzden,",albaraka_source_guardrail_v1,2026-08-13T11:49:11+00:00
3924,665,application_channel,Başvuru / Kanal,Şube,"ak kullanabilir, işlemlerinizi hızlıca sonuçlandırabilirsiniz. Detaylı bilgi ve başvuru için sizi şubelerimize bekliyoruz. Özellikler Kira sertifika teminatlı finansman ürünümüzden, mevcutta bankamızda kira sertifikası yatırımı bulunan müşterilerimiz yararlanabilir. Kira sertifikası ile ku",albaraka_source_guardrail_v1,2026-08-13T11:49:11+00:00
3925,665,security_type,Teminat / Güvence,Kira sertifikası,"Finansman Pratik KOBİ Kart Tedarikçi Finansmanı Albaraka’da değerlendirdiğiniz kira sertifikalarınızı finansmanlarınızda teminat olarak kullanabilir, işlemlerinizi hızlıca sonuçlandırabilirsiniz. Detaylı bilgi ve başvuru için sizi şubelerimize bekliyoruz. Özellikler Kira sertifika teminatlı finansman ürünüm",albaraka_source_guardrail_v1,2026-08-13T11:49:11+00:00
3926,666,target_segment,Hedef Kitle,Ticari,scope=ticari,structured_scope,2026-08-13T11:49:11+00:00
3927,666,usage_purpose,Kullanım Amacı,POS ve online kanallarda işletme finansman ihtiyacının karşılanması,"man Pratik KOBİ Kart Tedarikçi Finansmanı Kart limiti bulunan müşterilerimizin, Fiziki Pos/Mail Order/Sanal Pos üzerinden pratik ve hızlı bir şekilde işletme finansman ihtiyaçlarını karşılayabileceği ürünümüzdür. Ürünün Özellikleri Tüzel nitelikli müşterilerimiz faydalanabilecektir. (Şahıs firmaları da dahildir.) Müşteri, belirlenen ve tanımlanan üst limite k",albaraka_source_guardrail_v1,2026-08-13T11:49:11+00:00
3928,666,application_channel,Başvuru / Kanal,Fiziki POS · Mail Order · Sanal POS / Şube,"man Pratik KOBİ Kart Tedarikçi Finansmanı Kart limiti bulunan müşterilerimizin, Fiziki Pos/Mail Order/Sanal Pos üzerinden pratik ve hızlı bir şekilde işletme finansman ihtiyaçlarını karşılayabileceği ürünümüzdür. Ürünün Özellikleri Tüzel nitelikli müşterilerimiz faydalanabilecektir. (Şahıs firmaları da dahildir.) Müşteri, belirlenen ve tanımlanan üst limite kadar bu üründen istifade edebi",albaraka_source_guardrail_v1,2026-08-13T11:49:11+00:00
3929,667,target_segment,Hedef Kitle,Ticari,scope=ticari,structured_scope,2026-08-13T11:49:11+00:00
3930,667,usage_purpose,Kullanım Amacı,"Yenilenebilir enerji, altyapı ve imalat yatırımlarının finansmanı","Elüs Teminatlı Kredi Jet Ticari Finansman Pratik KOBİ Kart Tedarikçi Finansmanı Yenilenebilir enerji projeleri, altyapı/üst yapı, imalat başta olmak üzere daha birçok alandaki yatırım projelerine kaynak sağlamaya yönelik finansman seçenekleri sunar. Özellikler Albaraka Türk’ ün proje finansmanı tecrübelerinden faydalanarak yatırımlarınızı hayata geçirebilirsiniz. Projeleriniz içi",albaraka_source_guardrail_v1,2026-08-13T11:49:11+00:00
3931,667,application_channel,Başvuru / Kanal,Şube,vade seçeneklerinden yararlanabilirsiniz. Ürünümüz ile ilgili detaylı bilgi ve başvuru için sizi şubelerimize bekliyoruz.,albaraka_source_guardrail_v1,2026-08-13T11:49:11+00:00
3932,668,target_segment,Hedef Kitle,Ticari,scope=ticari,structured_scope,2026-08-13T11:49:11+00:00
3933,668,usage_purpose,Kullanım Amacı,Vadeli alacakların teminata verilerek finansmana dönüştürülmesi,"man Pratik KOBİ Kart Tedarikçi Finansmanı Tedarikçi Finansman Sistemi (TFS) ile vadeli alacağı olan kobiler, alacaklarını Albaraka Türk’e teminata vererek finansman kullanabiliyor. Tedarikçi Finansman Sistemize kayıtlı ana firmalar ile çalışan kobiler: Kolay teminat yaratabilme, Finansmana kolay ulaşım, Alacaklarını zamanında tahsil edebilme,",albaraka_source_guardrail_v1,2026-08-13T11:49:11+00:00
3934,668,application_channel,Başvuru / Kanal,Şube,un süreli ve güçlü ilişki kurma gibi imkanlara kavuşur. Detaylı bilgi için sizi en yakın Albaraka Türk şubesine davet ediyoruz,albaraka_source_guardrail_v1,2026-08-13T11:49:11+00:00
3935,669,target_segment,Hedef Kitle,Ticari · İşletmeler,"Özellikler Kobi işletmeniz için mamul, yarı mamul ve ham madde alımlarınızda finansal destek alabilirsiniz.",source_and_structured_scope,2026-08-13T11:49:11+00:00
3936,669,usage_purpose,Kullanım Amacı,"İşletme yatırımı / mal, hizmet ve gayrimenkul finansmanı","ze en uygun geri ödeme seçeneğiyle Albaraka’da! Özellikler Kobi işletmeniz için mamul, yarı mamul ve ham madde alımlarınızda finansal destek alabilirsiniz. İhtiyaç duyduğunuz tüm mal, araç gereç, gayrimenkul ve hizmet bedeli için finansal destek alabilirsiniz. Önce",albaraka_source_guardrail_v1,2026-08-13T11:49:11+00:00
3937,670,target_segment,Hedef Kitle,Bireysel,scope=bireysel,structured_scope,2026-08-13T11:49:11+00:00
3938,670,usage_purpose,Kullanım Amacı,BES birikimini bozmadan ihtiyaç finansmanı,i yoluyla bankalara devredebilmesine olanak sağlanmıştır. Bu olanak ile kişiler BES birikimlerini ve devlet katkısını kaybetmeden birikimlerini teminat göstererek finansman sağlayabileceklerdir. BES Teminatlı Finansman Kullanmanın Avantajları Nelerdir? Bireysel Emeklilik Sistemi içerisinde ödediğiniz katkı payı tutarının %30’u oranında devlet desteği,albaraka_source_guardrail_v1,2026-08-13T11:49:11+00:00
3939,670,application_channel,Başvuru / Kanal,Şube,in size en yakın Albaraka Şubesi üzerinden başvurunuzu gerçekleştirebilirsiniz. Finansmana yalnızca Albaraka Türk şubelerinden başvurulabilecektir. Finansman yalnızca Bireysel İhtiyaç Finansmanlarının BES Teminata alınarak kullanılabilecektir. BES’imizin bulunan Emeklilik Gözetim Şirketi’ne başvuruda bulu,albaraka_source_guardrail_v1,2026-08-13T11:49:11+00:00
3940,670,transaction_structure,İşlem / Finansman Yapısı,BES birikimi teminat olarak kullanılır · Nakit kullandırım yok,i yoluyla bankalara devredebilmesine olanak sağlanmıştır. Bu olanak ile kişiler BES birikimlerini ve devlet katkısını kaybetmeden birikimlerini teminat göstererek finansman sağlayabileceklerdir. BES Teminatlı Finansman Kullanmanın Avantajları Nelerdir? Bireysel Emeklilik Sistemi içerisinde ödediğiniz katkı payı tutarının %30’u oranında devlet desteği,albaraka_source_guardrail_v1,2026-08-13T11:49:11+00:00
3941,670,security_type,Teminat / Güvence,BES birikimi,"bozmak istemiyorum ama bu eşyalar nasıl yenilenecek diyorsanız, Türkiye’nin ilk BES birikimlerinizi bozmayan taksitli finansmanı BES Teminatlı Finansman ile tanışın. Hem kafanız hem geleceğiniz rahat olsun! Müşterimiz değilseniz Albaraka Mobil’de yer alan “Müşteri Olmak İstiyorum” butonuna tıklayarak görüntülü görüşme",albaraka_source_guardrail_v1,2026-08-13T11:49:11+00:00
3942,670,cost_advantage,Maliyet / Avantaj,Standart oranlardan 20 puan indirim,ndan yararlanabileceklerdir. Bes Teminatlı İhtiyaç Finansmanı kullanımlarınızda standart oranlarımız üzerinden 20 puan indirim yapılacaktır. Sık Sorulan Sorular BES’imi teminata vererek nakit olarak bankanızdan tutar alabilir miyim? Hayır. Nakit olarak finansman desteği sağlanmamaktadır. BES’imi blokeye a,albaraka_source_guardrail_v1,2026-08-13T11:49:11+00:00
3943,671,usage_purpose,Kullanım Amacı,Eğitim masraflarının finansmanı,re Finansmanı Eğitim finansmanı ile ister kendiniz için ister de çocuğunuz için eğitim masraflarını 12 aya kadar taksitlendirme imkânı Albaraka’da! Üstelik kefil şartı yok! Eğitim Finansmanı Nedir? Albaraka Eğitim Finansmanı ile kreşten yükseköğretim ve master eğitimine kadar eğitim süreçler,albaraka_source_guardrail_v1,2026-08-13T11:49:11+00:00
3944,671,application_channel,Başvuru / Kanal,Şube · Web Sitesi / Albaraka Mobil (Jet Finansman üzerinden),inansmanınızı kullanabilmek için Jet Finansman sayfamızı ziyaret edebilirsiniz. Şubelerimiz üzerinden Eğitim Finansmanına başvurmak ve detaylı bilgi almak için en yakın şubemize uğrayabilirsiniz Albaraka Mobil İndir Jet Finansman Başvurusu Başvuru İçin Gerekli Belgeler Nelerdir? Şubelerimizden yapacağınız b,albaraka_source_guardrail_v1,2026-08-13T11:49:11+00:00
3945,671,digital_process,Dijital İşlem,Evet,de finansmanımızdan yararlanabilirsiniz. Eğitim Finansmanına Nasıl Başvurulur? Şubeye gitmeden dilediğiniz yerden ve anında eğitim finansmanınızı kullanabilmek için Jet Finansman sayfamızı ziyaret edebilirsiniz. Şubelerimiz üzerinden Eğitim Finansmanına başvurmak ve detaylı bilgi almak için en yakın şubemize uğrayabilirsiniz Albaraka Mobil İndir Jet Finans,albaraka_source_guardrail_v1,2026-08-13T11:49:11+00:00
3946,671,target_segment,Hedef Kitle,Bireysel · Serbest Meslek · Tüzel Kişi,"belerimizden yapacağınız başvurular için gerekli belgeler Eğitim finansmanından gerçek kişi olarak yararlanmak isterseniz satın alınacak hizmetin proforma faturası, kimlik kartı ve gelir belgesi gerekmektedir. Ücretli çalışansanız maaş bordronuzu veya net maaş tutarınızı gösteren işyeri ta",albaraka_source_guardrail_v1,2026-08-13T11:49:11+00:00
3947,671,security_type,Teminat / Güvence,Kefil şartı yok,çin eğitim masraflarını 12 aya kadar taksitlendirme imkânı Albaraka’da! Üstelik kefil şartı yok! Eğitim Finansmanı Nedir? Albaraka Eğitim Finansmanı ile kreşten yükseköğretim ve master eğitimine kadar eğitim süreçlerindeki tüm masraflarınızda kendiniz ya da çocuklarınız için,albaraka_source_guardrail_v1,2026-08-13T11:49:11+00:00
3948,671,repayment_structure,Ödeme / Kullanım Yapısı,12 aya kadar · Aylık eşit veya değişken tutarlı ödeme,finansmanı ile ister kendiniz için ister de çocuğunuz için eğitim masraflarını 12 aya kadar taksitlendirme imkânı Albaraka’da! Üstelik kefil şartı yok! Eğitim Finansmanı Nedir? Albaraka Eğitim Finansmanı ile kreşten yükseköğretim ve master eğitimine kadar eğitim süreçlerindeki tüm ma,albaraka_source_guardrail_v1,2026-08-13T11:49:11+00:00
3949,672,target_segment,Hedef Kitle,Bireysel,scope=bireysel,structured_scope,2026-08-13T11:49:11+00:00
3950,672,usage_purpose,Kullanım Amacı,"Alışveriş, eğitim, sağlık, tatil ve benzeri ihtiyaçların finansmanı","niz! Mobilya, cep telefonu, bilgisayar, beyaz eşya, elektrikli ev aletleri gibi alışverişleriniz için ya da eğitim, sağlık, tatil, düğün organizasyonu, hac/umre ziyaretleri vb. harcamalarınız için minimum 1.000 TL, maksimum 60.000 TL’ye kadar Jet Finansman başvurusu yapabilir, tüm ihtiyaçlarınıza kolayca ulaşabilirsiniz.* Cep telefonlarında 20.000 TL’ye",albaraka_source_guardrail_v1,2026-08-13T11:49:11+00:00
3951,672,application_channel,Başvuru / Kanal,Albaraka Mobil · Web Sitesi,"ansman’a Nasıl Başvurulur? Albaraka müşterisi iseniz; Jet Finansman başvurunuzu Albaraka Mobil üzerinden ya da “Hemen Başvur” butonuna tıklayarak yapabilirsiniz. Albaraka Mobil üzerinden başvuru yapmak için, “Finansman İşlemleri” menüsünden “Finansman Başvurusu”na girerek kişisel bilgilerinizi doldurup b",albaraka_source_guardrail_v1,2026-08-13T11:49:11+00:00
3952,672,digital_process,Dijital İşlem,Evet,"lbaraka’da! Dilediğiniz mağazadan ya da kurumdan yaptığınız harcamalarınız için Albaraka Mobil üzerinden anında finansman kullanın, ihtiyaçlarınızı ertelemeden hemen kavuşma imkanına sahip olun! 1.000-50.000 TL arası finansmanlarda 36 Ay, 50.001-100.000 TL arası finansmanlarda 24 Ay, 100.001 TL ve üz",albaraka_source_guardrail_v1,2026-08-13T11:49:11+00:00
3953,672,repayment_structure,Ödeme / Kullanım Yapısı,Tutar bandına göre 36/24/12 ay · İlk taksit en geç 45 gün sonra,"ansman kullanın, ihtiyaçlarınızı ertelemeden hemen kavuşma imkanına sahip olun! 1.000-50.000 TL arası finansmanlarda 36 Ay, 50.001-100.000 TL arası finansmanlarda 24 Ay, 100.001 TL ve üzeri arası finansmanlarda 12 Ay’a kadar vade imkanından faydalanabilirsiniz. Jet Finansman Nedir? Jet Finansman ile a",albaraka_source_guardrail_v1,2026-08-13T11:49:11+00:00
3954,673,target_segment,Hedef Kitle,Bireysel,scope=bireysel,structured_scope,2026-08-13T11:49:11+00:00
3955,673,usage_purpose,Kullanım Amacı,"Motosiklet, ATV veya bisiklet alımının finansmanı","Umre Finansmanı Jet Finansman Başvurusu Motosiklet finansmanı ile hayalinizdeki motosiklet, ATV veya bisikleti satın almak artık çok daha kolay! Albaraka Türk, motorlu veya motorsuz taşıt talepleriniz için avantajlı finansman seçenekleri sunuyor. Motosiklet, ATV, Bisiklet Finansmanının Özellikleri Fin",albaraka_source_guardrail_v1,2026-08-13T11:49:11+00:00
3956,673,application_channel,Başvuru / Kanal,Şube,da proforma fatura ibrazı gerekmektedir. Başvuru Süreci Gerekli belgelerle size en yakın Albaraka Türk şubesine uğrayın. Başvuru formunu doldurun ve süreci başlatın. Eksiksiz bilgi ve belgelerle yapılan başvurular ortalama 24 saat içinde sonuçlanır. Detaylı bilgi almak ve bankacılık işlemlerinizi g,albaraka_source_guardrail_v1,2026-08-13T11:49:11+00:00
3957,673,repayment_structure,Ödeme / Kullanım Yapısı,Aylık eşit taksit · Tutar bandına göre 36/24/12 ay,lirsiniz. 36 aya kadar vade imkanıyla ödemelerinizi kolayca planlayabilirsiniz. Aylık eşit taksitli ödeme seçenekleri ile bütçenizi zorlamadan geri ödeme yapabilirsiniz. Finansman Tutarları ve Taksit Bilgileri Finansman Tutarı Taksit Miktarı 125.000 TL’ye kadar Maksimum 36 ay vade 125,albaraka_source_guardrail_v1,2026-08-13T11:49:11+00:00
3958,674,target_segment,Hedef Kitle,Bireysel,scope=bireysel,structured_scope,2026-08-13T11:49:11+00:00
3959,674,usage_purpose,Kullanım Amacı,Yurt içi POS ve online alışveriş ihtiyaçlarının finansmanı,"sıl Başvurulur? Pratik Finansman Kart, ihtiyaç finansmanınızı cebinize taşıyan, yurtiçi tüm POS ve online alışverişlerinizde kullanabileceğiniz, Albaraka’nın yepyeni bir ürünüdür. Pratik Finansman Karta İster Albaraka Mobil ve İnternet şubemiz üzerinden, isterseniz de en yakın şubelerimize gelerek başvuru yapabilirsiniz.",albaraka_source_guardrail_v1,2026-08-13T11:49:11+00:00
3960,674,application_channel,Başvuru / Kanal,Albaraka Mobil · İnternet Şubesi · Şube,"anabileceğiniz, Albaraka’nın yepyeni bir ürünüdür. Pratik Finansman Karta İster Albaraka Mobil ve İnternet şubemiz üzerinden, isterseniz de en yakın şubelerimize gelerek başvuru yapabilirsiniz. Müşterimiz değilseniz; Albaraka Mobil üzerinden hemen görüntülü görüşme ile müşterimiz olarak Pratik Finansman Kart başvurunuzu İşlem > Finansman İ",albaraka_source_guardrail_v1,2026-08-13T11:49:11+00:00
3961,674,digital_process,Dijital İşlem,Evet,"k ihtiyacınızı Pratik Finansman kartınız ile anında karşılayabilirsiniz. Ayrıca online alışverişlerinizde de yanınızda! Hemen Başvur Hemen Başvur Pratik Finansman Kart Nedir ve Nasıl Başvurulur? Pratik Finansman Kart, ihtiyaç finansmanınızı cebinize taşıyan, yurtiçi tüm POS ve online",albaraka_source_guardrail_v1,2026-08-13T11:49:11+00:00
3962,674,repayment_structure,Ödeme / Kullanım Yapısı,İlk taksit 2 ay sonraya otomatik atanır · İlk taksit toplamda 3 aya kadar ötelenebilir,için birden fazla finansman kullanımını yapabilirsiniz. Pratik Finansman Kartta ilk taksit tarihiniz 2 ay sonraya otomatik olarak atanır. Dilerseniz 3 aya varan ödemesiz dönem seçebilirsiniz. Kartın kullanım süresini bu seçiminize göre belirleyebilirsiniz. 125.000 TL’ye kadar 2 ay ödemesiz dönem seçeneği ile 36 aya,albaraka_source_guardrail_v1,2026-08-13T11:49:11+00:00
3963,675,target_segment,Hedef Kitle,Bireysel,scope=bireysel,structured_scope,2026-08-13T11:49:11+00:00
3964,675,usage_purpose,Kullanım Amacı,"Konut, taşıt, tüketici ve eğitim finansmanı için SMS başvurusu","t Finansman Motosiklet, ATV , Bisiklet Eğitim Finansmanı Hac ve Umre Finansmanı SMS ile Konut, Taşıt, Tüketici finansmanı taleplerinize dair destek Albaraka’ da. Nasıl Kullanılır? SMS ile finansman başvurusu yapabilmek için sırasıyla TCKN, Doğum Tarihi (Gün Ay Yıl), Aylık Gelir, Finansman Türü (konut",albaraka_source_guardrail_v1,2026-08-13T11:49:11+00:00
3965,675,application_channel,Başvuru / Kanal,SMS 4462 · Şube,"itim), Talep Edilen Tutar ve Vade bilgileri aralarında birer boşluk bırakılarak 4462’ye mesaj atılır. Müşteriye ret veya onay mesajı ile dönüş yapılır. Onay alan müşteri limitini kullanmak istediğinde bankamız müşterisi ise ana şubesine, bankamız müşterisi değil ise herhangi bir",albaraka_source_guardrail_v1,2026-08-13T11:49:11+00:00
3966,675,transaction_structure,İşlem / Finansman Yapısı,SMS ile ön onay · Finansman kullanımı şubede,"itim), Talep Edilen Tutar ve Vade bilgileri aralarında birer boşluk bırakılarak 4462’ye mesaj atılır. Müşteriye ret veya onay mesajı ile dönüş yapılır. Onay alan müşteri limitini kullanmak istediğinde bankamız müşterisi ise ana şubesine, bankamız müşterisi değil ise herhangi bir",albaraka_source_guardrail_v1,2026-08-13T11:49:11+00:00
3967,676,target_segment,Hedef Kitle,Bireysel,scope=bireysel,structured_scope,2026-08-13T11:49:11+00:00
3968,676,usage_purpose,Kullanım Amacı,Bireysel tüketim ve temel ihtiyaçların finansmanı,"ya kadar vade seçeneklerinden faydalanabilirsiniz. Temel ihtiyaç finansmanı ile eşya alımlarından sağlık giderlerine, tatil planlarından teknolojik aletlere kadar birçok alanda uygun vade seçenekleri ile ihtiyacınızı karşılayın. İhtiyaç Finansmanı Oranları ve Taksit Seçenekleri Finansman Tutarı Maksimum Vade Seçeneği 125.000 TL'ye kad",albaraka_source_guardrail_v1,2026-08-13T11:49:11+00:00
3969,676,application_channel,Başvuru / Kanal,Web Sitesi · Albaraka Mobil · İnternet Şubesi · Şube,"larıyla ihtiyacınız kadarını alın, ödemeleri rahat rahat yapın. Fiziki şubeler, mobil uygulama ve internet şube üzerinden kolaylıkla tüm işlemlerinizi yerine getirin! Jet Finansman Başvurusu En Uygun İhtiyaç Finansmanı | 36 Aya Kadar Vadeli Faizsiz bankacılık prensiplerine uygun tüketici finansmanı d",albaraka_source_guardrail_v1,2026-08-13T11:49:11+00:00
3970,676,repayment_structure,Ödeme / Kullanım Yapısı,Tutar bandına göre 36/24/12 ay · Esnek ödeme planı,"telemeyin! İster yeni bir eşya ister tatile çıkmak olsun, uygun kar oranları ve esnek ödeme planlarıyla ihtiyacınız kadarını alın, ödemeleri rahat rahat yapın. Fiziki şubeler, mobil uygulama ve internet şube üzerinden kolaylıkla tüm işlemlerinizi yerine getirin! Jet Finansman Baş",albaraka_source_guardrail_v1,2026-08-13T11:49:11+00:00
3971,677,target_segment,Hedef Kitle,Bireysel,scope=bireysel,structured_scope,2026-08-13T11:49:11+00:00
3972,677,usage_purpose,Kullanım Amacı,Umre organizasyonunun finansmanı,"anı, Diyanet İşleri Başkanlığı ile anlaşması olan acenteler üzerinden yapılacak umre organizasyonlarında kullanılmak üzere, tamamen mobil uygulama üzerinden başvurulup sonuçlandırılabilen kar paysız finansman ürünümüzdür. Başvuru adımları ve daha fazlası için tıklayınız. Neler Sunuyoruz? Vade Farksız",albaraka_source_guardrail_v1,2026-08-13T11:49:11+00:00
3973,677,application_channel,Başvuru / Kanal,Albaraka Mobil,aksite kadar geri ödeme seçeneği. Tamamen Dijital Süreç: Başvurudan onaya kadar tüm süreç Albaraka Mobil üzerinden yürütülür. Şubeye gitmenize gerek kalmaz. Başvuru Adımları Albaraka Mobil Uygulamasını indirerek müşteri olun ya da mevcut müşteriyseniz giriş yapın. Menüden İşlemler > Finansman,albaraka_source_guardrail_v1,2026-08-13T11:49:11+00:00
3974,677,digital_process,Dijital İşlem,Evet,arksız finansman imkânı. Kolay Geri Ödeme: 4 taksite kadar geri ödeme seçeneği. Tamamen Dijital Süreç: Başvurudan onaya kadar tüm süreç Albaraka Mobil üzerinden yürütülür. Şubeye gitmenize gerek kalmaz. Başvuru Adımları Albaraka Mobil Uygulamasını indirerek müşteri olun ya da mevc,albaraka_source_guardrail_v1,2026-08-13T11:49:11+00:00
3975,677,repayment_structure,Ödeme / Kullanım Yapısı,4 eşit taksit · Vade farksız,elidir. 50.000 TL’ye kadar finansman sağlanabilir. Vade farksız olarak sunulur. 4 eşit taksit imkanı sunulmaktadır. Yalnızca Diyanet İşleri Başkanlığı ile anlaşması bulunan ve Bankamızda hesabı bulunan acenteler için geçerlidir. Bu acentelerden alınan belgelerle başvuru ya,albaraka_source_guardrail_v1,2026-08-13T11:49:11+00:00
3976,678,target_segment,Hedef Kitle,Bireysel,scope=bireysel,structured_scope,2026-08-13T11:49:11+00:00
3977,678,usage_purpose,Kullanım Amacı,"Büro, dükkân, mağaza, depo gibi iş yeri gayrimenkulünün finansmanı","ketinizi büyütmek ya da faaliyetlerinizi sürdürmek için satın almak istediğiniz büro, dükkan, mağaza, lojman, depo gibi gayrimenkuller için finansman desteği alabilirsiniz. Ödemelerinizi 60 aya kadar kredilendirebilir, geri ödemelerinizi aylık eşit taksitler halinde yapabilirsiniz. Bunun yanı sıra ödemelerinizi 2 ayda bir, 3 ay",albaraka_source_guardrail_v1,2026-08-13T11:49:11+00:00
3978,678,application_channel,Başvuru / Kanal,Şube,"Şartları 18 yaşını tamamladıysanız, işyeri finansmanına başvurabilirsiniz. Size en yakın Albaraka Türk şubesine uğrayarak başvuru formunu doldurabilir ve işinizi büyütmek için bu yatırım imkânından faydalanabilirsiniz. Bilgi ve belgelerinizde eksik yoksa başvurunuz ortalama 24 saat içinde sonuçlandırılır. De",albaraka_source_guardrail_v1,2026-08-13T11:49:11+00:00
3979,678,repayment_structure,Ödeme / Kullanım Yapısı,Aylık eşit · 2/3 ayda bir · değişken tutarlı esnek taksit,"nizi aylık eşit taksitler halinde yapabilirsiniz. Bunun yanı sıra ödemelerinizi 2 ayda bir, 3 ayda bir ya da değişken tutarlı esnek taksitler halinde yapabilirsiniz. Satın almak istediğiniz gayrimenkulün ekspertiz* değerinin %100'üne kadar finansal destek alabilirsiniz. (*) Ekspertiz işlemi Albaraka Türk'ün anlaşmalı ol",albaraka_source_guardrail_v1,2026-08-13T11:49:11+00:00
3980,679,usage_purpose,Kullanım Amacı,Hac ve umre ziyaret giderlerinin finansmanı,"AlbarakaMobil İndir Hac/Umre Finansmanı Nedir? Albaraka Hac/Umre Finansmanı ile hac ve umre ziyaretleriniz için gerekli olan ödeme için finansman desteği alabilir, avantajlı kâr payı oranlarıyla 36 aya kadar vade imkanından yararlanabilirsiniz. Hac/Umre Finansmanının Avantajları Nelerdir? Hac ve umre finansmanında hac ve umre bedel",albaraka_source_guardrail_v1,2026-08-13T11:49:11+00:00
3981,679,application_channel,Başvuru / Kanal,Şube · Web Sitesi / Albaraka Mobil (Jet Finansman üzerinden),da maksimum 12 ay vadelendirilmektedir. Hac/Umre Finansmanına Nasıl Başvurulur? Şubeye gitmeden dilediğiniz yerden hac/umre finansmanınızı kullanabilmek için Jet Finansman sayfamızı ziyaret edebilirsiniz. Şubelerimiz üzerinden Hac ve Umre Finansmanına başvurmak ve detaylı bilgi almak için en yakın şubemize uğrayabilirsiniz. Başvuru İçin Gerekli Belg,albaraka_source_guardrail_v1,2026-08-13T11:49:11+00:00
3982,679,digital_process,Dijital İşlem,Evet,da maksimum 12 ay vadelendirilmektedir. Hac/Umre Finansmanına Nasıl Başvurulur? Şubeye gitmeden dilediğiniz yerden hac/umre finansmanınızı kullanabilmek için Jet Finansman sayfamızı ziyaret edebilirsiniz. Şubelerimiz üzerinden Hac ve Umre Finansmanına başvurmak ve detaylı bilgi almak için en yakın şubemize uğrayabilirsiniz. Başvuru İçin Gerekli Belg,albaraka_source_guardrail_v1,2026-08-13T11:49:11+00:00
3983,679,target_segment,Hedef Kitle,Bireysel · Serbest Meslek · Tüzel Kişi,"lerimizden yapacağınız başvurular için gerekli belgeler Hac/Umre finansmanından gerçek kişi olarak yararlanmak isterseniz satın alınacak hizmetin proforma faturası, kimlik kartı ve gelir belgesi gerekmektedir. Ücretli çalışansanız maaş bordronuzu veya net maaş tutarınızı gösteren işyeri ta",albaraka_source_guardrail_v1,2026-08-13T11:49:11+00:00
