product_id,bank_name,product_family_key,product_family,product_name,scope,source_page,minimum_financing_amount,maximum_financing_amount,minimum_maturity_months,maximum_maturity_months,profit_share_rate,profit_share_rate_text,interest_free,interest_free_text,checked_at,extracted_at,maturity_rules_text,maturity_reference_upper_amount,financing_ratio_rules_text,maximum_financing_ratio,housing_first_home_rules_text,housing_additional_home_rules_text,housing_finance_rules_json,vehicle_finance_rules_text,vehicle_age_rules_text,shopping_general_limit_amount,shopping_general_max_maturity_months,shopping_finance_rules_text,fee_waiver_text,insurance_fee_waived,allocation_fee_waived,commission_fee_waived,shopping_phone_rule_text,shopping_tablet_max_maturity_months,shopping_computer_max_maturity_months,finance_rules_json,source_url
639,Albaraka Türk,alisveris_finansmani,Alışveriş Finansmanı,Bayide Finansman,bireysel,https://www.albaraka.com.tr/tr/bireysel/finansmanlar,,,,36,,,0,,2026-08-13T11:47:25+00:00,2026-08-13T11:48:06+00:00,,,,,,,,,,,,Bilgisayar: 36 ay,,0,0,0,,,36,"{""amount_maturity_rules"": [], ""category_rules"": [], ""fee_rules"": [], ""offer_rules"": [{""condition_text"": ""Genel azami vade: 36 ay"", ""interest_free"": false, ""max_amount"": null, ""max_inclusive"": true, ""max_installments"": null, ""max_maturity_months"": 36, ""min_amount"": null, ""min_inclusive"": false, ""rule_label"": ""Ürüne Özel Finansman Koşulu"", ""rule_type"": ""product_offer"", ""source_text"": ""36 aya varan vadeler""}], ""pricing_tiers"": []}",https://www.albaraka.com.tr/tr/bireysel/finansmanlar/bayide-finansman
640,Albaraka Türk,arac_finansmani,Araç Finansmanı,Deniz Taşıtları Finansmanı,bireysel,https://www.albaraka.com.tr/tr/bireysel/finansmanlar,,,,36,,,0,,2026-08-13T11:47:26+00:00,2026-08-13T11:48:06+00:00,,,,,,,,,,,,,,0,0,0,,,,"{""amount_maturity_rules"": [], ""category_rules"": [], ""fee_rules"": [], ""offer_rules"": [], ""pricing_tiers"": []}",https://www.albaraka.com.tr/tr/bireysel/finansmanlar/tasit-finansmani/deniz-tasitlari-finansmani
641,Albaraka Türk,arac_finansmani,Araç Finansmanı,Dijital Araç Finansmanı,bireysel,https://www.albaraka.com.tr/tr/bireysel/finansmanlar,,,,36,,,0,,2026-08-13T11:47:27+00:00,2026-08-13T11:48:06+00:00,,,,,,,,"≤400 bin: %70 / 48 ay · 400 bin–800 bin: %50 / 36 ay · 800 bin–1,2 mn: %30 / 24 ay · 1,2 mn–2 mn: %20 / 12 ay · >2 mn: Kullandırım yok",,,,,,0,0,0,,,,"{""amount_maturity_rules"": [], ""category_rules"": [], ""fee_rules"": [], ""offer_rules"": [], ""pricing_tiers"": []}",https://www.albaraka.com.tr/tr/bireysel/finansmanlar/tasit-finansmani/dijital-arac-finansmani
642,Albaraka Türk,arac_finansmani,Araç Finansmanı,Taşıt Finansmanı,bireysel,https://www.albaraka.com.tr/tr/bireysel/finansmanlar,,,,48,,Hesaplama aracında dinamik,0,,2026-08-13T11:47:29+00:00,2026-08-13T11:48:06+00:00,≤ 400.000 TL → 48 ay | 400.001–800.000 TL → 36 ay | 800.001–1.200.000 TL → 24 ay | 1.200.001–2.000.000 TL → 12 ay,2000000.0,≤ 400.000 TL → %70 | 400.001–800.000 TL → %50 | 800.001–1.200.000 TL → %30 | 1.200.001–2.000.000 TL → %20,70.0,,,,≤ 400.000 TL: %70 / 48 ay · 400.001–800.000 TL: %50 / 36 ay · 800.001–1.200.000 TL: %30 / 24 ay · 1.200.001–2.000.000 TL: %20 / 12 ay,,,,,,0,0,0,,,,"{""amount_maturity_rules"": [], ""category_rules"": [], ""fee_rules"": [], ""offer_rules"": [], ""pricing_tiers"": []}",https://www.albaraka.com.tr/tr/bireysel/finansmanlar/tasit-finansmani/tasit-finansmani
643,Albaraka Türk,arac_finansmani,Araç Finansmanı,Taşıt Kiralama Finansmanı,bireysel,https://www.albaraka.com.tr/tr/bireysel/finansmanlar,,,,36,,,0,,2026-08-13T11:47:30+00:00,2026-08-13T11:48:06+00:00,,,,,,,,,,,,,,0,0,0,,,,"{""amount_maturity_rules"": [], ""category_rules"": [], ""fee_rules"": [], ""offer_rules"": [], ""pricing_tiers"": []}",https://www.albaraka.com.tr/tr/bireysel/finansmanlar/tasit-finansmani/tasit-kiralama-finansmani
644,Albaraka Türk,arac_finansmani,Araç Finansmanı,Togg Finansmanı,bireysel,https://www.albaraka.com.tr/tr/bireysel/finansmanlar,,,,48,,,0,,2026-08-13T11:47:30+00:00,2026-08-13T11:48:06+00:00,,,,70.0,,,,,,,,,,0,0,0,,,,"{""amount_maturity_rules"": [], ""category_rules"": [], ""fee_rules"": [], ""offer_rules"": [], ""pricing_tiers"": [{""allocation_fee_rate"": null, ""annual_total_cost_rate"": null, ""financing_amount"": 1000000.0, ""maturity_months"": 12, ""monthly_total_cost_rate"": null, ""pricing_variant"": ""T10F V2"", ""profit_share_rate"": 0.0, ""source_text"": ""T10F V2 | 12 | 1.000.000 | 0.00%""}, {""allocation_fee_rate"": null, ""annual_total_cost_rate"": null, ""financing_amount"": 1700000.0, ""maturity_months"": 48, ""monthly_total_cost_rate"": null, ""pricing_variant"": ""T10F V2"", ""profit_share_rate"": 2.99, ""source_text"": "". Araç Modeli Vade (Ay) Kredi Tutarı Aylık Kar Oranı T10F V2 12 1.000.000 0,00% T10F V2 48 1.700.000 2,99% T10X V2 12 800.000 0,00% T10X V2 48 1.700.000 2,99% T10X V2 4MORE 10 1.500.000 0,00% T10F V2 4MORE 36 1.500.000 3,05% Başvuru Nasıl Yapılır? İlgili belgelerle birlikte size en yak""}, {""allocation_fee_rate"": null, ""annual_total_cost_rate"": null, ""financing_amount"": 800000.0, ""maturity_months"": 12, ""monthly_total_cost_rate"": null, ""pricing_variant"": ""T10X V2"", ""profit_share_rate"": 0.0, ""source_text"": ""T10X V2 | 12 | 800.000 | 0.00%""}, {""allocation_fee_rate"": null, ""annual_total_cost_rate"": null, ""financing_amount"": 1700000.0, ""maturity_months"": 48, ""monthly_total_cost_rate"": null, ""pricing_variant"": ""T10X V2"", ""profit_share_rate"": 2.99, ""source_text"": ""T10F V2 12 1.000.000 0,00% T10F V2 48 1.700.000 2,99% T10X V2 12 800.000 0,00% T10X V2 48 1.700.000 2,99% T10X V2 4MORE 10 1.500.000 0,00% T10F V2 4MORE 36 1.500.000 3,05% Başvuru Nasıl Yapılır? İlgili belgelerle birlikte size en yakın Albaraka Türk şubesine başvurarak formu doldurman""}, {""allocation_fee_rate"": null, ""annual_total_cost_rate"": null, ""financing_amount"": 1500000.0, ""maturity_months"": 10, ""monthly_total_cost_rate"": null, ""pricing_variant"": ""T10X V2 4MORE"", ""profit_share_rate"": 0.0, ""source_text"": ""T10X V2 4MORE | 10 | 1.500.000 | 0.00%""}, {""allocation_fee_rate"": null, ""annual_total_cost_rate"": null, ""financing_amount"": 1500000.0, ""maturity_months"": 36, ""monthly_total_cost_rate"": null, ""pricing_variant"": ""T10F V2 4MORE"", ""profit_share_rate"": 3.05, ""source_text"": ""V2 12 800.000 0,00% T10X V2 48 1.700.000 2,99% T10X V2 4MORE 10 1.500.000 0,00% T10F V2 4MORE 36 1.500.000 3,05% Başvuru Nasıl Yapılır? İlgili belgelerle birlikte size en yakın Albaraka Türk şubesine başvurarak formu doldurmanız yeterlidir. Daha fazla bilgi için 0850 222 5 666 Alo Albaraka h""}]}",https://www.albaraka.com.tr/tr/bireysel/finansmanlar/tasit-finansmani/togg-finansmani
645,Albaraka Türk,arsa_finansmani,Arsa Finansmanı,2B Arazi Finansmanı,bireysel,https://www.albaraka.com.tr/tr/bireysel/finansmanlar,,,,60,,Finansman Kâr Oranları ve Ücretleri sayfasında yayımlanıyor,0,,2026-08-13T11:47:31+00:00,2026-08-13T11:48:06+00:00,,,,,,,,,,,,,"2B arazileri (orman vasfını yitirmiş arazi) için finansal destek alabilirsiniz. İpotek tesis ücreti ve ekspertiz ücreti ödemeyerek avantajlı konuma geçebilirsiniz. Aylık kâr oranlarını, Finansman Kâr Oranları ve Ücretleri sayfasından inceleyebilirsiniz. Başvuru Şartları 18 yaşını tamamladıysanız, 2B finansmanına başvurabilirsiniz. 2B finans",0,0,0,,,,"{""amount_maturity_rules"": [], ""category_rules"": [], ""fee_rules"": [{""amount"": null, ""fee_label"": ""İpotek Tesis Ücreti"", ""fee_type"": ""mortgage_establishment"", ""note"": ""2B arazileri (orman vasfını yitirmiş arazi) için finansal destek alabilirsiniz. İpotek tesis ücreti ve ekspertiz ücreti ödemeyerek avantajlı konuma geçebilirsiniz. Aylık kâr oranlarını, Finansman Kâr Oranları ve Ücretleri sayfasından inceleyebilirsiniz. Başvuru Şartları 18 yaşını tamamladıysanız, 2B finansmanına başvurabilirsiniz. 2B finans"", ""rate"": null, ""waived"": true}, {""amount"": null, ""fee_label"": ""Ekspertiz Ücreti"", ""fee_type"": ""appraisal"", ""note"": ""2B arazileri (orman vasfını yitirmiş arazi) için finansal destek alabilirsiniz. İpotek tesis ücreti ve ekspertiz ücreti ödemeyerek avantajlı konuma geçebilirsiniz. Aylık kâr oranlarını, Finansman Kâr Oranları ve Ücretleri sayfasından inceleyebilirsiniz. Başvuru Şartları 18 yaşını tamamladıysanız, 2B finansmanına başvurabilirsiniz. 2B finans"", ""rate"": null, ""waived"": true}], ""offer_rules"": [], ""pricing_tiers"": []}",https://www.albaraka.com.tr/tr/bireysel/finansmanlar/gayrimenkul-finansmani/2b-arazi-finansmani
646,Albaraka Türk,arsa_finansmani,Arsa Finansmanı,Arsa Finansmanı,bireysel,https://www.albaraka.com.tr/tr/bireysel/finansmanlar,,,,60,,Hesaplama aracında dinamik,0,,2026-08-13T11:47:32+00:00,2026-08-13T11:48:06+00:00,,,,100.0,,,,,,,,,,0,0,0,,,,"{""amount_maturity_rules"": [], ""category_rules"": [], ""fee_rules"": [], ""offer_rules"": [], ""pricing_tiers"": []}",https://www.albaraka.com.tr/tr/bireysel/finansmanlar/gayrimenkul-finansmani/arsa-finansmani
647,Albaraka Türk,gayri_nakdi_finansman,Gayri Nakdi Finansman,Akreditifler,ticari,https://www.albaraka.com.tr/tr/kobi/finansmanlar/kobi-gayri-nakdi-finansman,,,,,,,0,,2026-08-13T11:47:33+00:00,2026-08-13T11:48:06+00:00,,,,,,,,,,,,,,0,0,0,,,,"{""amount_maturity_rules"": [], ""category_rules"": [], ""fee_rules"": [], ""offer_rules"": [], ""pricing_tiers"": []}",https://www.albaraka.com.tr/tr/kobi/finansmanlar/kobi-gayri-nakdi-finansman/akreditifler
648,Albaraka Türk,gayri_nakdi_finansman,Gayri Nakdi Finansman,Jet Teminat Mektubu,ticari,https://www.albaraka.com.tr/tr/kobi/finansmanlar/kobi-gayri-nakdi-finansman,,,,,,,0,,2026-08-13T11:47:34+00:00,2026-08-13T11:48:06+00:00,,,,,,,,,,,,,,0,0,0,,,,"{""amount_maturity_rules"": [], ""category_rules"": [], ""fee_rules"": [], ""offer_rules"": [], ""pricing_tiers"": []}",https://www.albaraka.com.tr/tr/kobi/finansmanlar/kobi-gayri-nakdi-finansman/jet-teminat-mektubu
649,Albaraka Türk,gayri_nakdi_finansman,Gayri Nakdi Finansman,Kabul-Aval Finansmanları,ticari,https://www.albaraka.com.tr/tr/kobi/finansmanlar/kobi-gayri-nakdi-finansman,,,,,,,0,,2026-08-13T11:47:35+00:00,2026-08-13T11:48:06+00:00,,,,,,,,,,,,,,0,0,0,,,,"{""amount_maturity_rules"": [], ""category_rules"": [], ""fee_rules"": [], ""offer_rules"": [], ""pricing_tiers"": []}",https://www.albaraka.com.tr/tr/kobi/finansmanlar/kobi-gayri-nakdi-finansman/kabul-aval-finansmanlari
650,Albaraka Türk,gayri_nakdi_finansman,Gayri Nakdi Finansman,Referans Mektupları,ticari,https://www.albaraka.com.tr/tr/kobi/finansmanlar/kobi-gayri-nakdi-finansman,,,,,,,0,,2026-08-13T11:47:36+00:00,2026-08-13T11:48:06+00:00,,,,,,,,,,,,,,0,0,0,,,,"{""amount_maturity_rules"": [], ""category_rules"": [], ""fee_rules"": [], ""offer_rules"": [], ""pricing_tiers"": []}",https://www.albaraka.com.tr/tr/kobi/finansmanlar/kobi-gayri-nakdi-finansman/referans-mektuplari
651,Albaraka Türk,gayri_nakdi_finansman,Gayri Nakdi Finansman,Teminat Mektupları,ticari,https://www.albaraka.com.tr/tr/kobi/finansmanlar/kobi-gayri-nakdi-finansman,,,,,,,0,,2026-08-13T11:47:37+00:00,2026-08-13T11:48:06+00:00,,,,,,,,,,,,,,0,0,0,,,,"{""amount_maturity_rules"": [], ""category_rules"": [], ""fee_rules"": [], ""offer_rules"": [], ""pricing_tiers"": []}",https://www.albaraka.com.tr/tr/kobi/finansmanlar/kobi-gayri-nakdi-finansman/teminat-mektuplari
652,Albaraka Türk,konut_finansmani,Konut Finansmanı,Konut Finansmanı,bireysel,https://www.albaraka.com.tr/tr/bireysel/finansmanlar,,,,120,,Hesaplama aracında dinamik,0,,2026-08-13T11:47:39+00:00,2026-08-13T11:48:06+00:00,,,,,≤ 5 milyon TL: A-B %90 / C %80 / Diğer %70 · 5–7 milyon TL: A-B %80 / C %70 / Diğer %60 · 7–10 milyon TL: A-B %70 / C %60 / Diğer %50 · 10–20 milyon TL: A-B %50 / C %40 / Diğer %30 · > 20 milyon TL: A-B %40 / C %30 / Diğer %20,"≤ 5 milyon TL: A-B %22,5 / C %20 / Diğer %17,5 · 5–7 milyon TL: A-B %20 / C %17,5 / Diğer %15 · 7–10 milyon TL: A-B %17,5 / C %15 / Diğer %12,5 · 10–20 milyon TL: A-B %12,5 / C %10 / Diğer %7,5 · > 20 milyon TL: A-B %10 / C %7,5 / Diğer %5","{""additional_home"": [{""ab"": 22.5, ""c"": 20, ""max_value"": 5000000, ""other"": 17.5}, {""ab"": 20, ""c"": 17.5, ""max_value"": 7000000, ""min_value"": 5000000, ""other"": 15}, {""ab"": 17.5, ""c"": 15, ""max_value"": 10000000, ""min_value"": 7000000, ""other"": 12.5}, {""ab"": 12.5, ""c"": 10, ""max_value"": 20000000, ""min_value"": 10000000, ""other"": 7.5}, {""ab"": 10, ""c"": 7.5, ""min_value"": 20000000, ""other"": 5}], ""standard_home"": [{""ab"": 90, ""c"": 80, ""max_value"": 5000000, ""other"": 70}, {""ab"": 80, ""c"": 70, ""max_value"": 7000000, ""min_value"": 5000000, ""other"": 60}, {""ab"": 70, ""c"": 60, ""max_value"": 10000000, ""min_value"": 7000000, ""other"": 50}, {""ab"": 50, ""c"": 40, ""max_value"": 20000000, ""min_value"": 10000000, ""other"": 30}, {""ab"": 40, ""c"": 30, ""min_value"": 20000000, ""other"": 20}]}",,,,,,,0,0,0,,,,"{""amount_maturity_rules"": [], ""category_rules"": [], ""fee_rules"": [], ""offer_rules"": [], ""pricing_tiers"": []}",https://www.albaraka.com.tr/tr/bireysel/finansmanlar/konut-finansmani/konut-finansmani
653,Albaraka Türk,leasing,Leasing,Leasing - Finansal Kiralama,ticari,https://www.albaraka.com.tr/tr/kobi/finansmanlar,,,,,,,0,,2026-08-13T11:47:39+00:00,2026-08-13T11:48:06+00:00,,,,100.0,,,,,,,,,,0,0,0,,,,"{""amount_maturity_rules"": [], ""category_rules"": [], ""fee_rules"": [], ""offer_rules"": [], ""pricing_tiers"": []}",https://www.albaraka.com.tr/tr/kobi/finansmanlar/leasing-finansal-kiralama
654,Albaraka Türk,tarim_finansmani,Tarım Finansmanı,Bitkisel Üretim Finansmanı,ticari,https://www.albaraka.com.tr/tr/kobi/tarim-bankaciligi/tarim-finansmanlari,,,,24,,,0,,2026-08-13T11:48:05+00:00,2026-08-13T11:48:06+00:00,,,,,,,,,,,,,,0,0,0,,,,"{""amount_maturity_rules"": [], ""category_rules"": [], ""fee_rules"": [], ""offer_rules"": [], ""pricing_tiers"": []}",https://www.albaraka.com.tr/tr/kobi/tarim-bankaciligi/tarim-finansmanlari#product=bitkisel-uretim-finansmani
655,Albaraka Türk,tarim_finansmani,Tarım Finansmanı,Biçerdöver Finansmanı,ticari,https://www.albaraka.com.tr/tr/kobi/tarim-bankaciligi/tarim-finansmanlari,,,,48,,,0,,2026-08-13T11:48:06+00:00,2026-08-13T11:48:06+00:00,,,,,,,,,,,,,,0,0,0,,,,"{""amount_maturity_rules"": [], ""category_rules"": [], ""fee_rules"": [], ""offer_rules"": [{""condition_text"": ""Genel azami vade: 48 ay"", ""interest_free"": false, ""max_amount"": null, ""max_inclusive"": true, ""max_installments"": null, ""max_maturity_months"": 48, ""min_amount"": null, ""min_inclusive"": false, ""rule_label"": ""Ürüne Özel Finansman Koşulu"", ""rule_type"": ""product_offer"", ""source_text"": ""48 aya varan vadeler""}], ""pricing_tiers"": []}",https://www.albaraka.com.tr/tr/kobi/tarim-bankaciligi/tarim-finansmanlari#product=bicerdover-finansmani
656,Albaraka Türk,tarim_finansmani,Tarım Finansmanı,Makine Ekipman Finansmanı,ticari,https://www.albaraka.com.tr/tr/kobi/tarim-bankaciligi/tarim-finansmanlari,,,,48,,,0,,2026-08-13T11:48:05+00:00,2026-08-13T11:48:06+00:00,,,,,,,,,,,,,,0,0,0,,,,"{""amount_maturity_rules"": [], ""category_rules"": [], ""fee_rules"": [], ""offer_rules"": [{""condition_text"": ""Genel azami vade: 48 ay"", ""interest_free"": false, ""max_amount"": null, ""max_inclusive"": true, ""max_installments"": null, ""max_maturity_months"": 48, ""min_amount"": null, ""min_inclusive"": false, ""rule_label"": ""Ürüne Özel Finansman Koşulu"", ""rule_type"": ""product_offer"", ""source_text"": ""48 aya varan vadeler""}], ""pricing_tiers"": []}",https://www.albaraka.com.tr/tr/kobi/tarim-bankaciligi/tarim-finansmanlari#product=makine-ekipman-finansmani
657,Albaraka Türk,tarim_finansmani,Tarım Finansmanı,Seracılık Finansmanı,ticari,https://www.albaraka.com.tr/tr/kobi/tarim-bankaciligi/tarim-finansmanlari,,,,48,,,0,,2026-08-13T11:48:05+00:00,2026-08-13T11:48:06+00:00,,,,,,,,,,,,,,0,0,0,,,,"{""amount_maturity_rules"": [], ""category_rules"": [], ""fee_rules"": [], ""offer_rules"": [], ""pricing_tiers"": []}",https://www.albaraka.com.tr/tr/kobi/tarim-bankaciligi/tarim-finansmanlari#product=seracilik-finansmani
658,Albaraka Türk,tarim_finansmani,Tarım Finansmanı,Tarla Alım Finansmanı,ticari,https://www.albaraka.com.tr/tr/kobi/tarim-bankaciligi/tarim-finansmanlari,,,,48,,,0,,2026-08-13T11:48:05+00:00,2026-08-13T11:48:06+00:00,,,,,,,,,,,,,,0,0,0,,,,"{""amount_maturity_rules"": [], ""category_rules"": [], ""fee_rules"": [], ""offer_rules"": [], ""pricing_tiers"": []}",https://www.albaraka.com.tr/tr/kobi/tarim-bankaciligi/tarim-finansmanlari#product=tarla-alim-finansmani
659,Albaraka Türk,tarim_finansmani,Tarım Finansmanı,Traktör Finansmanı,ticari,https://www.albaraka.com.tr/tr/kobi/tarim-bankaciligi/tarim-finansmanlari,,,,48,,,0,,2026-08-13T11:48:05+00:00,2026-08-13T11:48:06+00:00,,,,,,,,,,,,,,0,0,0,,,,"{""amount_maturity_rules"": [], ""category_rules"": [], ""fee_rules"": [], ""offer_rules"": [{""condition_text"": ""Genel azami vade: 48 ay"", ""interest_free"": false, ""max_amount"": null, ""max_inclusive"": true, ""max_installments"": null, ""max_maturity_months"": 48, ""min_amount"": null, ""min_inclusive"": false, ""rule_label"": ""Ürüne Özel Finansman Koşulu"", ""rule_type"": ""product_offer"", ""source_text"": ""48 aya varan vadeler""}], ""pricing_tiers"": []}",https://www.albaraka.com.tr/tr/kobi/tarim-bankaciligi/tarim-finansmanlari#product=traktor-finansmani
660,Albaraka Türk,ticari_finansman,Ticari Finansman,Bayide Finansman,ticari,https://www.albaraka.com.tr/tr/kobi/finansmanlar,,,,36,,,0,,2026-08-13T11:47:40+00:00,2026-08-13T11:48:06+00:00,,,,,,,,,,,,,,0,0,0,,,,"{""amount_maturity_rules"": [], ""category_rules"": [], ""fee_rules"": [], ""offer_rules"": [{""condition_text"": ""Genel azami vade: 36 ay"", ""interest_free"": false, ""max_amount"": null, ""max_inclusive"": true, ""max_installments"": null, ""max_maturity_months"": 36, ""min_amount"": null, ""min_inclusive"": false, ""rule_label"": ""Ürüne Özel Finansman Koşulu"", ""rule_type"": ""product_offer"", ""source_text"": ""36 aya varan vadeler""}], ""pricing_tiers"": []}",https://www.albaraka.com.tr/tr/kobi/finansmanlar/bayide-finansman
661,Albaraka Türk,ticari_finansman,Ticari Finansman,DBS Fatura Teminatlı Kredi,ticari,https://www.albaraka.com.tr/tr/kobi/finansmanlar/kobi-nakdi-finansman,,,,,,,0,,2026-08-13T11:47:43+00:00,2026-08-13T11:48:06+00:00,,,,,,,,,,,,,,0,0,0,,,,"{""amount_maturity_rules"": [], ""category_rules"": [], ""fee_rules"": [], ""offer_rules"": [], ""pricing_tiers"": []}",https://www.albaraka.com.tr/tr/kobi/finansmanlar/kobi-nakdi-finansman/dbs-fatura-teminatli-kredi
662,Albaraka Türk,ticari_finansman,Ticari Finansman,Elüs Teminatlı Kredi,ticari,https://www.albaraka.com.tr/tr/kobi/finansmanlar/kobi-nakdi-finansman,,,,,,,0,,2026-08-13T11:47:45+00:00,2026-08-13T11:48:06+00:00,,,,,,,,,,,,,,0,0,0,,,,"{""amount_maturity_rules"": [], ""category_rules"": [], ""fee_rules"": [], ""offer_rules"": [], ""pricing_tiers"": []}",https://www.albaraka.com.tr/tr/kobi/finansmanlar/kobi-nakdi-finansman/elus-teminatli-kredi
663,Albaraka Türk,ticari_finansman,Ticari Finansman,Jet Ticari Finansman,ticari,https://www.albaraka.com.tr/tr/kobi/finansmanlar/kobi-nakdi-finansman,,2000000.0,,,,,0,,2026-08-13T11:47:45+00:00,2026-08-13T11:48:06+00:00,,,,,,,,,,,,,,0,0,0,,,,"{""amount_maturity_rules"": [], ""category_rules"": [], ""fee_rules"": [], ""offer_rules"": [], ""pricing_tiers"": []}",https://www.albaraka.com.tr/tr/kobi/finansmanlar/kobi-nakdi-finansman/jet-ticari-finansman
664,Albaraka Türk,ticari_finansman,Ticari Finansman,Katılım Finans Kefalet (KFK),ticari,https://www.albaraka.com.tr/tr/kobi/finansmanlar,,,,,,,0,,2026-08-13T11:47:42+00:00,2026-08-13T11:48:06+00:00,,,,,,,,,,,,,,0,0,0,,,,"{""amount_maturity_rules"": [], ""category_rules"": [], ""fee_rules"": [], ""offer_rules"": [], ""pricing_tiers"": []}",https://www.albaraka.com.tr/tr/kobi/finansmanlar/katilim-finans-kefalet-kfk
665,Albaraka Türk,ticari_finansman,Ticari Finansman,Kira Sertifikası Teminatlı Kredi,ticari,https://www.albaraka.com.tr/tr/kobi/finansmanlar/kobi-nakdi-finansman,,,,,,,0,,2026-08-13T11:47:47+00:00,2026-08-13T11:48:06+00:00,,,,,,,,,,,,,,0,0,0,,,,"{""amount_maturity_rules"": [], ""category_rules"": [], ""fee_rules"": [], ""offer_rules"": [], ""pricing_tiers"": []}",https://www.albaraka.com.tr/tr/kobi/finansmanlar/kobi-nakdi-finansman/kira-sertifikasi-teminatli-kredi
666,Albaraka Türk,ticari_finansman,Ticari Finansman,Pratik KOBİ Kart,ticari,https://www.albaraka.com.tr/tr/kobi/finansmanlar/kobi-nakdi-finansman,,,,,,,0,,2026-08-13T11:47:51+00:00,2026-08-13T11:48:06+00:00,,,,,,,,,,,,,,0,0,0,,,,"{""amount_maturity_rules"": [], ""category_rules"": [], ""fee_rules"": [], ""offer_rules"": [], ""pricing_tiers"": []}",https://www.albaraka.com.tr/tr/kobi/finansmanlar/kobi-nakdi-finansman/pratik-kobi-kart
667,Albaraka Türk,ticari_finansman,Ticari Finansman,Proje Finansmanı,ticari,https://www.albaraka.com.tr/tr/kobi/finansmanlar/kobi-nakdi-finansman,,,,,,,0,,2026-08-13T11:47:52+00:00,2026-08-13T11:48:06+00:00,,,,,,,,,,,,,,0,0,0,,,,"{""amount_maturity_rules"": [], ""category_rules"": [], ""fee_rules"": [], ""offer_rules"": [], ""pricing_tiers"": []}",https://www.albaraka.com.tr/tr/kobi/finansmanlar/kobi-nakdi-finansman/proje-finansmani
668,Albaraka Türk,ticari_finansman,Ticari Finansman,Tedarikçi Finansmanı,ticari,https://www.albaraka.com.tr/tr/kobi/finansmanlar/kobi-nakdi-finansman,,,,,,,0,,2026-08-13T11:47:53+00:00,2026-08-13T11:48:06+00:00,,,,,,,,,,,,,,0,0,0,,,,"{""amount_maturity_rules"": [], ""category_rules"": [], ""fee_rules"": [], ""offer_rules"": [], ""pricing_tiers"": []}",https://www.albaraka.com.tr/tr/kobi/finansmanlar/kobi-nakdi-finansman/tedarikci-finansmani
669,Albaraka Türk,ticari_finansman,Ticari Finansman,İş Yeri Finansmanı,ticari,https://www.albaraka.com.tr/tr/kobi/finansmanlar/kobi-nakdi-finansman,,,,,,,0,,2026-08-13T11:47:49+00:00,2026-08-13T11:48:06+00:00,,,,,,,,,,,,,,0,0,0,,,,"{""amount_maturity_rules"": [], ""category_rules"": [], ""fee_rules"": [], ""offer_rules"": [], ""pricing_tiers"": []}",https://www.albaraka.com.tr/tr/kobi/finansmanlar/kobi-nakdi-finansman/kobi-finansman-destegi/is-yeri-finansmani
670,Albaraka Türk,ihtiyac_finansmani,İhtiyaç Finansmanı,BES Teminatlı Finansman,bireysel,https://www.albaraka.com.tr/tr/bireysel/finansmanlar,,,,,,,0,,2026-08-13T11:47:54+00:00,2026-08-13T11:48:06+00:00,,,,,,,,,,,,,,0,0,0,,,,"{""amount_maturity_rules"": [], ""category_rules"": [], ""fee_rules"": [], ""offer_rules"": [], ""pricing_tiers"": []}",https://www.albaraka.com.tr/tr/bireysel/finansmanlar/birikimlerinizi-koruyan-bes-teminatli-finansman-albarakada
671,Albaraka Türk,ihtiyac_finansmani,İhtiyaç Finansmanı,Eğitim Finansmanı,bireysel,https://www.albaraka.com.tr/tr/bireysel/finansmanlar,,,,12,,,0,,2026-08-13T11:47:57+00:00,2026-08-13T11:48:06+00:00,,,,,,,,,,,,,,0,0,0,,,,"{""amount_maturity_rules"": [], ""category_rules"": [], ""fee_rules"": [], ""offer_rules"": [], ""pricing_tiers"": []}",https://www.albaraka.com.tr/tr/bireysel/finansmanlar/ihtiyac/egitim-finansmani
679,Albaraka Türk,ihtiyac_finansmani,İhtiyaç Finansmanı,Hac ve Umre Finansmanı,bireysel,https://www.albaraka.com.tr/tr/bireysel/finansmanlar,125001.0,250000.0,,36,,,0,,2026-08-13T11:47:57+00:00,2026-08-13T11:48:06+00:00,,,,,,,,,,,,,,0,0,0,,,,"{""amount_maturity_rules"": [{""max_amount"": 125000.0, ""max_inclusive"": true, ""max_maturity_months"": 36, ""min_amount"": null, ""min_inclusive"": false, ""source_text"": ""re bedelinin tamamı için uygun kâr payı oranlarıyla finansman kullanabilirsiniz 125.000 TL’ye kadar olan tüketici finansmanı başvuruları maksimum 36 ay, 125.001 TL ile 250.000 TL arasındaki finansman başvuruları maksimum 24 ay, 250.000 TL üzerindeki finansman başvurularınızda maksimum 12 ay vadelendirilmektedir. Hac/Umre Finan""}, {""max_amount"": 250000.0, ""max_inclusive"": true, ""max_maturity_months"": 24, ""min_amount"": 125000.0, ""min_inclusive"": false, ""source_text"": """"}, {""max_amount"": null, ""max_inclusive"": true, ""max_maturity_months"": 12, ""min_amount"": 250000.0, ""min_inclusive"": false, ""source_text"": ""ay, 125.001 TL ile 250.000 TL arasındaki finansman başvuruları maksimum 24 ay, 250.000 TL üzerindeki finansman başvurularınızda maksimum 12 ay vadelendirilmektedir. Hac/Umre Finansmanına Nasıl Başvurulur? Şubeye gitmeden dilediğiniz yerden hac/umre finansmanınızı kullanabilmek için Jet Finansman sayfamızı ziyaret edeb""}], ""category_rules"": [], ""fee_rules"": [], ""offer_rules"": [], ""pricing_tiers"": []}",https://www.albaraka.com.tr/tr/bireysel/finansmanlar/ihtiyac/hac-ve-umre-finansmani
672,Albaraka Türk,ihtiyac_finansmani,İhtiyaç Finansmanı,Jet Finansman,bireysel,https://www.albaraka.com.tr/tr/bireysel/finansmanlar,1000.0,60000.0,,36,,,0,,2026-08-13T11:47:59+00:00,2026-08-13T11:48:06+00:00,,,,,,,,,,,,,,0,0,0,,,,"{""amount_maturity_rules"": [{""max_amount"": 50000.0, ""max_inclusive"": true, ""max_maturity_months"": 36, ""min_amount"": null, ""min_inclusive"": false, ""source_text"": ""ansman kullanın, ihtiyaçlarınızı ertelemeden hemen kavuşma imkanına sahip olun! 1.000-50.000 TL arası finansmanlarda 36 Ay, 50.001-100.000 TL arası finansmanlarda 24 Ay, 100.001 TL ve üzeri arası finansmanlarda 12 Ay’a kadar vade imkanından faydalanabilirsiniz. Jet Finansman Nedir? Jet Finansman ile a""}, {""max_amount"": 100000.0, ""max_inclusive"": true, ""max_maturity_months"": 24, ""min_amount"": 50000.0, ""min_inclusive"": false, ""source_text"": ""hemen kavuşma imkanına sahip olun! 1.000-50.000 TL arası finansmanlarda 36 Ay, 50.001-100.000 TL arası finansmanlarda 24 Ay, 100.001 TL ve üzeri arası finansmanlarda 12 Ay’a kadar vade imkanından faydalanabilirsiniz. Jet Finansman Nedir? Jet Finansman ile alışveriş yapmak istediğiniz mağazadayken ya da""}, {""max_amount"": null, ""max_inclusive"": true, ""max_maturity_months"": 12, ""min_amount"": 100000.0, ""min_inclusive"": false, ""source_text"": ""00 TL arası finansmanlarda 36 Ay, 50.001-100.000 TL arası finansmanlarda 24 Ay, 100.001 TL ve üzeri arası finansmanlarda 12 Ay’a kadar vade imkanından faydalanabilirsiniz. Jet Finansman Nedir? Jet Finansman ile alışveriş yapmak istediğiniz mağazadayken ya da hizmet satın almak istediğiniz kurumdayken Alba""}], ""category_rules"": [{""category_key"": ""cep_telefonu"", ""category_label"": ""Cep Telefonu"", ""condition_text"": ""Maksimum 12 taksit"", ""max_amount"": 20000.0, ""max_inclusive"": true, ""max_installments"": 12, ""max_maturity_months"": null, ""min_amount"": null, ""min_inclusive"": false, ""source_text"": ""et Finansman başvurusu yapabilir, tüm ihtiyaçlarınıza kolayca ulaşabilirsiniz.* Cep telefonlarında 20.000 TL’ye kadar olan alışverişlerinizde maksimum 12 taksit, 20.000 TL’nin üzerindeki alışverişleriniz 3 Aya varan vade taksit imkanına sahip olabilirsiniz. Bilgisayar alışverişlerinizde maksimum 12 taksit imkanına sahip olabilirsiniz. Tab""}, {""category_key"": ""cep_telefonu"", ""category_label"": ""Cep Telefonu"", ""condition_text"": ""Maksimum 3 taksit"", ""max_amount"": null, ""max_inclusive"": true, ""max_installments"": 3, ""max_maturity_months"": null, ""min_amount"": 20000.0, ""min_inclusive"": false, ""source_text"": ""p telefonlarında 20.000 TL’ye kadar olan alışverişlerinizde maksimum 12 taksit, 20.000 TL’nin üzerindeki alışverişleriniz 3 Aya varan vade taksit imkanına sahip olabilirsiniz. Bilgisayar alışverişlerinizde maksimum 12 taksit imkanına sahip olabilirsiniz. Tablet alışverişlerinizde maksimum 6 taksit imkanına""}, {""category_key"": ""bilgisayar"", ""category_label"": ""Bilgisayar"", ""condition_text"": ""Maksimum 12 taksit"", ""max_amount"": null, ""max_inclusive"": true, ""max_installments"": 12, ""max_maturity_months"": null, ""min_amount"": null, ""min_inclusive"": false, ""source_text"": ""erindeki alışverişleriniz 3 Aya varan vade taksit imkanına sahip olabilirsiniz. Bilgisayar alışverişlerinizde maksimum 12 taksit imkanına sahip olabilirsiniz. Tablet alışverişlerinizde maksimum 6 taksit imkanına sahip olabilirsiniz. * *Azami finansman taksit miktar ve tutarları yasal düzenlemeler ve firmala""}, {""category_key"": ""tablet"", ""category_label"": ""Tablet"", ""condition_text"": ""Maksimum 6 taksit"", ""max_amount"": null, ""max_inclusive"": true, ""max_installments"": 6, ""max_maturity_months"": null, ""min_amount"": null, ""min_inclusive"": false, ""source_text"": ""Bilgisayar alışverişlerinizde maksimum 12 taksit imkanına sahip olabilirsiniz. Tablet alışverişlerinizde maksimum 6 taksit imkanına sahip olabilirsiniz. * *Azami finansman taksit miktar ve tutarları yasal düzenlemeler ve firmalarla yapılan anlaşmalar kapsamında belirlenmekte olup, farklılık gösterebil""}], ""fee_rules"": [], ""offer_rules"": [], ""pricing_tiers"": []}",https://www.albaraka.com.tr/tr/bireysel/finansmanlar/ihtiyac/jet-finansman
673,Albaraka Türk,ihtiyac_finansmani,İhtiyaç Finansmanı,"Motosiklet, ATV , Bisiklet",bireysel,https://www.albaraka.com.tr/tr/bireysel/finansmanlar,,,,36,,Hesaplama aracında dinamik,0,,2026-08-13T11:48:00+00:00,2026-08-13T11:48:06+00:00,,,,,,,,,,,,,,0,0,0,,,,"{""amount_maturity_rules"": [{""max_amount"": 125000.0, ""max_inclusive"": true, ""max_maturity_months"": 36, ""min_amount"": null, ""min_inclusive"": false, ""source_text"": ""rsiniz. Finansman Tutarları ve Taksit Bilgileri Finansman Tutarı Taksit Miktarı 125.000 TL’ye kadar Maksimum 36 ay vade 125.000 - 250.000 TL Maksimum 24 ay vade 250.000 TL ve üzeri Maksimum 12 ay vade Motosiklet Finansmanı İçin Gerekli Belgeler Ücretli çalışanların maaş bordrosu veya net ma""}, {""max_amount"": 250000.0, ""max_inclusive"": true, ""max_maturity_months"": 24, ""min_amount"": 125000.0, ""min_inclusive"": false, ""source_text"": ""lgileri Finansman Tutarı Taksit Miktarı 125.000 TL’ye kadar Maksimum 36 ay vade 125.000 - 250.000 TL Maksimum 24 ay vade 250.000 TL ve üzeri Maksimum 12 ay vade Motosiklet Finansmanı İçin Gerekli Belgeler Ücretli çalışanların maaş bordrosu veya net maaş tutarını gösteren, işyeri tarafından o""}, {""max_amount"": null, ""max_inclusive"": true, ""max_maturity_months"": 12, ""min_amount"": 250000.0, ""min_inclusive"": false, ""source_text"": ""25.000 TL’ye kadar Maksimum 36 ay vade 125.000 - 250.000 TL Maksimum 24 ay vade 250.000 TL ve üzeri Maksimum 12 ay vade Motosiklet Finansmanı İçin Gerekli Belgeler Ücretli çalışanların maaş bordrosu veya net maaş tutarını gösteren, işyeri tarafından onaylanmış belge. Başvuru sırasında profo""}], ""category_rules"": [], ""fee_rules"": [], ""offer_rules"": [], ""pricing_tiers"": []}",https://www.albaraka.com.tr/tr/bireysel/finansmanlar/ihtiyac/motosiklet-atv-bisiklet
674,Albaraka Türk,ihtiyac_finansmani,İhtiyaç Finansmanı,Pratik Finansman Kart,bireysel,https://www.albaraka.com.tr/tr/bireysel/finansmanlar,250.0,150000.0,,36,,,0,,2026-08-13T11:48:01+00:00,2026-08-13T11:48:06+00:00,,,,,,,,,,,,,,0,0,0,,,,"{""amount_maturity_rules"": [{""max_amount"": 125000.0, ""max_inclusive"": true, ""max_maturity_months"": 36, ""min_amount"": null, ""min_inclusive"": false, ""source_text"": ""eçebilirsiniz. Kartın kullanım süresini bu seçiminize göre belirleyebilirsiniz. 125.000 TL’ye kadar 2 ay ödemesiz dönem seçeneği ile 36 aya kadar vade imkânı, 125.000 TL ile 150.000 TL arası 2 ay ödemesiz dönem seçeneği ile 24 aya kadar vade imkânı ile 150.000 TRY ' ye kadar finansman kullanabilirsiniz. Pratik Finansm""}, {""max_amount"": 150000.0, ""max_inclusive"": true, ""max_maturity_months"": 24, ""min_amount"": 125000.0, ""min_inclusive"": false, ""source_text"": ""125.000 TL’ye kadar 2 ay ödemesiz dönem seçeneği ile 36 aya kadar vade imkânı, 125.000 TL ile 150.000 TL arası 2 ay ödemesiz dönem seçeneği ile 24 aya kadar vade imkânı ile 150.000 TRY ' ye kadar finansman kullanabilirsiniz. Pratik Finansman Kart bir kredi kartı olmadığı için, kredi kartı limitlerine takılmadan, ihtiyaç finansma""}], ""category_rules"": [{""category_key"": ""cep_telefonu"", ""category_label"": ""Cep Telefonu"", ""condition_text"": ""Maksimum 12 taksit"", ""max_amount"": 20000.0, ""max_inclusive"": true, ""max_installments"": 12, ""max_maturity_months"": null, ""min_amount"": null, ""min_inclusive"": false, ""source_text"": ""jik aletlerin taksit sayıları nedir? Kartınız ile yapacağınız harcamalarınızda; Cep telefonlarında 20.000 TL’ye kadar olan alışverişlerinizde maksimum 12 taksit, 20.000 TL’nin üzerindeki alışverişleriniz için maksimum 3 taksit imkanına sahip olabilirsiniz. Bilgisayar alışverişlerinde maksimum 12 taksit imkanına sahip olabilirsiniz. Tablet""}, {""category_key"": ""cep_telefonu"", ""category_label"": ""Cep Telefonu"", ""condition_text"": ""Maksimum 3 taksit"", ""max_amount"": null, ""max_inclusive"": true, ""max_installments"": 3, ""max_maturity_months"": null, ""min_amount"": 20000.0, ""min_inclusive"": false, ""source_text"": ""p telefonlarında 20.000 TL’ye kadar olan alışverişlerinizde maksimum 12 taksit, 20.000 TL’nin üzerindeki alışverişleriniz için maksimum 3 taksit imkanına sahip olabilirsiniz. Bilgisayar alışverişlerinde maksimum 12 taksit imkanına sahip olabilirsiniz. Tablet alışverişlerinde maksimum 6 taksit imkanına sahip olabilirsiniz.""}, {""category_key"": ""bilgisayar"", ""category_label"": ""Bilgisayar"", ""condition_text"": ""Maksimum 12 taksit"", ""max_amount"": null, ""max_inclusive"": true, ""max_installments"": 12, ""max_maturity_months"": null, ""min_amount"": null, ""min_inclusive"": false, ""source_text"": ""zerindeki alışverişleriniz için maksimum 3 taksit imkanına sahip olabilirsiniz. Bilgisayar alışverişlerinde maksimum 12 taksit imkanına sahip olabilirsiniz. Tablet alışverişlerinde maksimum 6 taksit imkanına sahip olabilirsiniz. *Azami finansman taksit miktar ve tutarları yasal düzenlemeler ve firmalarla""}, {""category_key"": ""tablet"", ""category_label"": ""Tablet"", ""condition_text"": ""Maksimum 6 taksit"", ""max_amount"": null, ""max_inclusive"": true, ""max_installments"": 6, ""max_maturity_months"": null, ""min_amount"": null, ""min_inclusive"": false, ""source_text"": ""z. Bilgisayar alışverişlerinde maksimum 12 taksit imkanına sahip olabilirsiniz. Tablet alışverişlerinde maksimum 6 taksit imkanına sahip olabilirsiniz. *Azami finansman taksit miktar ve tutarları yasal düzenlemeler ve firmalarla yapılan anlaşmalar kapsamında belirlenmekte olup, farklılık gösterebilir""}], ""fee_rules"": [], ""offer_rules"": [{""condition_text"": ""İlk taksit 2 ay sonra; isteğe bağlı 3 aya varan ödemesiz dönem"", ""interest_free"": false, ""max_amount"": null, ""max_inclusive"": true, ""max_installments"": null, ""max_maturity_months"": null, ""min_amount"": null, ""min_inclusive"": false, ""rule_label"": ""Ürüne Özel Finansman Koşulu"", ""rule_type"": ""product_offer"", ""source_text"": ""için birden fazla finansman kullanımını yapabilirsiniz. Pratik Finansman Kartta ilk taksit tarihiniz 2 ay sonraya otomatik olarak atanır. Dilerseniz 3 aya varan ödemesiz dönem seçebilirsiniz. Kartın kullanım süresini bu seçiminize göre belirleyebilirsiniz. 125.000 TL’ye kadar 2 ay ödemesiz dönem seçeneği ile 36 aya""}], ""pricing_tiers"": []}",https://www.albaraka.com.tr/tr/bireysel/finansmanlar/ihtiyac/pratik-finansman-kart
675,Albaraka Türk,ihtiyac_finansmani,İhtiyaç Finansmanı,SMS’ li Finansman,bireysel,https://www.albaraka.com.tr/tr/bireysel/finansmanlar,,,,,,,0,,2026-08-13T11:48:02+00:00,2026-08-13T11:48:06+00:00,,,,,,,,,,,,,,0,0,0,,,,"{""amount_maturity_rules"": [], ""category_rules"": [], ""fee_rules"": [], ""offer_rules"": [], ""pricing_tiers"": []}",https://www.albaraka.com.tr/tr/bireysel/finansmanlar/ihtiyac/sms-li-finansman
676,Albaraka Türk,ihtiyac_finansmani,İhtiyaç Finansmanı,İhtiyaç Finansmanı,bireysel,https://www.albaraka.com.tr/tr/bireysel/finansmanlar,,,,36,,,0,,2026-08-13T11:47:56+00:00,2026-08-13T11:48:06+00:00,,,,,,,,,,,,,,0,0,0,,,,"{""amount_maturity_rules"": [{""max_amount"": 125000.0, ""max_inclusive"": true, ""max_maturity_months"": 36, ""min_amount"": null, ""min_inclusive"": false, ""source_text"": ""izsiz bankacılık prensiplerine uygun tüketici finansmanı desteği tam size göre. 125.000 TL' ye kadar olan finansmanlarda 36 aya kadar, 125.000 – 250.000 TL ye kadar olan finansmanlarda 24 aya kadar, 250.000 TL ve üzerindeki finansmanlar ise 12 aya kadar vade seçeneklerinden faydalanabilirsiniz. Temel i""}, {""max_amount"": 250000.0, ""max_inclusive"": true, ""max_maturity_months"": 24, ""min_amount"": 125000.0, ""min_inclusive"": false, ""source_text"": ""ı desteği tam size göre. 125.000 TL' ye kadar olan finansmanlarda 36 aya kadar, 125.000 – 250.000 TL ye kadar olan finansmanlarda 24 aya kadar, 250.000 TL ve üzerindeki finansmanlar ise 12 aya kadar vade seçeneklerinden faydalanabilirsiniz. Temel ihtiyaç finansmanı ile eşya alımlarından sağlık giderlerine, tati""}, {""max_amount"": null, ""max_inclusive"": true, ""max_maturity_months"": 12, ""min_amount"": 250000.0, ""min_inclusive"": false, ""source_text"": ""a 36 aya kadar, 125.000 – 250.000 TL ye kadar olan finansmanlarda 24 aya kadar, 250.000 TL ve üzerindeki finansmanlar ise 12 aya kadar vade seçeneklerinden faydalanabilirsiniz. Temel ihtiyaç finansmanı ile eşya alımlarından sağlık giderlerine, tatil planlarından teknolojik aletlere kadar birçok alanda u""}], ""category_rules"": [], ""fee_rules"": [], ""offer_rules"": [], ""pricing_tiers"": []}",https://www.albaraka.com.tr/tr/bireysel/finansmanlar/ihtiyac
677,Albaraka Türk,ihtiyac_finansmani,İhtiyaç Finansmanı,Şubesiz Umre Finansmanı,bireysel,https://www.albaraka.com.tr/tr/bireysel/finansmanlar,,50000.0,,,,,1,Vade farksız,2026-08-13T11:48:03+00:00,2026-08-13T11:48:06+00:00,,,,,,,,,,,,,,0,0,0,,,,"{""amount_maturity_rules"": [], ""category_rules"": [], ""fee_rules"": [], ""offer_rules"": [{""condition_text"": ""50.000 TL'ye kadar vade farksız · 4 taksite kadar"", ""interest_free"": true, ""max_amount"": 50000.0, ""max_inclusive"": true, ""max_installments"": 4, ""max_maturity_months"": null, ""min_amount"": null, ""min_inclusive"": false, ""rule_label"": ""Ürüne Özel Finansman Koşulu"", ""rule_type"": ""product_offer"", ""source_text"": ""mları ve daha fazlası için tıklayınız. Neler Sunuyoruz? Vade Farksız Finansman: 50.000 TL’ye kadar vade farksız finansman imkânı. Kolay Geri Ödeme: 4 taksite kadar geri ödeme seçeneği. Tamamen Dijital Süreç: Başvurudan onaya kadar tüm süreç Albaraka Mobil üzerinden yürütülür. Şubeye gitmeni · Finansman: 50.000 TL’ye kadar vade farksız finansman imkânı. Kolay Geri Ödeme: 4 taksite kadar geri ödeme seçeneği. Tamamen Dijital Süreç: Başvurudan onaya kadar tüm süreç Albaraka Mobil üzerinden yürütülür. Şubeye gitmenize gerek kalmaz. Başvuru Adımları Albaraka Mobil Uygulamasını indirerek""}], ""pricing_tiers"": []}",https://www.albaraka.com.tr/tr/bireysel/finansmanlar/ihtiyac/subesiz-umre-finansmani
678,Albaraka Türk,isyeri_finansmani,İş Yeri Finansmanı,İş Yeri Finansmanı,bireysel,https://www.albaraka.com.tr/tr/bireysel/finansmanlar,,,,60,,,0,,2026-08-13T11:48:04+00:00,2026-08-13T11:48:06+00:00,,,,100.0,,,,,,,,,,0,0,0,,,,"{""amount_maturity_rules"": [], ""category_rules"": [], ""fee_rules"": [], ""offer_rules"": [], ""pricing_tiers"": []}",https://www.albaraka.com.tr/tr/bireysel/finansmanlar/gayrimenkul-finansmani/is-yeri-finansman
556,Dünya Katılım,arac_finansmani,Araç Finansmanı,Araç Finansmanı,bireysel,https://dunyakatilim.com.tr/kendim-icin/finansmanlar,,,,48,,Hesaplama aracında dinamik,0,,2026-08-12T05:27:11+00:00,2026-08-12T05:27:16+00:00,≤ 400.000 TL → 48 ay | 400.001–800.000 TL → 36 ay | 800.001–1.200.000 TL → 24 ay | 1.200.001–2.000.000 TL → 12 ay,2000000.0,≤ 400.000 TL → %70 | 400.001–800.000 TL → %50 | 800.001–1.200.000 TL → %30 | 1.200.001–2.000.000 TL → %20,70.0,,,,≤ 400.000 TL: %70 / 48 ay · 400.001–800.000 TL: %50 / 36 ay · 800.001–1.200.000 TL: %30 / 24 ay · 1.200.001–2.000.000 TL: %20 / 12 ay,,,,,,0,0,0,,,,"{""amount_maturity_rules"": [{""max_amount"": 1200000.0, ""max_inclusive"": true, ""max_maturity_months"": 24, ""min_amount"": 800001.0, ""min_inclusive"": false, ""source_text"": ""800.001 TL – 1.200.000 TL arasında bulunduğunda azami vade 24 ay""}], ""category_rules"": [], ""fee_rules"": [], ""offer_rules"": [], ""pricing_tiers"": []}",https://dunyakatilim.com.tr/kendim-icin/finansmanlar/arac-finansmanlari/arac-finansmani
557,Dünya Katılım,arac_finansmani,Araç Finansmanı,Çevre Dostu Araç Finansmanı,bireysel,https://dunyakatilim.com.tr/kendim-icin/finansmanlar,,,,,,Hesaplama aracında dinamik,0,,2026-08-12T05:27:12+00:00,2026-08-12T05:27:16+00:00,,,,,,,,,,,,,,0,0,0,,,,"{""amount_maturity_rules"": [], ""category_rules"": [], ""fee_rules"": [], ""offer_rules"": [], ""pricing_tiers"": []}",https://dunyakatilim.com.tr/kendim-icin/finansmanlar/arac-finansmanlari/cevre-dostu-arac-finansmani
562,Dünya Katılım,gayri_nakdi_finansman,Gayri Nakdi Finansman,Referans Mektupları,ticari,https://dunyakatilim.com.tr/isim-icin/finansmanlar,,,,,,,0,,2026-08-12T05:27:12+00:00,2026-08-12T05:27:16+00:00,,,,,,,,,,,,,,0,0,0,,,,"{""amount_maturity_rules"": [], ""category_rules"": [], ""fee_rules"": [], ""offer_rules"": [], ""pricing_tiers"": []}",https://dunyakatilim.com.tr/isim-icin/finansmanlar/gayri-nakdi-finansman/referans-mektuplari
563,Dünya Katılım,gayri_nakdi_finansman,Gayri Nakdi Finansman,Teminat Mektupları,ticari,https://dunyakatilim.com.tr/isim-icin/finansmanlar,,,,,,,0,,2026-08-12T05:27:13+00:00,2026-08-12T05:27:16+00:00,,,,,,,,,,,,,,0,0,0,,,,"{""amount_maturity_rules"": [], ""category_rules"": [], ""fee_rules"": [], ""offer_rules"": [], ""pricing_tiers"": []}",https://dunyakatilim.com.tr/isim-icin/finansmanlar/gayri-nakdi-finansman/teminat-mektuplari
558,Dünya Katılım,konut_finansmani,Konut Finansmanı,Konut Finansmanı,bireysel,https://dunyakatilim.com.tr/kendim-icin/finansmanlar,,,,,,Hesaplama aracında dinamik,0,,2026-08-12T05:27:13+00:00,2026-08-12T05:27:16+00:00,,,,,≤5M 90/80/70 · 5–7M 80/70/60 · 7–10M 70/60/50 · 10–20M 50/40/30 · >20M 40/30/20,"≤5M 22,5/20/17,5 · 5–7M 20/17,5/15 · 7–10M 17,5/15/12,5 · 10–20M 12,5/10/7,5 · >20M 10/7,5/5","[{""purchase_type"": ""first_home"", ""value_band_source"": ""Değer <= 5.000.000"", ""value_band_short"": ""≤5M"", ""rate_ab"": 90.0, ""rate_c"": 80.0, ""rate_other"": 70.0}, {""purchase_type"": ""first_home"", ""value_band_source"": ""5.000.000 TL < Değer <= 7.000.000 TL"", ""value_band_short"": ""5–7M"", ""rate_ab"": 80.0, ""rate_c"": 70.0, ""rate_other"": 60.0}, {""purchase_type"": ""first_home"", ""value_band_source"": ""7.000.000 TL < Değer <= 10.000.000 TL"", ""value_band_short"": ""7–10M"", ""rate_ab"": 70.0, ""rate_c"": 60.0, ""rate_other"": 50.0}, {""purchase_type"": ""first_home"", ""value_band_source"": ""10.000.000 TL < Değer <= 20.000.000 TL"", ""value_band_short"": ""10–20M"", ""rate_ab"": 50.0, ""rate_c"": 40.0, ""rate_other"": 30.0}, {""purchase_type"": ""first_home"", ""value_band_source"": ""20.000.000 TL < Değer"", ""value_band_short"": "">20M"", ""rate_ab"": 40.0, ""rate_c"": 30.0, ""rate_other"": 20.0}, {""purchase_type"": ""additional_home"", ""value_band_source"": ""Değer <= 5.000.000 TL"", ""value_band_short"": ""≤5M"", ""rate_ab"": 22.5, ""rate_c"": 20.0, ""rate_other"": 17.5}, {""purchase_type"": ""additional_home"", ""value_band_source"": ""5.000.000 TL< Değer <=7.000.000 TL"", ""value_band_short"": ""5–7M"", ""rate_ab"": 20.0, ""rate_c"": 17.5, ""rate_other"": 15.0}, {""purchase_type"": ""additional_home"", ""value_band_source"": ""7.000.000 TL Değer <=10.000.000 TL"", ""value_band_short"": ""7–10M"", ""rate_ab"": 17.5, ""rate_c"": 15.0, ""rate_other"": 12.5}, {""purchase_type"": ""additional_home"", ""value_band_source"": ""10.000.000 TL Değer <=20.000.000 TL"", ""value_band_short"": ""10–20M"", ""rate_ab"": 12.5, ""rate_c"": 10.0, ""rate_other"": 7.5}, {""purchase_type"": ""additional_home"", ""value_band_source"": ""20.000.000 TL < Değer"", ""value_band_short"": "">20M"", ""rate_ab"": 10.0, ""rate_c"": 7.5, ""rate_other"": 5.0}]",,,,,,,0,0,0,,,,"{""amount_maturity_rules"": [], ""category_rules"": [], ""fee_rules"": [], ""offer_rules"": [], ""pricing_tiers"": []}",https://dunyakatilim.com.tr/kendim-icin/finansmanlar/konut-finansmanlari/konut-finansmani
565,Dünya Katılım,ticari_finansman,Ticari Finansman,Taksitli Ticari Finansman,ticari,https://dunyakatilim.com.tr/isim-icin/finansmanlar,,,,,,,0,,2026-08-12T05:27:14+00:00,2026-08-12T05:27:16+00:00,,,,,,,,,,,,,,0,0,0,,,,"{""amount_maturity_rules"": [], ""category_rules"": [], ""fee_rules"": [], ""offer_rules"": [], ""pricing_tiers"": []}",https://dunyakatilim.com.tr/isim-icin/finansmanlar/nakdi-finansman/taksitli-ticari-finansman
564,Dünya Katılım,ticari_finansman,Ticari Finansman,İşletme Finansmanı,ticari,https://dunyakatilim.com.tr/isim-icin/finansmanlar,,,,,,,0,,2026-08-12T05:27:14+00:00,2026-08-12T05:27:16+00:00,,,,,,,,,,,,,,0,0,0,,,,"{""amount_maturity_rules"": [], ""category_rules"": [], ""fee_rules"": [], ""offer_rules"": [], ""pricing_tiers"": []}",https://dunyakatilim.com.tr/isim-icin/finansmanlar/nakdi-finansman/isletme-finansmani
561,Dünya Katılım,ihtiyac_finansmani,İhtiyaç Finansmanı,Enerya Karz-ı Hasen,bireysel,https://dunyakatilim.com.tr/kendim-icin/finansmanlar,500.0,16500.0,2,6,,,1,Vade farksız,2026-08-12T05:27:16+00:00,2026-08-12T05:27:16+00:00,,,,,,,,,,,,,,0,0,0,,,,"{""amount_maturity_rules"": [], ""category_rules"": [], ""fee_rules"": [], ""offer_rules"": [{""condition_text"": ""Vade farksız"", ""interest_free"": true, ""max_amount"": null, ""max_inclusive"": true, ""max_installments"": null, ""max_maturity_months"": null, ""min_amount"": null, ""min_inclusive"": false, ""rule_label"": ""Ürüne Özel Finansman Koşulu"", ""rule_type"": ""product_offer"", ""source_text"": ""vade farksız""}], ""pricing_tiers"": []}",https://dunyakatilim.com.tr/kendim-icin/finansmanlar/ihtiyac-finansmanlari/enerya-karz-i-hasen
560,Dünya Katılım,ihtiyac_finansmani,İhtiyaç Finansmanı,Enerya İhtiyaç Finansmanı,bireysel,https://dunyakatilim.com.tr/kendim-icin/finansmanlar,,250000.0,,36,3.99,"%3,99",0,,2026-08-12T05:27:15+00:00,2026-08-12T05:27:16+00:00,,,,,,,,,,,,,,0,0,0,,,,"{""amount_maturity_rules"": [], ""category_rules"": [], ""fee_rules"": [], ""offer_rules"": [], ""pricing_tiers"": []}",https://dunyakatilim.com.tr/kendim-icin/finansmanlar/ihtiyac-finansmanlari/enerya-ihtiyac-finansmani
559,Dünya Katılım,ihtiyac_finansmani,İhtiyaç Finansmanı,İhtiyaç Finansmanı,bireysel,https://dunyakatilim.com.tr/kendim-icin/finansmanlar,,,,,,Hesaplama aracında dinamik,0,,2026-08-12T05:27:15+00:00,2026-08-12T05:27:16+00:00,,,,,,,,,,,,,,0,0,0,,,,"{""amount_maturity_rules"": [], ""category_rules"": [], ""fee_rules"": [], ""offer_rules"": [], ""pricing_tiers"": []}",https://dunyakatilim.com.tr/kendim-icin/finansmanlar/ihtiyac-finansmani
609,Hayat Finans,alisveris_finansmani,Alışveriş Finansmanı,Bana Bunu Al,bireysel,https://hayatfinans.com.tr/krediler,500.0,50000.0,,18,,,0,,2026-08-12T06:13:35+00:00,2026-08-12T06:13:37+00:00,,,,,,,,,,,,Bilgisayar: 18 ay,,0,0,0,,,18,"{""amount_maturity_rules"": [{""max_amount"": 125000.0, ""max_inclusive"": true, ""max_maturity_months"": 36, ""min_amount"": null, ""min_inclusive"": false, ""source_text"": ""125.000 TL’ye kadar olması durumunda en fazla 36 ay""}, {""max_amount"": 250000.0, ""max_inclusive"": true, ""max_maturity_months"": 24, ""min_amount"": 125000.0, ""min_inclusive"": false, ""source_text"": ""125.000- 250.000 TL arasında en fazla 24 ay""}, {""max_amount"": null, ""max_inclusive"": true, ""max_maturity_months"": 12, ""min_amount"": 250000.0, ""min_inclusive"": false, ""source_text"": ""250.000 TL’den fazla olması durumunda en fazla 12 ay""}], ""category_rules"": [{""category_key"": ""cep_telefonu"", ""category_label"": ""Cep Telefonu"", ""condition_text"": ""≤ 20.000 TL"", ""max_amount"": 20000.0, ""max_inclusive"": true, ""max_installments"": 12, ""max_maturity_months"": null, ""min_amount"": null, ""min_inclusive"": false, ""source_text"": ""20.000 TL’ye kadar cep telefonu alımları 12, 20.000 TL üzeri cep telefonu alımları 3""}, {""category_key"": ""cep_telefonu"", ""category_label"": ""Cep Telefonu"", ""condition_text"": ""> 20.000 TL"", ""max_amount"": null, ""max_inclusive"": true, ""max_installments"": 3, ""max_maturity_months"": null, ""min_amount"": 20000.0, ""min_inclusive"": false, ""source_text"": ""20.000 TL’ye kadar cep telefonu alımları 12, 20.000 TL üzeri cep telefonu alımları 3""}, {""category_key"": ""tablet"", ""category_label"": ""Tablet"", ""condition_text"": ""Tüm tutarlar"", ""max_amount"": null, ""max_inclusive"": true, ""max_installments"": 6, ""max_maturity_months"": null, ""min_amount"": null, ""min_inclusive"": false, ""source_text"": ""20.000 TL’ye kadar cep telefonu alımları 12, 20.000 TL üzeri cep telefonu alımları 3, bilgisayar alımları 12, tablet alımları 6 taksit ile sınırlandırılmıştır.""}, {""category_key"": ""bilgisayar"", ""category_label"": ""Bilgisayar"", ""condition_text"": ""Tüm tutarlar"", ""max_amount"": null, ""max_inclusive"": true, ""max_installments"": 12, ""max_maturity_months"": null, ""min_amount"": null, ""min_inclusive"": false, ""source_text"": ""Kategori bazlı taksit tablosu: bilgisayar 12""}, {""category_key"": ""mobilya"", ""category_label"": ""Mobilya"", ""condition_text"": ""Tüm tutarlar"", ""max_amount"": null, ""max_inclusive"": true, ""max_installments"": 18, ""max_maturity_months"": null, ""min_amount"": null, ""min_inclusive"": false, ""source_text"": ""Kategori bazlı taksit tablosu: mobilya 18""}, {""category_key"": ""havayolu_ve_konaklama"", ""category_label"": ""Havayolu ve Konaklama"", ""condition_text"": ""Tüm tutarlar"", ""max_amount"": null, ""max_inclusive"": true, ""max_installments"": 18, ""max_maturity_months"": null, ""min_amount"": null, ""min_inclusive"": false, ""source_text"": ""Kategori bazlı taksit tablosu: havayolu ve konaklama (yurt ici harcamalar) 18""}, {""category_key"": ""beyaz_esya"", ""category_label"": ""Beyaz Eşya"", ""condition_text"": ""Tüm tutarlar"", ""max_amount"": null, ""max_inclusive"": true, ""max_installments"": 18, ""max_maturity_months"": null, ""min_amount"": null, ""min_inclusive"": false, ""source_text"": ""Kategori bazlı taksit tablosu: beyaz esya 18""}, {""category_key"": ""elektronik"", ""category_label"": ""Elektronik"", ""condition_text"": ""Tüm tutarlar"", ""max_amount"": null, ""max_inclusive"": true, ""max_installments"": 18, ""max_maturity_months"": null, ""min_amount"": null, ""min_inclusive"": false, ""source_text"": ""Kategori bazlı taksit tablosu: elektronik 18""}, {""category_key"": ""egitim"", ""category_label"": ""Eğitim"", ""condition_text"": ""Tüm tutarlar"", ""max_amount"": null, ""max_inclusive"": true, ""max_installments"": 18, ""max_maturity_months"": null, ""min_amount"": null, ""min_inclusive"": false, ""source_text"": ""Kategori bazlı taksit tablosu: egitim 18""}, {""category_key"": ""saglik"", ""category_label"": ""Sağlık"", ""condition_text"": ""Tüm tutarlar"", ""max_amount"": null, ""max_inclusive"": true, ""max_installments"": 18, ""max_maturity_months"": null, ""min_amount"": null, ""min_inclusive"": false, ""source_text"": ""Kategori bazlı taksit tablosu: saglik 18""}, {""category_key"": ""giyim"", ""category_label"": ""Giyim"", ""condition_text"": ""Tüm tutarlar"", ""max_amount"": null, ""max_inclusive"": true, ""max_installments"": 18, ""max_maturity_months"": null, ""min_amount"": null, ""min_inclusive"": false, ""source_text"": ""Kategori bazlı taksit tablosu: giyim 18""}, {""category_key"": ""kozmetik"", ""category_label"": ""Kozmetik"", ""condition_text"": ""Tüm tutarlar"", ""max_amount"": null, ""max_inclusive"": true, ""max_installments"": 18, ""max_maturity_months"": null, ""min_amount"": null, ""min_inclusive"": false, ""source_text"": ""Kategori bazlı taksit tablosu: kozmetik 18""}, {""category_key"": ""gida"", ""category_label"": ""Gıda"", ""condition_text"": ""Tüm tutarlar"", ""max_amount"": null, ""max_inclusive"": true, ""max_installments"": 18, ""max_maturity_months"": null, ""min_amount"": null, ""min_inclusive"": false, ""source_text"": ""Kategori bazlı taksit tablosu: gida 18""}, {""category_key"": ""akaryakit"", ""category_label"": ""Akaryakıt"", ""condition_text"": ""Tüm tutarlar"", ""max_amount"": null, ""max_inclusive"": true, ""max_installments"": 18, ""max_maturity_months"": null, ""min_amount"": null, ""min_inclusive"": false, ""source_text"": ""Kategori bazlı taksit tablosu: akaryakit 18""}, {""category_key"": ""market"", ""category_label"": ""Market"", ""condition_text"": ""Tüm tutarlar"", ""max_amount"": null, ""max_inclusive"": true, ""max_installments"": 18, ""max_maturity_months"": null, ""min_amount"": null, ""min_inclusive"": false, ""source_text"": ""Kategori bazlı taksit tablosu: market 18""}, {""category_key"": ""restoran"", ""category_label"": ""Restoran"", ""condition_text"": ""Tüm tutarlar"", ""max_amount"": null, ""max_inclusive"": true, ""max_installments"": 18, ""max_maturity_months"": null, ""min_amount"": null, ""min_inclusive"": false, ""source_text"": ""Kategori bazlı taksit tablosu: restoran 18""}], ""fee_rules"": [{""amount"": null, ""fee_label"": ""Tahsis Ücreti"", ""fee_type"": ""allocation"", ""note"": ""Kaynak maliyet tablosu veya açık tahsis ücreti ifadesinden çıkarıldı."", ""rate"": 0.0, ""waived"": false}], ""offer_rules"": [{""condition_text"": ""Genel azami vade: 18 ay"", ""interest_free"": false, ""max_amount"": null, ""max_inclusive"": true, ""max_installments"": null, ""max_maturity_months"": 18, ""min_amount"": null, ""min_inclusive"": false, ""rule_label"": ""Ürüne Özel Finansman Koşulu"", ""rule_type"": ""product_offer"", ""source_text"": ""Finansmanın maksimum vadesi 18 ay""}], ""pricing_tiers"": [{""allocation_fee_rate"": 0.0, ""annual_total_cost_rate"": 90.66, ""maturity_months"": 6, ""monthly_total_cost_rate"": 5.53, ""pricing_variant"": ""Maliyet Tablosu"", ""profit_share_rate"": 4.25, ""source_text"": ""6 | %4.25 | %0 | %5.53 | %90.66""}, {""allocation_fee_rate"": 0.0, ""annual_total_cost_rate"": 90.66, ""maturity_months"": 12, ""monthly_total_cost_rate"": 5.53, ""pricing_variant"": ""Maliyet Tablosu"", ""profit_share_rate"": 4.25, ""source_text"": ""12 | %4.25 | %0 | %5.53 | %90.66""}, {""allocation_fee_rate"": 0.0, ""annual_total_cost_rate"": 90.77, ""maturity_months"": 18, ""monthly_total_cost_rate"": 5.53, ""pricing_variant"": ""Maliyet Tablosu"", ""profit_share_rate"": 4.25, ""source_text"": ""18 | %4.25 | %0 | %5.53 | %90.77""}]}",https://hayatfinans.com.tr/krediler/bana-bunu-al
610,Hayat Finans,alisveris_finansmani,Alışveriş Finansmanı,Bana Bunu Al İş Ortağım,bireysel,https://hayatfinans.com.tr/krediler,,,,24,,,0,,2026-08-12T06:13:34+00:00,2026-08-12T06:13:37+00:00,,,,,,,,,,,,,,0,0,0,,,,"{""amount_maturity_rules"": [], ""category_rules"": [], ""fee_rules"": [], ""offer_rules"": [{""condition_text"": ""Genel azami vade: 24 ay"", ""interest_free"": false, ""max_amount"": null, ""max_inclusive"": true, ""max_installments"": null, ""max_maturity_months"": 24, ""min_amount"": null, ""min_inclusive"": false, ""rule_label"": ""Ürüne Özel Finansman Koşulu"", ""rule_type"": ""product_offer"", ""source_text"": ""24 aya varan vadeler""}], ""pricing_tiers"": []}",https://hayatfinans.com.tr/finansmanlar/bana-bunu-al-is-ortagim
611,Hayat Finans,gayri_nakdi_finansman,Gayri Nakdi Finansman,E-Teminat Mektubu,ticari,https://hayatfinans.com.tr/finansmanlar-is,,,,,,,0,,2026-08-12T06:13:35+00:00,2026-08-12T06:13:37+00:00,,,,,,,,,,,,,,0,0,0,,,,"{""amount_maturity_rules"": [], ""category_rules"": [], ""fee_rules"": [], ""offer_rules"": [], ""pricing_tiers"": []}",https://hayatfinans.com.tr/finansmanlar-is/e-teminat-mektubu
612,Hayat Finans,ticari_finansman,Ticari Finansman,Mikro Finansman,ticari,https://hayatfinans.com.tr/finansmanlar-is,,,,,,,0,,2026-08-12T06:13:36+00:00,2026-08-12T06:13:37+00:00,,,,,,,,,,,,,,0,0,0,,,,"{""amount_maturity_rules"": [], ""category_rules"": [], ""fee_rules"": [], ""offer_rules"": [], ""pricing_tiers"": []}",https://hayatfinans.com.tr/finansmanlar-is/mikro-finansman
613,Hayat Finans,ticari_finansman,Ticari Finansman,Ticari Finansman,ticari,https://hayatfinans.com.tr/finansmanlar-is,,,,,,,0,,2026-08-12T06:13:37+00:00,2026-08-12T06:13:37+00:00,,,,,,,,,,,,,,0,0,0,,,,"{""amount_maturity_rules"": [], ""category_rules"": [], ""fee_rules"": [], ""offer_rules"": [], ""pricing_tiers"": []}",https://hayatfinans.com.tr/finansmanlar-is/ticari-finansman
614,Hayat Finans,ticari_finansman,Ticari Finansman,İşletme Finansmanı,ticari,https://hayatfinans.com.tr/finansmanlar-is,,,,,,,0,,2026-08-12T06:13:36+00:00,2026-08-12T06:13:37+00:00,,,,,,,,,,,,,,0,0,0,,,,"{""amount_maturity_rules"": [], ""category_rules"": [], ""fee_rules"": [], ""offer_rules"": [], ""pricing_tiers"": []}",https://hayatfinans.com.tr/finansmanlar-is/isletme-finansmani
615,Hayat Finans,ihtiyac_finansmani,İhtiyaç Finansmanı,Eğitim Finansmanı Sistemi,bireysel,https://hayatfinans.com.tr/krediler,,600000.0,,,,,1,Vade farksız,2026-08-12T06:13:37+00:00,2026-08-12T06:13:37+00:00,,,,,,,,,,,,,,0,0,0,,,,"{""amount_maturity_rules"": [], ""category_rules"": [], ""fee_rules"": [{""amount"": null, ""fee_label"": ""Sigorta Ücreti"", ""fee_type"": ""insurance"", ""note"": ""Kaynakta alınmayacağı açıkça belirtiliyor."", ""rate"": null, ""waived"": true}, {""amount"": null, ""fee_label"": ""Masraf"", ""fee_type"": ""general_expense"", ""note"": ""Kaynakta masraf alınmadığı açıkça belirtiliyor."", ""rate"": null, ""waived"": true}], ""offer_rules"": [{""condition_text"": ""Vade farksız"", ""interest_free"": true, ""max_amount"": null, ""max_inclusive"": true, ""max_installments"": null, ""max_maturity_months"": null, ""min_amount"": null, ""min_inclusive"": false, ""rule_label"": ""Ürüne Özel Finansman Koşulu"", ""rule_type"": ""product_offer"", ""source_text"": ""Vade farksız""}], ""pricing_tiers"": []}",https://hayatfinans.com.tr/krediler/hayat-finans-egitim-finansmani-sistemi
566,Kuveyt Türk,alisveris_finansmani,Alışveriş Finansmanı,Alışveriş Finansmanı,bireysel,https://www.kuveytturk.com.tr/kendim-icin/finansmanlar,,,,36,,Hesaplama aracında dinamik,0,,2026-08-12T10:51:25+00:00,2026-08-12T10:51:44+00:00,,,,,,,,,,,,Tablet: 6 ay,,0,0,0,,6,,"{""amount_maturity_rules"": [], ""category_rules"": [{""category_key"": ""cep_telefonu"", ""category_label"": ""Cep Telefonu"", ""condition_text"": ""≤ 20.000 TL"", ""max_amount"": 20000.0, ""max_inclusive"": true, ""max_installments"": 12, ""max_maturity_months"": null, ""min_amount"": null, ""min_inclusive"": false, ""source_text"": ""Cep Telefonu alışverişleriniz 20.000 TL’ye kadar en fazla 12 taksit, 20.000 TL’nin üzerinde ise en fazla 3 taksit""}, {""category_key"": ""cep_telefonu"", ""category_label"": ""Cep Telefonu"", ""condition_text"": ""> 20.000 TL"", ""max_amount"": null, ""max_inclusive"": true, ""max_installments"": 3, ""max_maturity_months"": null, ""min_amount"": 20000.0, ""min_inclusive"": false, ""source_text"": ""Cep Telefonu alışverişleriniz 20.000 TL’ye kadar en fazla 12 taksit, 20.000 TL’nin üzerinde ise en fazla 3 taksit""}, {""category_key"": ""tablet"", ""category_label"": ""Tablet"", ""condition_text"": ""Tüm tutarlar"", ""max_amount"": null, ""max_inclusive"": true, ""max_installments"": null, ""max_maturity_months"": 6, ""min_amount"": null, ""min_inclusive"": false, ""source_text"": ""Tablet alışverişleriniz maksimum 6 ay vadelendirilmektedir.""}, {""category_key"": ""bilgisayar"", ""category_label"": ""Bilgisayar"", ""condition_text"": ""Tüm tutarlar"", ""max_amount"": null, ""max_inclusive"": true, ""max_installments"": null, ""max_maturity_months"": 12, ""min_amount"": null, ""min_inclusive"": false, ""source_text"": ""Bilgisayar alışverişleriniz maksimum 12 ay vadelendirilmektedir.""}], ""fee_rules"": [{""amount"": null, ""fee_label"": ""Tahsis Ücreti"", ""fee_type"": ""allocation"", ""note"": ""Kaynak maliyet tablosu veya açık tahsis ücreti ifadesinden çıkarıldı."", ""rate"": 0.5, ""waived"": false}], ""offer_rules"": [], ""pricing_tiers"": [{""allocation_fee_rate"": null, ""annual_total_cost_rate"": 96.8644, ""maturity_months"": 12, ""monthly_total_cost_rate"": 8.072, ""pricing_variant"": ""Standart"", ""profit_share_rate"": 4.52, ""source_text"": ""10.000 TL | 12 Ay | %4,52 | 1.169,99 TL | 86,30 TL | %8,0720 | %96,8644""}]}",https://www.kuveytturk.com.tr/kendim-icin/finansmanlar/alisveris-finansmanlari/alisveris-finansmani
567,Kuveyt Türk,alisveris_finansmani,Alışveriş Finansmanı,CebimPOS ile Alışveriş Finansmanı,bireysel,https://www.kuveytturk.com.tr/kendim-icin/finansmanlar,,,,36,,,0,,2026-08-12T10:51:26+00:00,2026-08-12T10:51:44+00:00,,,,,,,,,,,,Tablet: 6 ay,,0,0,0,,6,,"{""amount_maturity_rules"": [], ""category_rules"": [{""category_key"": ""cep_telefonu"", ""category_label"": ""Cep Telefonu"", ""condition_text"": ""≤ 20.000 TL"", ""max_amount"": 20000.0, ""max_inclusive"": true, ""max_installments"": 12, ""max_maturity_months"": null, ""min_amount"": null, ""min_inclusive"": false, ""source_text"": ""Cep Telefonu alışverişleriniz 20.000 TL’ye kadar en fazla 12 taksit, 20.000 TL’nin üzerinde ise en fazla 3 taksit""}, {""category_key"": ""cep_telefonu"", ""category_label"": ""Cep Telefonu"", ""condition_text"": ""> 20.000 TL"", ""max_amount"": null, ""max_inclusive"": true, ""max_installments"": 3, ""max_maturity_months"": null, ""min_amount"": 20000.0, ""min_inclusive"": false, ""source_text"": ""Cep Telefonu alışverişleriniz 20.000 TL’ye kadar en fazla 12 taksit, 20.000 TL’nin üzerinde ise en fazla 3 taksit""}, {""category_key"": ""tablet"", ""category_label"": ""Tablet"", ""condition_text"": ""Tüm tutarlar"", ""max_amount"": null, ""max_inclusive"": true, ""max_installments"": null, ""max_maturity_months"": 6, ""min_amount"": null, ""min_inclusive"": false, ""source_text"": ""Tablet alışverişleriniz maksimum 6 ay vadelendirilmektedir.""}, {""category_key"": ""bilgisayar"", ""category_label"": ""Bilgisayar"", ""condition_text"": ""Tüm tutarlar"", ""max_amount"": null, ""max_inclusive"": true, ""max_installments"": null, ""max_maturity_months"": 12, ""min_amount"": null, ""min_inclusive"": false, ""source_text"": ""Bilgisayar alışverişleriniz maksimum 12 ay vadelendirilmektedir.""}], ""fee_rules"": [], ""offer_rules"": [], ""pricing_tiers"": []}",https://www.kuveytturk.com.tr/kendim-icin/finansmanlar/alisveris-finansmanlari/cebimpos-ile-alisveris-finansmani
568,Kuveyt Türk,alisveris_finansmani,Alışveriş Finansmanı,Hepsiburada Alışveriş Finansmanı,bireysel,https://www.kuveytturk.com.tr/kendim-icin/finansmanlar,,,,36,,,0,,2026-08-12T10:51:26+00:00,2026-08-12T10:51:44+00:00,,,,,,,,,,200000.0,36,Genel: ≤200 bin TL / 36 ay · Cep telefonu: ≤20 bin TL: 12 taksit · >20 bin TL: 3 taksit · Tablet: 6 ay · Bilgisayar: 12 ay,Sigorta ücreti yok · Tahsis ücreti yok,1,1,0,≤20 bin TL: 12 taksit · >20 bin TL: 3 taksit,6,12,"{""amount_maturity_rules"": [], ""category_rules"": [{""category_key"": ""cep_telefonu"", ""category_label"": ""Cep Telefonu"", ""condition_text"": ""≤ 20.000 TL"", ""max_amount"": 20000.0, ""max_inclusive"": true, ""max_installments"": 12, ""max_maturity_months"": null, ""min_amount"": null, ""min_inclusive"": false, ""source_text"": ""Cep Telefonu alışverişleriniz 20.000 TL’ye kadar en fazla 12 taksit, 20.000 TL’nin üzerinde ise en fazla 3 taksit""}, {""category_key"": ""cep_telefonu"", ""category_label"": ""Cep Telefonu"", ""condition_text"": ""> 20.000 TL"", ""max_amount"": null, ""max_inclusive"": true, ""max_installments"": 3, ""max_maturity_months"": null, ""min_amount"": 20000.0, ""min_inclusive"": false, ""source_text"": ""Cep Telefonu alışverişleriniz 20.000 TL’ye kadar en fazla 12 taksit, 20.000 TL’nin üzerinde ise en fazla 3 taksit""}, {""category_key"": ""tablet"", ""category_label"": ""Tablet"", ""condition_text"": ""Tüm tutarlar"", ""max_amount"": null, ""max_inclusive"": true, ""max_installments"": null, ""max_maturity_months"": 6, ""min_amount"": null, ""min_inclusive"": false, ""source_text"": ""Tablet alışverişleriniz en fazla 6 ay vadelendirilmektedir.""}, {""category_key"": ""bilgisayar"", ""category_label"": ""Bilgisayar"", ""condition_text"": ""Tüm tutarlar"", ""max_amount"": null, ""max_inclusive"": true, ""max_installments"": null, ""max_maturity_months"": 12, ""min_amount"": null, ""min_inclusive"": false, ""source_text"": ""Bilgisayar alışverişleriniz en fazla 12 ay vadelendirilmektedir.""}], ""fee_rules"": [{""amount"": null, ""fee_label"": ""Sigorta Ücreti"", ""fee_type"": ""insurance"", ""note"": ""Kaynakta alınmayacağı açıkça belirtiliyor."", ""rate"": null, ""waived"": true}, {""amount"": null, ""fee_label"": ""Tahsis Ücreti"", ""fee_type"": ""allocation"", ""note"": ""Kaynakta alınmayacağı açıkça belirtiliyor."", ""rate"": null, ""waived"": true}], ""offer_rules"": [], ""pricing_tiers"": []}",https://www.kuveytturk.com.tr/kendim-icin/finansmanlar/alisveris-finansmanlari/hepsiburada-alisveris-finansmani
569,Kuveyt Türk,alisveris_finansmani,Alışveriş Finansmanı,LC Waikiki Alışveriş Finansmanı,bireysel,https://www.kuveytturk.com.tr/kendim-icin/finansmanlar,,,,,,,1,Vade farksız,2026-08-12T10:51:26+00:00,2026-08-12T10:51:44+00:00,,,,,,,,,,,,,Sigorta ücreti yok · Tahsis ücreti yok,1,1,0,,,,"{""amount_maturity_rules"": [], ""category_rules"": [], ""fee_rules"": [{""amount"": null, ""fee_label"": ""Sigorta Ücreti"", ""fee_type"": ""insurance"", ""note"": ""Kaynakta alınmayacağı açıkça belirtiliyor."", ""rate"": null, ""waived"": true}, {""amount"": null, ""fee_label"": ""Tahsis Ücreti"", ""fee_type"": ""allocation"", ""note"": ""Kaynakta alınmayacağı açıkça belirtiliyor."", ""rate"": null, ""waived"": true}], ""offer_rules"": [{""condition_text"": ""≤ 5.000 TL · Vade farksız · 3 taksit · 3 ay"", ""interest_free"": true, ""max_amount"": 5000.0, ""max_inclusive"": true, ""max_installments"": 3, ""max_maturity_months"": 3, ""min_amount"": null, ""min_inclusive"": false, ""rule_label"": ""Ürüne Özel Finansman Koşulu"", ""rule_type"": ""product_offer"", ""source_text"": ""Çocuk kıyafetlerinden ev eşyasına, giyimden aksesuara LC Waikiki’den alacağınız ürünlerde 5000 TL’ye kadar vade farksız 3 ay taksit imkanı ile Alışveriş Finansmanı fırsatını kullanabilir, kredi kartı limitiniz ve nakit paranızdan harcamadan alışveriş keyfinizi sürdürebilirsiniz.""}], ""pricing_tiers"": []}",https://www.kuveytturk.com.tr/kendim-icin/finansmanlar/alisveris-finansmanlari/lc-waikiki-alisveris-finansmani
570,Kuveyt Türk,alisveris_finansmani,Alışveriş Finansmanı,Taksitlio Alışveriş Finansmanı,bireysel,https://www.kuveytturk.com.tr/kendim-icin/finansmanlar,,,,36,,,0,,2026-08-12T10:51:28+00:00,2026-08-12T10:51:44+00:00,,,,,,,,,,200000.0,36,Genel: ≤200 bin TL / 36 ay · Cep telefonu: ≤20 bin TL: 12 taksit · >20 bin TL: 3 taksit · Tablet: 6 ay · Bilgisayar: 12 ay,Sigorta ücreti yok · Tahsis ücreti yok,1,1,0,≤20 bin TL: 12 taksit · >20 bin TL: 3 taksit,6,12,"{""amount_maturity_rules"": [], ""category_rules"": [{""category_key"": ""cep_telefonu"", ""category_label"": ""Cep Telefonu"", ""condition_text"": ""≤ 20.000 TL"", ""max_amount"": 20000.0, ""max_inclusive"": true, ""max_installments"": 12, ""max_maturity_months"": null, ""min_amount"": null, ""min_inclusive"": false, ""source_text"": ""Cep Telefonu alışverişleriniz 20.000 TL’ye kadar en fazla 12 taksit, 20.000 TL’nin üzerinde ise en fazla 3 taksit""}, {""category_key"": ""cep_telefonu"", ""category_label"": ""Cep Telefonu"", ""condition_text"": ""> 20.000 TL"", ""max_amount"": null, ""max_inclusive"": true, ""max_installments"": 3, ""max_maturity_months"": null, ""min_amount"": 20000.0, ""min_inclusive"": false, ""source_text"": ""Cep Telefonu alışverişleriniz 20.000 TL’ye kadar en fazla 12 taksit, 20.000 TL’nin üzerinde ise en fazla 3 taksit""}, {""category_key"": ""tablet"", ""category_label"": ""Tablet"", ""condition_text"": ""Tüm tutarlar"", ""max_amount"": null, ""max_inclusive"": true, ""max_installments"": null, ""max_maturity_months"": 6, ""min_amount"": null, ""min_inclusive"": false, ""source_text"": ""Tablet alışverişleriniz en fazla 6 ay vadelendirilmektedir.""}, {""category_key"": ""bilgisayar"", ""category_label"": ""Bilgisayar"", ""condition_text"": ""Tüm tutarlar"", ""max_amount"": null, ""max_inclusive"": true, ""max_installments"": null, ""max_maturity_months"": 12, ""min_amount"": null, ""min_inclusive"": false, ""source_text"": ""Bilgisayar alışverişleriniz en fazla 12 ay vadelendirilmektedir.""}], ""fee_rules"": [{""amount"": null, ""fee_label"": ""Sigorta Ücreti"", ""fee_type"": ""insurance"", ""note"": ""Kaynakta alınmayacağı açıkça belirtiliyor."", ""rate"": null, ""waived"": true}, {""amount"": null, ""fee_label"": ""Tahsis Ücreti"", ""fee_type"": ""allocation"", ""note"": ""Kaynakta alınmayacağı açıkça belirtiliyor."", ""rate"": null, ""waived"": true}], ""offer_rules"": [], ""pricing_tiers"": []}",https://www.kuveytturk.com.tr/kendim-icin/finansmanlar/alisveris-finansmanlari/taksitlio-alisveris-finansmani
571,Kuveyt Türk,alisveris_finansmani,Alışveriş Finansmanı,Teknosa Alışveriş Finansmanı,bireysel,https://www.kuveytturk.com.tr/kendim-icin/finansmanlar,,,,36,,,0,,2026-08-12T10:51:28+00:00,2026-08-12T10:51:44+00:00,,,,,,,,,,200000.0,36,Genel: ≤200 bin TL / 36 ay · Cep telefonu: ≤20 bin TL: 12 taksit · >20 bin TL: 3 taksit · Tablet: 36 ay · Bilgisayar: 12 ay,Sigorta ücreti yok · Tahsis ücreti yok,1,1,0,≤20 bin TL: 12 taksit · >20 bin TL: 3 taksit,36,12,"{""amount_maturity_rules"": [], ""category_rules"": [{""category_key"": ""cep_telefonu"", ""category_label"": ""Cep Telefonu"", ""condition_text"": ""≤ 20.000 TL"", ""max_amount"": 20000.0, ""max_inclusive"": true, ""max_installments"": 12, ""max_maturity_months"": null, ""min_amount"": null, ""min_inclusive"": false, ""source_text"": ""Cep Telefonu alışverişleriniz 20.000 TL’ye kadar en fazla 12 taksit, 20.000 TL’nin üzerinde ise en fazla 3 taksit""}, {""category_key"": ""cep_telefonu"", ""category_label"": ""Cep Telefonu"", ""condition_text"": ""> 20.000 TL"", ""max_amount"": null, ""max_inclusive"": true, ""max_installments"": 3, ""max_maturity_months"": null, ""min_amount"": 20000.0, ""min_inclusive"": false, ""source_text"": ""Cep Telefonu alışverişleriniz 20.000 TL’ye kadar en fazla 12 taksit, 20.000 TL’nin üzerinde ise en fazla 3 taksit""}, {""category_key"": ""tablet"", ""category_label"": ""Tablet"", ""condition_text"": ""Tüm tutarlar"", ""max_amount"": null, ""max_inclusive"": true, ""max_installments"": null, ""max_maturity_months"": 6, ""min_amount"": null, ""min_inclusive"": false, ""source_text"": ""Tablet alışverişleriniz en fazla 6 ay vadelendirilmektedir.""}, {""category_key"": ""bilgisayar"", ""category_label"": ""Bilgisayar"", ""condition_text"": ""Tüm tutarlar"", ""max_amount"": null, ""max_inclusive"": true, ""max_installments"": null, ""max_maturity_months"": 12, ""min_amount"": null, ""min_inclusive"": false, ""source_text"": ""Bilgisayar alışverişleriniz en fazla 12 ay vadelendirilmektedir.""}], ""fee_rules"": [{""amount"": null, ""fee_label"": ""Sigorta Ücreti"", ""fee_type"": ""insurance"", ""note"": ""Kaynakta alınmayacağı açıkça belirtiliyor."", ""rate"": null, ""waived"": true}, {""amount"": null, ""fee_label"": ""Tahsis Ücreti"", ""fee_type"": ""allocation"", ""note"": ""Kaynakta alınmayacağı açıkça belirtiliyor."", ""rate"": null, ""waived"": true}], ""offer_rules"": [], ""pricing_tiers"": []}",https://www.kuveytturk.com.tr/kendim-icin/finansmanlar/alisveris-finansmanlari/teknosa-alisveris-finansmani
572,Kuveyt Türk,alisveris_finansmani,Alışveriş Finansmanı,Trendyol Alışveriş Finansmanı,bireysel,https://www.kuveytturk.com.tr/kendim-icin/finansmanlar,,,,36,,,0,,2026-08-12T10:51:28+00:00,2026-08-12T10:51:44+00:00,,,,,,,,,,200000.0,36,Genel: ≤200 bin TL / 36 ay · Cep telefonu: ≤20 bin TL: 12 taksit · >20 bin TL: 3 taksit · Tablet: 6 ay · Bilgisayar: 12 ay,Sigorta ücreti yok · Tahsis ücreti yok,1,1,0,≤20 bin TL: 12 taksit · >20 bin TL: 3 taksit,6,12,"{""amount_maturity_rules"": [], ""category_rules"": [{""category_key"": ""cep_telefonu"", ""category_label"": ""Cep Telefonu"", ""condition_text"": ""≤ 20.000 TL"", ""max_amount"": 20000.0, ""max_inclusive"": true, ""max_installments"": 12, ""max_maturity_months"": null, ""min_amount"": null, ""min_inclusive"": false, ""source_text"": ""Cep Telefonu alışverişleriniz 20.000 TL’ye kadar en fazla 12 taksit, 20.000 TL’nin üzerinde ise en fazla 3 taksit""}, {""category_key"": ""cep_telefonu"", ""category_label"": ""Cep Telefonu"", ""condition_text"": ""> 20.000 TL"", ""max_amount"": null, ""max_inclusive"": true, ""max_installments"": 3, ""max_maturity_months"": null, ""min_amount"": 20000.0, ""min_inclusive"": false, ""source_text"": ""Cep Telefonu alışverişleriniz 20.000 TL’ye kadar en fazla 12 taksit, 20.000 TL’nin üzerinde ise en fazla 3 taksit""}, {""category_key"": ""tablet"", ""category_label"": ""Tablet"", ""condition_text"": ""Tüm tutarlar"", ""max_amount"": null, ""max_inclusive"": true, ""max_installments"": null, ""max_maturity_months"": 6, ""min_amount"": null, ""min_inclusive"": false, ""source_text"": ""Tablet alışverişleriniz en fazla 6 ay vadelendirilmektedir.""}, {""category_key"": ""bilgisayar"", ""category_label"": ""Bilgisayar"", ""condition_text"": ""Tüm tutarlar"", ""max_amount"": null, ""max_inclusive"": true, ""max_installments"": null, ""max_maturity_months"": 12, ""min_amount"": null, ""min_inclusive"": false, ""source_text"": ""Bilgisayar alışverişleriniz en fazla 12 ay vadelendirilmektedir.""}], ""fee_rules"": [{""amount"": null, ""fee_label"": ""Sigorta Ücreti"", ""fee_type"": ""insurance"", ""note"": ""Kaynakta alınmayacağı açıkça belirtiliyor."", ""rate"": null, ""waived"": true}, {""amount"": null, ""fee_label"": ""Tahsis Ücreti"", ""fee_type"": ""allocation"", ""note"": ""Kaynakta alınmayacağı açıkça belirtiliyor."", ""rate"": null, ""waived"": true}], ""offer_rules"": [], ""pricing_tiers"": []}",https://www.kuveytturk.com.tr/kendim-icin/finansmanlar/alisveris-finansmanlari/trendyol-alisveris-finansmani
573,Kuveyt Türk,alisveris_finansmani,Alışveriş Finansmanı,İhtiyaç Kart,bireysel,https://www.kuveytturk.com.tr/kendim-icin/finansmanlar,,,,,,Hesaplama aracında dinamik,0,,2026-08-12T10:51:43+00:00,2026-08-12T10:51:44+00:00,,,,,,,,,,,,Tablet: 4 ay · Bilgisayar: 4 ay,,0,0,0,,4,4,"{""amount_maturity_rules"": [], ""category_rules"": [], ""fee_rules"": [], ""offer_rules"": [], ""pricing_tiers"": []}",https://www.kuveytturk.com.tr/kendim-icin/finansmanlar/alisveris-finansmanlari/ihtiyac-kart
574,Kuveyt Türk,arac_finansmani,Araç Finansmanı,Araç Finansmanı,bireysel,https://www.kuveytturk.com.tr/kendim-icin/finansmanlar,,,,48,,Hesaplama aracında dinamik,0,,2026-08-12T10:51:28+00:00,2026-08-12T10:51:44+00:00,,,,,,,,"≤400 bin: %70 / 48 ay · 400 bin–800 bin: %50 / 36 ay · 800 bin–1,2 mn: %30 / 24 ay · 1,2 mn–2 mn: %20 / 12 ay · >2 mn: Kullandırım yok",0–5 yaş → 48 ay · 6–10 yaş → 36 ay,,,,,0,0,0,,,,"{""amount_maturity_rules"": [], ""category_rules"": [], ""fee_rules"": [{""amount"": null, ""fee_label"": ""Tahsis Ücreti"", ""fee_type"": ""allocation"", ""note"": ""Kaynak maliyet tablosu veya açık tahsis ücreti ifadesinden çıkarıldı."", ""rate"": 0.5, ""waived"": false}], ""offer_rules"": [], ""pricing_tiers"": []}",https://www.kuveytturk.com.tr/kendim-icin/finansmanlar/arac-finansmanlari/arac-finansmani
575,Kuveyt Türk,arac_finansmani,Araç Finansmanı,Dijital Araç Finansmanı,bireysel,https://www.kuveytturk.com.tr/kendim-icin/finansmanlar,,,,48,,Hesaplama aracında dinamik,0,,2026-08-12T10:51:29+00:00,2026-08-12T10:51:44+00:00,,,,,,,,"≤400 bin: %70 / 48 ay · 400 bin–800 bin: %50 / 36 ay · 800 bin–1,2 mn: %30 / 24 ay · 1,2 mn–2 mn: %20 / 12 ay · >2 mn: Kullandırım yok",0–5 yaş → 48 ay,,,,,0,0,0,,,,"{""amount_maturity_rules"": [], ""category_rules"": [], ""fee_rules"": [{""amount"": null, ""fee_label"": ""Tahsis Ücreti"", ""fee_type"": ""allocation"", ""note"": ""Kaynak maliyet tablosu veya açık tahsis ücreti ifadesinden çıkarıldı."", ""rate"": 0.5, ""waived"": false}], ""offer_rules"": [], ""pricing_tiers"": []}",https://www.kuveytturk.com.tr/kendim-icin/finansmanlar/arac-finansmanlari/dijital-arac-finansmani
576,Kuveyt Türk,arac_finansmani,Araç Finansmanı,Dijital Motosiklet Finansmanı,bireysel,https://www.kuveytturk.com.tr/kendim-icin/finansmanlar,,,,48,,Hesaplama aracında dinamik,0,,2026-08-12T10:51:29+00:00,2026-08-12T10:51:44+00:00,,,,,,,,"≤400 bin: %70 / 48 ay · 400 bin–800 bin: %50 / 36 ay · 800 bin–1,2 mn: %30 / 24 ay · 1,2 mn–2 mn: %20 / 12 ay · >2 mn: Kullandırım yok",,,,,,0,0,0,,,,"{""amount_maturity_rules"": [], ""category_rules"": [], ""fee_rules"": [{""amount"": null, ""fee_label"": ""Tahsis Ücreti"", ""fee_type"": ""allocation"", ""note"": ""Kaynak maliyet tablosu veya açık tahsis ücreti ifadesinden çıkarıldı."", ""rate"": 0.5, ""waived"": false}], ""offer_rules"": [], ""pricing_tiers"": []}",https://www.kuveytturk.com.tr/kendim-icin/finansmanlar/arac-finansmanlari/dijital-motosiklet-finansmani
577,Kuveyt Türk,arac_finansmani,Araç Finansmanı,Motosiklet Finansmanı,bireysel,https://www.kuveytturk.com.tr/kendim-icin/finansmanlar,,,,48,,Hesaplama aracında dinamik,0,,2026-08-12T10:51:29+00:00,2026-08-12T10:51:44+00:00,,,,,,,,"≤400 bin: %70 / 48 ay · 400 bin–800 bin: %50 / 36 ay · 800 bin–1,2 mn: %30 / 24 ay · 1,2 mn–2 mn: %20 / 12 ay · >2 mn: Kullandırım yok",,,,,,0,0,0,,,,"{""amount_maturity_rules"": [], ""category_rules"": [], ""fee_rules"": [{""amount"": null, ""fee_label"": ""Tahsis Ücreti"", ""fee_type"": ""allocation"", ""note"": ""Kaynak maliyet tablosu veya açık tahsis ücreti ifadesinden çıkarıldı."", ""rate"": 0.5, ""waived"": false}], ""offer_rules"": [], ""pricing_tiers"": []}",https://www.kuveytturk.com.tr/kendim-icin/finansmanlar/arac-finansmanlari/motosiklet-finansmani
578,Kuveyt Türk,arac_finansmani,Araç Finansmanı,Sürdürülebilir Araç Finansmanı,bireysel,https://www.kuveytturk.com.tr/kendim-icin/finansmanlar,,,,48,,Hesaplama aracında dinamik,0,,2026-08-12T10:51:30+00:00,2026-08-12T10:51:44+00:00,,,,,,,,"≤400 bin: %70 / 48 ay · 400 bin–800 bin: %50 / 36 ay · 800 bin–1,2 mn: %30 / 24 ay · 1,2 mn–2 mn: %20 / 12 ay · >2 mn: Kullandırım yok",0–5 yaş → 48 ay · 6–10 yaş → 36 ay,,,,,0,0,0,,,,"{""amount_maturity_rules"": [], ""category_rules"": [], ""fee_rules"": [], ""offer_rules"": [], ""pricing_tiers"": []}",https://www.kuveytturk.com.tr/kendim-icin/finansmanlar/surdurulebilir-finansmanlar/surdurulebilir-arac-finansmani
579,Kuveyt Türk,arac_finansmani,Araç Finansmanı,TOGG Finansmanı,bireysel,https://www.kuveytturk.com.tr/kendim-icin/finansmanlar,,,,48,,Hesaplama aracında dinamik,0,,2026-08-12T10:51:30+00:00,2026-08-12T10:51:44+00:00,,,,,,,,,,,,,,0,0,0,,,,"{""amount_maturity_rules"": [], ""category_rules"": [], ""fee_rules"": [{""amount"": null, ""fee_label"": ""Tahsis Ücreti"", ""fee_type"": ""allocation"", ""note"": ""Kaynak maliyet tablosu veya açık tahsis ücreti ifadesinden çıkarıldı."", ""rate"": 0.5, ""waived"": false}], ""offer_rules"": [], ""pricing_tiers"": []}",https://www.kuveytturk.com.tr/kendim-icin/finansmanlar/arac-finansmanlari/togg-finansmani
580,Kuveyt Türk,gayri_nakdi_finansman,Gayri Nakdi Finansman,Akreditifler,ticari,https://www.kuveytturk.com.tr/isim-icin/finansman-urunleri,,,,,,,0,,2026-08-12T10:51:31+00:00,2026-08-12T10:51:44+00:00,,,,,,,,,,,,,,0,0,0,,,,"{""amount_maturity_rules"": [], ""category_rules"": [], ""fee_rules"": [], ""offer_rules"": [], ""pricing_tiers"": []}",https://www.kuveytturk.com.tr/isim-icin/finansman-urunleri/gayri-nakdi-finansman/akreditifler
581,Kuveyt Türk,gayri_nakdi_finansman,Gayri Nakdi Finansman,Doğrudan Borçlandırma Sistemi,ticari,https://www.kuveytturk.com.tr/isim-icin/finansman-urunleri,,,,,,,0,,2026-08-12T10:51:31+00:00,2026-08-12T10:51:44+00:00,,,,,,,,,,,,,,0,0,0,,,,"{""amount_maturity_rules"": [], ""category_rules"": [], ""fee_rules"": [], ""offer_rules"": [], ""pricing_tiers"": []}",https://www.kuveytturk.com.tr/isim-icin/finansman-urunleri/gayri-nakdi-finansman/dogrudan-borclandirma-sistemi
582,Kuveyt Türk,gayri_nakdi_finansman,Gayri Nakdi Finansman,Kabul-Aval Kredileri,ticari,https://www.kuveytturk.com.tr/isim-icin/finansman-urunleri,,,,,,,0,,2026-08-12T10:51:31+00:00,2026-08-12T10:51:44+00:00,,,,,,,,,,,,,,0,0,0,,,,"{""amount_maturity_rules"": [], ""category_rules"": [], ""fee_rules"": [], ""offer_rules"": [], ""pricing_tiers"": []}",https://www.kuveytturk.com.tr/isim-icin/finansman-urunleri/gayri-nakdi-finansman/kabul-aval-kredileri
583,Kuveyt Türk,gayri_nakdi_finansman,Gayri Nakdi Finansman,Referans Mektupları,ticari,https://www.kuveytturk.com.tr/isim-icin/finansman-urunleri,,,,,,,0,,2026-08-12T10:51:33+00:00,2026-08-12T10:51:44+00:00,,,,,,,,,,,,,,0,0,0,,,,"{""amount_maturity_rules"": [], ""category_rules"": [], ""fee_rules"": [], ""offer_rules"": [], ""pricing_tiers"": []}",https://www.kuveytturk.com.tr/isim-icin/finansman-urunleri/gayri-nakdi-finansman/referans-mektuplari
584,Kuveyt Türk,gayri_nakdi_finansman,Gayri Nakdi Finansman,Teminat Mektupları,ticari,https://www.kuveytturk.com.tr/isim-icin/finansman-urunleri,,,,,,,0,,2026-08-12T10:51:33+00:00,2026-08-12T10:51:44+00:00,,,,,,,,,,,,,,0,0,0,,,,"{""amount_maturity_rules"": [], ""category_rules"": [], ""fee_rules"": [], ""offer_rules"": [], ""pricing_tiers"": []}",https://www.kuveytturk.com.tr/isim-icin/finansman-urunleri/gayri-nakdi-finansman/teminat-mektuplari
585,Kuveyt Türk,konut_finansmani,Konut Finansmanı,2B Finansmanı,bireysel,https://www.kuveytturk.com.tr/kendim-icin/finansmanlar,,,,60,,Hesaplama aracında dinamik,0,,2026-08-12T10:51:33+00:00,2026-08-12T10:51:44+00:00,,,,,,,,,,,,,,0,0,0,,,,"{""amount_maturity_rules"": [], ""category_rules"": [], ""fee_rules"": [], ""offer_rules"": [], ""pricing_tiers"": []}",https://www.kuveytturk.com.tr/kendim-icin/finansmanlar/konut-finansmanlari/2b-finansmani
586,Kuveyt Türk,konut_finansmani,Konut Finansmanı,Arsa Finansmanı,bireysel,https://www.kuveytturk.com.tr/kendim-icin/finansmanlar,,,,60,,Hesaplama aracında dinamik,0,,2026-08-12T10:51:33+00:00,2026-08-12T10:51:44+00:00,,,,,,,,,,,,,,0,0,0,,,,"{""amount_maturity_rules"": [], ""category_rules"": [], ""fee_rules"": [], ""offer_rules"": [], ""pricing_tiers"": []}",https://www.kuveytturk.com.tr/kendim-icin/finansmanlar/konut-finansmanlari/arsa-finansmani
587,Kuveyt Türk,konut_finansmani,Konut Finansmanı,Gurbetten Sılaya Gayrimenkul Finansmanı,bireysel,https://www.kuveytturk.com.tr/kendim-icin/finansmanlar,,,,,,Hesaplama aracında dinamik,0,,2026-08-12T10:51:34+00:00,2026-08-12T10:51:44+00:00,,,,,,,,,,,,,,0,0,0,,,,"{""amount_maturity_rules"": [], ""category_rules"": [], ""fee_rules"": [{""amount"": null, ""fee_label"": ""Tahsis Ücreti"", ""fee_type"": ""allocation"", ""note"": ""Kaynak maliyet tablosu veya açık tahsis ücreti ifadesinden çıkarıldı."", ""rate"": 0.5, ""waived"": false}], ""offer_rules"": [], ""pricing_tiers"": []}",https://www.kuveytturk.com.tr/kendim-icin/finansmanlar/konut-finansmanlari/gurbetten-silaya-gayrimenkul-finansmani
588,Kuveyt Türk,konut_finansmani,Konut Finansmanı,Konut Finansmanı,bireysel,https://www.kuveytturk.com.tr/kendim-icin/finansmanlar,,,,120,,Hesaplama aracında dinamik,0,,2026-08-12T10:51:35+00:00,2026-08-12T10:51:44+00:00,,,,,,,,,,,,,,0,0,0,,,,"{""amount_maturity_rules"": [], ""category_rules"": [], ""fee_rules"": [{""amount"": null, ""fee_label"": ""Tahsis Ücreti"", ""fee_type"": ""allocation"", ""note"": ""Kaynak maliyet tablosu veya açık tahsis ücreti ifadesinden çıkarıldı."", ""rate"": 0.5, ""waived"": false}], ""offer_rules"": [], ""pricing_tiers"": []}",https://www.kuveytturk.com.tr/kendim-icin/finansmanlar/konut-finansmanlari/konut-finansmani
589,Kuveyt Türk,konut_finansmani,Konut Finansmanı,Yeşil Konut Finansmanı,bireysel,https://www.kuveytturk.com.tr/kendim-icin/finansmanlar,,,,120,,Hesaplama aracında dinamik,0,,2026-08-12T10:51:35+00:00,2026-08-12T10:51:44+00:00,,,,,,,,,,,,,,0,0,0,,,,"{""amount_maturity_rules"": [], ""category_rules"": [], ""fee_rules"": [], ""offer_rules"": [], ""pricing_tiers"": []}",https://www.kuveytturk.com.tr/kendim-icin/finansmanlar/surdurulebilir-finansmanlar/yesil-konut-finansmani
590,Kuveyt Türk,konut_finansmani,Konut Finansmanı,İlk Evim Konut Finansmanı,bireysel,https://www.kuveytturk.com.tr/kendim-icin/finansmanlar,,,,120,,Hesaplama aracında dinamik,0,,2026-08-12T10:51:34+00:00,2026-08-12T10:51:44+00:00,,,,,,,,,,,,,,0,0,0,,,,"{""amount_maturity_rules"": [], ""category_rules"": [], ""fee_rules"": [{""amount"": null, ""fee_label"": ""Tahsis Ücreti"", ""fee_type"": ""allocation"", ""note"": ""Kaynak maliyet tablosu veya açık tahsis ücreti ifadesinden çıkarıldı."", ""rate"": 0.5, ""waived"": false}], ""offer_rules"": [], ""pricing_tiers"": []}",https://www.kuveytturk.com.tr/kendim-icin/finansmanlar/konut-finansmanlari/ilk-evim-konut-finansmani
591,Kuveyt Türk,konut_finansmani,Konut Finansmanı,İş Yeri Finansmanı,bireysel,https://www.kuveytturk.com.tr/kendim-icin/finansmanlar,,,,,,Hesaplama aracında dinamik,0,,2026-08-12T10:51:34+00:00,2026-08-12T10:51:44+00:00,,,,,,,,,,,,,,0,0,0,,,,"{""amount_maturity_rules"": [], ""category_rules"": [], ""fee_rules"": [], ""offer_rules"": [], ""pricing_tiers"": []}",https://www.kuveytturk.com.tr/kendim-icin/finansmanlar/konut-finansmanlari/is-yeri-finansmani
592,Kuveyt Türk,leasing,Leasing,Leasing,ticari,https://www.kuveytturk.com.tr/isim-icin/finansman-urunleri,,,,,,,0,,2026-08-12T10:51:35+00:00,2026-08-12T10:51:44+00:00,,,,,,,,,,,,,,0,0,0,,,,"{""amount_maturity_rules"": [], ""category_rules"": [], ""fee_rules"": [], ""offer_rules"": [], ""pricing_tiers"": []}",https://www.kuveytturk.com.tr/isim-icin/leasing
593,Kuveyt Türk,surdurulebilir_finansman,Sürdürülebilir Finansman,Çatı GES Finansmanı,ticari,https://www.kuveytturk.com.tr/isim-icin/finansman-urunleri,,,,,,,0,,2026-08-12T10:51:35+00:00,2026-08-12T10:51:44+00:00,,,,,,,,,,,,,,0,0,0,,,,"{""amount_maturity_rules"": [], ""category_rules"": [], ""fee_rules"": [], ""offer_rules"": [], ""pricing_tiers"": []}",https://www.kuveytturk.com.tr/isim-icin/finansman-urunleri/cati-ges-finansmani
594,Kuveyt Türk,surdurulebilir_finansman,Sürdürülebilir Finansman,Çatı GES Finansmanı,bireysel,https://www.kuveytturk.com.tr/kendim-icin/finansmanlar,,,,36,,Hesaplama aracında dinamik,0,,2026-08-12T10:51:36+00:00,2026-08-12T10:51:44+00:00,,,,,,,,,,,,,,0,0,0,,,,"{""amount_maturity_rules"": [], ""category_rules"": [], ""fee_rules"": [], ""offer_rules"": [], ""pricing_tiers"": []}",https://www.kuveytturk.com.tr/kendim-icin/finansmanlar/surdurulebilir-finansmanlar/cati-ges-finansmani
595,Kuveyt Türk,tarim_finansmani,Tarım Finansmanı,Tarım ve Hayvancılık Finansmanı,ticari,https://www.kuveytturk.com.tr/isim-icin/finansman-urunleri,,,,,,,0,,2026-08-12T10:51:36+00:00,2026-08-12T10:51:44+00:00,,,,,,,,,,,,,,0,0,0,,,,"{""amount_maturity_rules"": [], ""category_rules"": [], ""fee_rules"": [], ""offer_rules"": [], ""pricing_tiers"": []}",https://www.kuveytturk.com.tr/isim-icin/tarim-bankaciligi/tarim-ve-hayvancilik-finansmani
596,Kuveyt Türk,ticari_finansman,Ticari Finansman,Online Finansman,ticari,https://www.kuveytturk.com.tr/isim-icin/finansman-urunleri,,,,,,,0,,2026-08-12T10:51:38+00:00,2026-08-12T10:51:44+00:00,,,,,,,,,,,,,,0,0,0,,,,"{""amount_maturity_rules"": [], ""category_rules"": [], ""fee_rules"": [], ""offer_rules"": [], ""pricing_tiers"": []}",https://www.kuveytturk.com.tr/isim-icin/finansman-urunleri/nakdi-finansman/online-finansman
597,Kuveyt Türk,ticari_finansman,Ticari Finansman,Savunma Sanayii Başkanlığı Finansman Destek Paketi,ticari,https://www.kuveytturk.com.tr/isim-icin/finansman-urunleri,,,,,,,0,,2026-08-12T10:51:39+00:00,2026-08-12T10:51:44+00:00,,,,,,,,,,,,,,0,0,0,,,,"{""amount_maturity_rules"": [], ""category_rules"": [], ""fee_rules"": [], ""offer_rules"": [{""condition_text"": ""Genel azami vade: 60 ay"", ""interest_free"": false, ""max_amount"": null, ""max_inclusive"": true, ""max_installments"": null, ""max_maturity_months"": 60, ""min_amount"": null, ""min_inclusive"": false, ""rule_label"": ""Ürüne Özel Finansman Koşulu"", ""rule_type"": ""product_offer"", ""source_text"": ""60 aya kadar vadeler""}], ""pricing_tiers"": []}",https://www.kuveytturk.com.tr/isim-icin/finansman-urunleri/nakdi-finansman/savunma-sanayii-baskanligi-finansman-destek-paketi
598,Kuveyt Türk,ticari_finansman,Ticari Finansman,Taksitli Ticari Finansman,ticari,https://www.kuveytturk.com.tr/isim-icin/finansman-urunleri,,,,,,,0,,2026-08-12T10:51:40+00:00,2026-08-12T10:51:44+00:00,,,,,,,,,,,,,,0,0,0,,,,"{""amount_maturity_rules"": [], ""category_rules"": [], ""fee_rules"": [], ""offer_rules"": [], ""pricing_tiers"": []}",https://www.kuveytturk.com.tr/isim-icin/finansman-urunleri/nakdi-finansman/taksitli-ticari-finansman
599,Kuveyt Türk,ticari_finansman,Ticari Finansman,Tedarikçi Finansmanı,ticari,https://www.kuveytturk.com.tr/isim-icin/finansman-urunleri,,,,,,,0,,2026-08-12T10:51:40+00:00,2026-08-12T10:51:44+00:00,,,,,,,,,,,,,,0,0,0,,,,"{""amount_maturity_rules"": [], ""category_rules"": [], ""fee_rules"": [], ""offer_rules"": [], ""pricing_tiers"": []}",https://www.kuveytturk.com.tr/isim-icin/nakit-yonetimi/tahsilat-sistemleri/tedarikci-finansmani
600,Kuveyt Türk,ticari_finansman,Ticari Finansman,İşletme Finansmanı,ticari,https://www.kuveytturk.com.tr/isim-icin/finansman-urunleri,,,,,,,0,,2026-08-12T10:51:36+00:00,2026-08-12T10:51:44+00:00,,,,,,,,,,,,,,0,0,0,,,,"{""amount_maturity_rules"": [], ""category_rules"": [], ""fee_rules"": [], ""offer_rules"": [], ""pricing_tiers"": []}",https://www.kuveytturk.com.tr/isim-icin/finansman-urunleri/nakdi-finansman/isletme-finansmani
601,Kuveyt Türk,ihtiyac_finansmani,İhtiyaç Finansmanı,Bisiklet Finansmanı,bireysel,https://www.kuveytturk.com.tr/kendim-icin/finansmanlar,,,,36,,Hesaplama aracında dinamik,0,,2026-08-12T10:51:41+00:00,2026-08-12T10:51:44+00:00,,,,,,,,,,,,,,0,0,0,,,,"{""amount_maturity_rules"": [], ""category_rules"": [], ""fee_rules"": [], ""offer_rules"": [], ""pricing_tiers"": []}",https://www.kuveytturk.com.tr/kendim-icin/finansmanlar/ihtiyac-finansmanlari/bisiklet-finansmani
602,Kuveyt Türk,ihtiyac_finansmani,İhtiyaç Finansmanı,Elektrikli Araç Şarj Ünitesi Finansmanı,bireysel,https://www.kuveytturk.com.tr/kendim-icin/finansmanlar,,,,36,,Hesaplama aracında dinamik,0,,2026-08-12T10:51:42+00:00,2026-08-12T10:51:44+00:00,,,,,,,,,,,,,,0,0,0,,,,"{""amount_maturity_rules"": [], ""category_rules"": [], ""fee_rules"": [], ""offer_rules"": [], ""pricing_tiers"": []}",https://www.kuveytturk.com.tr/kendim-icin/finansmanlar/ihtiyac-finansmanlari/elektrikli-arac-sarj-unitesi-finansmani
603,Kuveyt Türk,ihtiyac_finansmani,İhtiyaç Finansmanı,Eğitim Finansmanı,bireysel,https://www.kuveytturk.com.tr/kendim-icin/finansmanlar,,,,36,,Hesaplama aracında dinamik,0,,2026-08-12T10:51:42+00:00,2026-08-12T10:51:44+00:00,,,,,,,,,,,,,,0,0,0,,,,"{""amount_maturity_rules"": [], ""category_rules"": [], ""fee_rules"": [{""amount"": null, ""fee_label"": ""Tahsis Ücreti"", ""fee_type"": ""allocation"", ""note"": ""Kaynak maliyet tablosu veya açık tahsis ücreti ifadesinden çıkarıldı."", ""rate"": 0.5, ""waived"": false}], ""offer_rules"": [], ""pricing_tiers"": [{""allocation_fee_rate"": null, ""annual_total_cost_rate"": 105.4413, ""maturity_months"": 12, ""monthly_total_cost_rate"": 8.7868, ""pricing_variant"": ""Standart"", ""profit_share_rate"": 4.82, ""source_text"": ""10.000 TL | 12 Ay | 4,82 % | 1.194,41 TL | 86,30 TL | 8,7868% | 105,4413%""}]}",https://www.kuveytturk.com.tr/kendim-icin/finansmanlar/ihtiyac-finansmanlari/egitim-finansmani
604,Kuveyt Türk,ihtiyac_finansmani,İhtiyaç Finansmanı,Hac-Umre Finansmanı,bireysel,https://www.kuveytturk.com.tr/kendim-icin/finansmanlar,,,,36,,Hesaplama aracında dinamik,0,,2026-08-12T10:51:42+00:00,2026-08-12T10:51:44+00:00,,,,,,,,,,,,,,0,0,0,,,,"{""amount_maturity_rules"": [], ""category_rules"": [], ""fee_rules"": [{""amount"": null, ""fee_label"": ""Tahsis Ücreti"", ""fee_type"": ""allocation"", ""note"": ""Kaynak maliyet tablosu veya açık tahsis ücreti ifadesinden çıkarıldı."", ""rate"": 0.5, ""waived"": false}], ""offer_rules"": [], ""pricing_tiers"": [{""allocation_fee_rate"": null, ""annual_total_cost_rate"": 105.4413, ""maturity_months"": 12, ""monthly_total_cost_rate"": 8.7868, ""pricing_variant"": ""Standart"", ""profit_share_rate"": 4.82, ""source_text"": ""10,000 TL | 12 Ay | 4,82 % | 1.194,41 TL | 86,30 TL | 8,7868 % | 105,4413 %""}]}",https://www.kuveytturk.com.tr/kendim-icin/finansmanlar/ihtiyac-finansmanlari/hac-umre-finansmani
605,Kuveyt Türk,ihtiyac_finansmani,İhtiyaç Finansmanı,Kazançlı Fon Finansmanı,bireysel,https://www.kuveytturk.com.tr/kendim-icin/finansmanlar,,,,36,,,0,,2026-08-12T10:51:43+00:00,2026-08-12T10:51:44+00:00,,,,,,,,,,,,,,0,0,0,,,,"{""amount_maturity_rules"": [], ""category_rules"": [], ""fee_rules"": [], ""offer_rules"": [], ""pricing_tiers"": []}",https://www.kuveytturk.com.tr/kendim-icin/finansmanlar/ihtiyac-finansmanlari/kazancli-fon-finansmani
606,Kuveyt Türk,ihtiyac_finansmani,İhtiyaç Finansmanı,Kira Finansmanı,bireysel,https://www.kuveytturk.com.tr/kendim-icin/finansmanlar,,,,,,Hesaplama aracında dinamik,0,,2026-08-12T10:51:43+00:00,2026-08-12T10:51:44+00:00,,,,,,,,,,,,,,0,0,0,,,,"{""amount_maturity_rules"": [], ""category_rules"": [], ""fee_rules"": [], ""offer_rules"": [], ""pricing_tiers"": []}",https://www.kuveytturk.com.tr/kendim-icin/finansmanlar/ihtiyac-finansmanlari/kira-finansmani
607,Kuveyt Türk,ihtiyac_finansmani,İhtiyaç Finansmanı,Seyahat Finansmanı,bireysel,https://www.kuveytturk.com.tr/kendim-icin/finansmanlar,,,,36,,Hesaplama aracında dinamik,0,,2026-08-12T10:51:43+00:00,2026-08-12T10:51:44+00:00,,,,,,,,,,,,,,0,0,0,,,,"{""amount_maturity_rules"": [], ""category_rules"": [], ""fee_rules"": [{""amount"": null, ""fee_label"": ""Tahsis Ücreti"", ""fee_type"": ""allocation"", ""note"": ""Kaynak maliyet tablosu veya açık tahsis ücreti ifadesinden çıkarıldı."", ""rate"": 0.5, ""waived"": false}], ""offer_rules"": [], ""pricing_tiers"": [{""allocation_fee_rate"": null, ""annual_total_cost_rate"": 105.4413, ""maturity_months"": 12, ""monthly_total_cost_rate"": 8.7868, ""pricing_variant"": ""Standart"", ""profit_share_rate"": 4.82, ""source_text"": ""10.000 TL | 12 Ay | 4,82 % | 1.194,41 TL | 86,30 TL | 8,7868% | 105,4413%""}]}",https://www.kuveytturk.com.tr/kendim-icin/finansmanlar/ihtiyac-finansmanlari/seyahat-finansmani
608,Kuveyt Türk,ihtiyac_finansmani,İhtiyaç Finansmanı,Tekne Tüketici Finansmanı,bireysel,https://www.kuveytturk.com.tr/kendim-icin/finansmanlar,,,,36,,Hesaplama aracında dinamik,0,,2026-08-12T10:51:44+00:00,2026-08-12T10:51:44+00:00,,,,,,,,,,,,,,0,0,0,,,,"{""amount_maturity_rules"": [], ""category_rules"": [], ""fee_rules"": [{""amount"": null, ""fee_label"": ""Tahsis Ücreti"", ""fee_type"": ""allocation"", ""note"": ""Kaynak maliyet tablosu veya açık tahsis ücreti ifadesinden çıkarıldı."", ""rate"": 0.5, ""waived"": false}], ""offer_rules"": [], ""pricing_tiers"": [{""allocation_fee_rate"": null, ""annual_total_cost_rate"": 105.4413, ""maturity_months"": 12, ""monthly_total_cost_rate"": 8.7868, ""pricing_variant"": ""Standart"", ""profit_share_rate"": 4.82, ""source_text"": ""10.000 TL | 12 Ay | 4,82 % | 1.150,63 TL | 86,30 TL | 8,7868 % | 105,4413%""}]}",https://www.kuveytturk.com.tr/kendim-icin/finansmanlar/ihtiyac-finansmanlari/tekne-tuketici-finansmani
634,Türkiye Finans,alisveris_finansmani,Alışveriş Finansmanı,Trendyol Alışveriş Finansmanı,bireysel,https://www.turkiyefinans.com.tr/tr-tr/bireysel/hizli-finansman/Sayfalar/default.aspx,1000.0,70000.0,,36,,,0,,2026-08-12T11:10:08+00:00,2026-08-13T11:10:38+00:00,≤ 125.000 TL → 36 ay,125000.0,,,,,,,,70000.0,36,Genel: ≤70 bin TL / 36 ay,,0,0,0,,,,"{""amount_maturity_rules"": [{""max_amount"": 125000.0, ""max_inclusive"": true, ""max_maturity_months"": 36, ""min_amount"": null, ""min_inclusive"": false, ""source_text"": ""125.000TL’ye kadar olması durumunda maksimum vade 36 ay""}], ""category_rules"": [], ""fee_rules"": [{""amount"": null, ""fee_label"": ""Tahsis Ücreti"", ""fee_type"": ""allocation"", ""note"": ""Kaynak maliyet tablosu veya açık tahsis ücreti ifadesinden çıkarıldı."", ""rate"": 0.0, ""waived"": false}], ""offer_rules"": [{""condition_text"": ""Genel azami vade: 36 ay"", ""interest_free"": false, ""max_amount"": null, ""max_inclusive"": true, ""max_installments"": null, ""max_maturity_months"": 36, ""min_amount"": null, ""min_inclusive"": false, ""rule_label"": ""Ürüne Özel Finansman Koşulu"", ""rule_type"": ""product_offer"", ""source_text"": ""36 aya varan vadeler""}], ""pricing_tiers"": [{""allocation_fee_rate"": 0.0, ""annual_total_cost_rate"": 98.67, ""maturity_months"": 3, ""monthly_total_cost_rate"": 5.89, ""pricing_variant"": ""Alışveriş Finansmanı Kâr Oranları ve Maliyet Tablosu"", ""profit_share_rate"": 2.95, ""source_text"": ""3 | 2,95% | 0,00% | 5,89% | 98,67%""}, {""allocation_fee_rate"": 0.0, ""annual_total_cost_rate"": 91.22, ""maturity_months"": 12, ""monthly_total_cost_rate"": 5.55, ""pricing_variant"": ""Alışveriş Finansmanı Kâr Oranları ve Maliyet Tablosu"", ""profit_share_rate"": 2.95, ""source_text"": ""12 | 2,95% | 0,00% | 5,55% | 91,22%""}, {""allocation_fee_rate"": 0.0, ""annual_total_cost_rate"": 88.88, ""maturity_months"": 24, ""monthly_total_cost_rate"": 5.44, ""pricing_variant"": ""Alışveriş Finansmanı Kâr Oranları ve Maliyet Tablosu"", ""profit_share_rate"": 3.89, ""source_text"": ""24 | 3,89% | 0,00% | 5,44% | 88,88%""}, {""allocation_fee_rate"": 0.0, ""annual_total_cost_rate"": 87.18, ""maturity_months"": 36, ""monthly_total_cost_rate"": 5.36, ""pricing_variant"": ""Alışveriş Finansmanı Kâr Oranları ve Maliyet Tablosu"", ""profit_share_rate"": 3.89, ""source_text"": ""36 | 3,89% | 0,00% | 5,36% | 87,18%""}]}",https://www.turkiyefinans.com.tr/tr-tr/bireysel/hizli-finansman/sayfalar/trendyol-alisveris-finansmani.aspx
616,Türkiye Finans,arac_finansmani,Araç Finansmanı,Dijital Taşıt Finansmanı,bireysel,https://www.turkiyefinans.com.tr/tr-tr/bireysel/tasit-finansmani/sayfalar/tasit-finansmani.aspx,,,,48,,,0,,2026-08-12T11:10:09+00:00,2026-08-13T11:10:38+00:00,≤ 400.000 TL → 48 ay | 400.000–800.000 TL → 36 ay | 800.000–1.200.000 TL → 24 ay | 1.200.000–2.000.000 TL → 12 ay,2000000.0,,,,,,≤ 400.000 TL: 48 ay · 400.000–800.000 TL: 36 ay · 800.000–1.200.000 TL: 24 ay · 1.200.000–2.000.000 TL: 12 ay,,,,,,0,0,0,,,,"{""amount_maturity_rules"": [], ""category_rules"": [], ""fee_rules"": [{""amount"": null, ""fee_label"": ""Tahsis Ücreti"", ""fee_type"": ""allocation"", ""note"": ""Kaynak maliyet tablosu veya açık tahsis ücreti ifadesinden çıkarıldı."", ""rate"": 0.5, ""waived"": false}], ""offer_rules"": [], ""pricing_tiers"": [{""allocation_fee_rate"": 0.5, ""annual_total_cost_rate"": 81.11, ""maturity_months"": 3, ""monthly_total_cost_rate"": 5.07, ""pricing_variant"": ""Sigortalı · 0 km"", ""profit_share_rate"": 3.67, ""source_text"": ""3 | 3,67% | 0,50% | 5,07% | 81,11%""}, {""allocation_fee_rate"": 0.5, ""annual_total_cost_rate"": 78.49, ""maturity_months"": 6, ""monthly_total_cost_rate"": 4.95, ""pricing_variant"": ""Sigortalı · 0 km"", ""profit_share_rate"": 3.67, ""source_text"": ""6 | 3,67% | 0,50% | 4,95% | 78,49%""}, {""allocation_fee_rate"": 0.5, ""annual_total_cost_rate"": 75.81, ""maturity_months"": 12, ""monthly_total_cost_rate"": 4.81, ""pricing_variant"": ""Sigortalı · 0 km"", ""profit_share_rate"": 3.63, ""source_text"": ""12 | 3,63% | 0,50% | 4,81% | 75,81%""}, {""allocation_fee_rate"": 0.5, ""annual_total_cost_rate"": 73.61, ""maturity_months"": 18, ""monthly_total_cost_rate"": 4.7, ""pricing_variant"": ""Sigortalı · 0 km"", ""profit_share_rate"": 3.56, ""source_text"": ""18 | 3,56% | 0,50% | 4,70% | 73,61%""}, {""allocation_fee_rate"": 0.5, ""annual_total_cost_rate"": 72.24, ""maturity_months"": 24, ""monthly_total_cost_rate"": 4.64, ""pricing_variant"": ""Sigortalı · 0 km"", ""profit_share_rate"": 3.52, ""source_text"": ""24 | 3,52% | 0,50% | 4,64% | 72,24%""}, {""allocation_fee_rate"": 0.5, ""annual_total_cost_rate"": 70.88, ""maturity_months"": 36, ""monthly_total_cost_rate"": 4.57, ""pricing_variant"": ""Sigortalı · 0 km"", ""profit_share_rate"": 3.48, ""source_text"": ""36 | 3,48% | 0,50% | 4,57% | 70,88%""}, {""allocation_fee_rate"": 0.5, ""annual_total_cost_rate"": 69.16, ""maturity_months"": 48, ""monthly_total_cost_rate"": 4.48, ""pricing_variant"": ""Sigortalı · 0 km"", ""profit_share_rate"": 3.42, ""source_text"": ""48 | 3,42% | 0,50% | 4,48% | 69,16%""}, {""allocation_fee_rate"": 0.5, ""annual_total_cost_rate"": 81.11, ""maturity_months"": 3, ""monthly_total_cost_rate"": 5.07, ""pricing_variant"": ""Sigortalı · 2. El"", ""profit_share_rate"": 3.67, ""source_text"": ""3 | 3,67% | 0,50% | 5,07% | 81,11%""}, {""allocation_fee_rate"": 0.5, ""annual_total_cost_rate"": 78.49, ""maturity_months"": 6, ""monthly_total_cost_rate"": 4.95, ""pricing_variant"": ""Sigortalı · 2. El"", ""profit_share_rate"": 3.67, ""source_text"": ""6 | 3,67% | 0,50% | 4,95% | 78,49%""}, {""allocation_fee_rate"": 0.5, ""annual_total_cost_rate"": 75.81, ""maturity_months"": 12, ""monthly_total_cost_rate"": 4.81, ""pricing_variant"": ""Sigortalı · 2. El"", ""profit_share_rate"": 3.63, ""source_text"": ""12 | 3,63% | 0,50% | 4,81% | 75,81%""}, {""allocation_fee_rate"": 0.5, ""annual_total_cost_rate"": 73.61, ""maturity_months"": 18, ""monthly_total_cost_rate"": 4.7, ""pricing_variant"": ""Sigortalı · 2. El"", ""profit_share_rate"": 3.56, ""source_text"": ""18 | 3,56% | 0,50% | 4,70% | 73,61%""}, {""allocation_fee_rate"": 0.5, ""annual_total_cost_rate"": 72.24, ""maturity_months"": 24, ""monthly_total_cost_rate"": 4.64, ""pricing_variant"": ""Sigortalı · 2. El"", ""profit_share_rate"": 3.52, ""source_text"": ""24 | 3,52% | 0,50% | 4,64% | 72,24%""}, {""allocation_fee_rate"": 0.5, ""annual_total_cost_rate"": 70.88, ""maturity_months"": 36, ""monthly_total_cost_rate"": 4.57, ""pricing_variant"": ""Sigortalı · 2. El"", ""profit_share_rate"": 3.48, ""source_text"": ""36 | 3,48% | 0,50% | 4,57% | 70,88%""}, {""allocation_fee_rate"": 0.5, ""annual_total_cost_rate"": 69.16, ""maturity_months"": 48, ""monthly_total_cost_rate"": 4.48, ""pricing_variant"": ""Sigortalı · 2. El"", ""profit_share_rate"": 3.42, ""source_text"": ""48 | 3,42% | 0,50% | 4,48% | 69,16%""}, {""allocation_fee_rate"": 0.5, ""annual_total_cost_rate"": 97.99, ""maturity_months"": 3, ""monthly_total_cost_rate"": 5.86, ""pricing_variant"": ""Sigortasız · 0 km"", ""profit_share_rate"": 4.27, ""source_text"": ""3 | 4,27% | 0,50% | 5,86% | 97,99%""}, {""allocation_fee_rate"": 0.5, ""annual_total_cost_rate"": 95.13, ""maturity_months"": 6, ""monthly_total_cost_rate"": 5.73, ""pricing_variant"": ""Sigortasız · 0 km"", ""profit_share_rate"": 4.27, ""source_text"": ""6 | 4,27% | 0,50% | 5,73% | 95,13%""}, {""allocation_fee_rate"": 0.5, ""annual_total_cost_rate"": 92.21, ""maturity_months"": 12, ""monthly_total_cost_rate"": 5.6, ""pricing_variant"": ""Sigortasız · 0 km"", ""profit_share_rate"": 4.23, ""source_text"": ""12 | 4,23% | 0,50% | 5,60% | 92,21%""}, {""allocation_fee_rate"": 0.5, ""annual_total_cost_rate"": 89.83, ""maturity_months"": 18, ""monthly_total_cost_rate"": 5.49, ""pricing_variant"": ""Sigortasız · 0 km"", ""profit_share_rate"": 4.16, ""source_text"": ""18 | 4,16% | 0,50% | 5,49% | 89,83%""}, {""allocation_fee_rate"": 0.5, ""annual_total_cost_rate"": 88.35, ""maturity_months"": 24, ""monthly_total_cost_rate"": 5.42, ""pricing_variant"": ""Sigortasız · 0 km"", ""profit_share_rate"": 4.12, ""source_text"": ""24 | 4,12% | 0,50% | 5,42% | 88,35%""}, {""allocation_fee_rate"": 0.5, ""annual_total_cost_rate"": 86.88, ""maturity_months"": 36, ""monthly_total_cost_rate"": 5.35, ""pricing_variant"": ""Sigortasız · 0 km"", ""profit_share_rate"": 4.08, ""source_text"": ""36 | 4,08% | 0,50% | 5,35% | 86,88%""}, {""allocation_fee_rate"": 0.5, ""annual_total_cost_rate"": 85.01, ""maturity_months"": 48, ""monthly_total_cost_rate"": 5.26, ""pricing_variant"": ""Sigortasız · 0 km"", ""profit_share_rate"": 4.02, ""source_text"": ""48 | 4,02% | 0,50% | 5,26% | 85,01%""}, {""allocation_fee_rate"": 0.5, ""annual_total_cost_rate"": 97.99, ""maturity_months"": 3, ""monthly_total_cost_rate"": 5.86, ""pricing_variant"": ""Sigortasız · 2. El"", ""profit_share_rate"": 4.27, ""source_text"": ""3 | 4,27% | 0,50% | 5,86% | 97,99%""}, {""allocation_fee_rate"": 0.5, ""annual_total_cost_rate"": 95.13, ""maturity_months"": 6, ""monthly_total_cost_rate"": 5.73, ""pricing_variant"": ""Sigortasız · 2. El"", ""profit_share_rate"": 4.27, ""source_text"": ""6 | 4,27% | 0,50% | 5,73% | 95,13%""}, {""allocation_fee_rate"": 0.5, ""annual_total_cost_rate"": 92.21, ""maturity_months"": 12, ""monthly_total_cost_rate"": 5.6, ""pricing_variant"": ""Sigortasız · 2. El"", ""profit_share_rate"": 4.23, ""source_text"": ""12 | 4,23% | 0,50% | 5,60% | 92,21%""}, {""allocation_fee_rate"": 0.5, ""annual_total_cost_rate"": 89.83, ""maturity_months"": 18, ""monthly_total_cost_rate"": 5.49, ""pricing_variant"": ""Sigortasız · 2. El"", ""profit_share_rate"": 4.16, ""source_text"": ""18 | 4,16% | 0,50% | 5,49% | 89,83%""}, {""allocation_fee_rate"": 0.5, ""annual_total_cost_rate"": 88.35, ""maturity_months"": 24, ""monthly_total_cost_rate"": 5.42, ""pricing_variant"": ""Sigortasız · 2. El"", ""profit_share_rate"": 4.12, ""source_text"": ""24 | 4,12% | 0,50% | 5,42% | 88,35%""}, {""allocation_fee_rate"": 0.5, ""annual_total_cost_rate"": 86.88, ""maturity_months"": 36, ""monthly_total_cost_rate"": 5.35, ""pricing_variant"": ""Sigortasız · 2. El"", ""profit_share_rate"": 4.08, ""source_text"": ""36 | 4,08% | 0,50% | 5,35% | 86,88%""}, {""allocation_fee_rate"": 0.5, ""annual_total_cost_rate"": 85.01, ""maturity_months"": 48, ""monthly_total_cost_rate"": 5.26, ""pricing_variant"": ""Sigortasız · 2. El"", ""profit_share_rate"": 4.02, ""source_text"": ""48 | 4,02% | 0,50% | 5,26% | 85,01%""}]}",https://www.turkiyefinans.com.tr/tr-tr/bireysel/tasit-finansmani/Sayfalar/dijital-tasit-finansmani.aspx
617,Türkiye Finans,arac_finansmani,Araç Finansmanı,Motosiklet Finansmanı (Motosiklet Kredisi)*,bireysel,https://www.turkiyefinans.com.tr/tr-tr/bireysel/tasit-finansmani/sayfalar/tasit-finansmani.aspx,,,,48,,,0,,2026-08-12T11:10:09+00:00,2026-08-13T11:10:38+00:00,≤ 400.000 TL → 48 ay | 400.000–800.000 TL → 36 ay | 800.000–1.200.000 TL → 24 ay | 1.200.000–2.000.000 TL → 12 ay,2000000.0,,,,,,≤ 400.000 TL: 48 ay · 400.000–800.000 TL: 36 ay · 800.000–1.200.000 TL: 24 ay · 1.200.000–2.000.000 TL: 12 ay,,,,,,0,0,0,,,,"{""amount_maturity_rules"": [{""max_amount"": 400000.0, ""max_inclusive"": true, ""max_maturity_months"": 48, ""min_amount"": null, ""min_inclusive"": false, ""source_text"": ""400.000 TL'ye kadar araçlar için maksimum vade süresi 48 ay""}, {""max_amount"": 800000.0, ""max_inclusive"": true, ""max_maturity_months"": 36, ""min_amount"": 400000.0, ""min_inclusive"": false, ""source_text"": ""400.000 - 800.000 TL arası araçlar için maksimum vade süresi 36 ay""}, {""max_amount"": 1200000.0, ""max_inclusive"": true, ""max_maturity_months"": 24, ""min_amount"": 800000.0, ""min_inclusive"": false, ""source_text"": ""800.000 TL - 1.200.000 TL arası araçlar için maksimum vade süresi 24 ay""}, {""max_amount"": 2000000.0, ""max_inclusive"": true, ""max_maturity_months"": 12, ""min_amount"": 1200000.0, ""min_inclusive"": false, ""source_text"": ""1.200.000 - 2.000.000 TL arasında araçlar için maksimum vade süresi 12 ay""}], ""category_rules"": [], ""fee_rules"": [{""amount"": null, ""fee_label"": ""Tahsis Ücreti"", ""fee_type"": ""allocation"", ""note"": ""Kaynak maliyet tablosu veya açık tahsis ücreti ifadesinden çıkarıldı."", ""rate"": 0.5, ""waived"": false}], ""offer_rules"": [], ""pricing_tiers"": [{""allocation_fee_rate"": 0.5, ""annual_total_cost_rate"": 81.11, ""maturity_months"": 3, ""monthly_total_cost_rate"": 5.07, ""pricing_variant"": ""Sigortalı"", ""profit_share_rate"": 3.67, ""source_text"": ""3 | 3,67% | 0,50% | 5,07% | 81,11%""}, {""allocation_fee_rate"": 0.5, ""annual_total_cost_rate"": 78.49, ""maturity_months"": 6, ""monthly_total_cost_rate"": 4.95, ""pricing_variant"": ""Sigortalı"", ""profit_share_rate"": 3.67, ""source_text"": ""6 | 3,67% | 0,50% | 4,95% | 78,49%""}, {""allocation_fee_rate"": 0.5, ""annual_total_cost_rate"": 75.81, ""maturity_months"": 12, ""monthly_total_cost_rate"": 4.81, ""pricing_variant"": ""Sigortalı"", ""profit_share_rate"": 3.63, ""source_text"": ""12 | 3,63% | 0,50% | 4,81% | 75,81%""}, {""allocation_fee_rate"": 0.5, ""annual_total_cost_rate"": 73.61, ""maturity_months"": 18, ""monthly_total_cost_rate"": 4.7, ""pricing_variant"": ""Sigortalı"", ""profit_share_rate"": 3.56, ""source_text"": ""18 | 3,56% | 0,50% | 4,70% | 73,61%""}, {""allocation_fee_rate"": 0.5, ""annual_total_cost_rate"": 72.24, ""maturity_months"": 24, ""monthly_total_cost_rate"": 4.64, ""pricing_variant"": ""Sigortalı"", ""profit_share_rate"": 3.52, ""source_text"": ""24 | 3,52% | 0,50% | 4,64% | 72,24%""}, {""allocation_fee_rate"": 0.5, ""annual_total_cost_rate"": 70.88, ""maturity_months"": 36, ""monthly_total_cost_rate"": 4.57, ""pricing_variant"": ""Sigortalı"", ""profit_share_rate"": 3.48, ""source_text"": ""36 | 3,48% | 0,50% | 4,57% | 70,88%""}, {""allocation_fee_rate"": 0.5, ""annual_total_cost_rate"": 69.16, ""maturity_months"": 48, ""monthly_total_cost_rate"": 4.48, ""pricing_variant"": ""Sigortalı"", ""profit_share_rate"": 3.42, ""source_text"": ""48 | 3,42% | 0,50% | 4,48% | 69,16%""}, {""allocation_fee_rate"": 0.5, ""annual_total_cost_rate"": 97.99, ""maturity_months"": 3, ""monthly_total_cost_rate"": 5.86, ""pricing_variant"": ""Sigortasız"", ""profit_share_rate"": 4.27, ""source_text"": ""3 | 4,27% | 0,50% | 5,86% | 97,99%""}, {""allocation_fee_rate"": 0.5, ""annual_total_cost_rate"": 95.13, ""maturity_months"": 6, ""monthly_total_cost_rate"": 5.73, ""pricing_variant"": ""Sigortasız"", ""profit_share_rate"": 4.27, ""source_text"": ""6 | 4,27% | 0,50% | 5,73% | 95,13%""}, {""allocation_fee_rate"": 0.5, ""annual_total_cost_rate"": 92.21, ""maturity_months"": 12, ""monthly_total_cost_rate"": 5.6, ""pricing_variant"": ""Sigortasız"", ""profit_share_rate"": 4.23, ""source_text"": ""12 | 4,23% | 0,50% | 5,60% | 92,21%""}, {""allocation_fee_rate"": 0.5, ""annual_total_cost_rate"": 89.83, ""maturity_months"": 18, ""monthly_total_cost_rate"": 5.49, ""pricing_variant"": ""Sigortasız"", ""profit_share_rate"": 4.16, ""source_text"": ""18 | 4,16% | 0,50% | 5,49% | 89,83%""}, {""allocation_fee_rate"": 0.5, ""annual_total_cost_rate"": 88.35, ""maturity_months"": 24, ""monthly_total_cost_rate"": 5.42, ""pricing_variant"": ""Sigortasız"", ""profit_share_rate"": 4.12, ""source_text"": ""24 | 4,12% | 0,50% | 5,42% | 88,35%""}, {""allocation_fee_rate"": 0.5, ""annual_total_cost_rate"": 86.88, ""maturity_months"": 36, ""monthly_total_cost_rate"": 5.35, ""pricing_variant"": ""Sigortasız"", ""profit_share_rate"": 4.08, ""source_text"": ""36 | 4,08% | 0,50% | 5,35% | 86,88%""}, {""allocation_fee_rate"": 0.5, ""annual_total_cost_rate"": 85.01, ""maturity_months"": 48, ""monthly_total_cost_rate"": 5.26, ""pricing_variant"": ""Sigortasız"", ""profit_share_rate"": 4.02, ""source_text"": ""48 | 4,02% | 0,50% | 5,26% | 85,01%""}]}",https://www.turkiyefinans.com.tr/tr-tr/bireysel/tasit-finansmani/Sayfalar/motosiklet-finansmani.aspx
618,Türkiye Finans,arac_finansmani,Araç Finansmanı,Taksitli Ticari Taşıt Finansmanı (Taksitli Ticari Taşıt Kredisi)*,bireysel,https://www.turkiyefinans.com.tr/tr-tr/bireysel/tasit-finansmani/sayfalar/tasit-finansmani.aspx,,,,48,,,0,,2026-08-12T11:10:10+00:00,2026-08-13T11:10:38+00:00,,,,,,,,,,,,,,0,0,0,,,,"{""amount_maturity_rules"": [], ""category_rules"": [], ""fee_rules"": [{""amount"": null, ""fee_label"": ""Tahsis Ücreti"", ""fee_type"": ""allocation"", ""note"": ""Kaynak maliyet tablosu veya açık tahsis ücreti ifadesinden çıkarıldı."", ""rate"": 0.5, ""waived"": false}], ""offer_rules"": [{""condition_text"": ""Genel azami vade: 48 ay"", ""interest_free"": false, ""max_amount"": null, ""max_inclusive"": true, ""max_installments"": null, ""max_maturity_months"": 48, ""min_amount"": null, ""min_inclusive"": false, ""rule_label"": ""Ürüne Özel Finansman Koşulu"", ""rule_type"": ""product_offer"", ""source_text"": ""Finansmanın maksimum vadesi 48 ay""}], ""pricing_tiers"": [{""allocation_fee_rate"": 0.5, ""annual_total_cost_rate"": 100.21, ""maturity_months"": 12, ""monthly_total_cost_rate"": 5.96, ""pricing_variant"": ""Taksitli Ticari Araç / Taşıt Finansmanı (Taksitli Ticari Taşıt Kredisi)* Maliyet Tablosu"", ""profit_share_rate"": 4.49, ""source_text"": ""12 Ay | 4.49% | 0.50% | 5.96% | 100.21%""}, {""allocation_fee_rate"": 0.5, ""annual_total_cost_rate"": 99.11, ""maturity_months"": 24, ""monthly_total_cost_rate"": 5.91, ""pricing_variant"": ""Taksitli Ticari Araç / Taşıt Finansmanı (Taksitli Ticari Taşıt Kredisi)* Maliyet Tablosu"", ""profit_share_rate"": 4.49, ""source_text"": ""24 Ay | 4.49% | 0.50% | 5.91% | 99.11%""}, {""allocation_fee_rate"": 0.5, ""annual_total_cost_rate"": 98.75, ""maturity_months"": 36, ""monthly_total_cost_rate"": 5.89, ""pricing_variant"": ""Taksitli Ticari Araç / Taşıt Finansmanı (Taksitli Ticari Taşıt Kredisi)* Maliyet Tablosu"", ""profit_share_rate"": 4.49, ""source_text"": ""36 Ay | 4.49% | 0.50% | 5.89% | 98.75%""}, {""allocation_fee_rate"": 0.5, ""annual_total_cost_rate"": 98.59, ""maturity_months"": 48, ""monthly_total_cost_rate"": 5.88, ""pricing_variant"": ""Taksitli Ticari Araç / Taşıt Finansmanı (Taksitli Ticari Taşıt Kredisi)* Maliyet Tablosu"", ""profit_share_rate"": 4.49, ""source_text"": ""48 Ay | 4.49% | 0.50% | 5.88% | 98.59%""}]}",https://www.turkiyefinans.com.tr/tr-tr/bireysel/tasit-finansmani/Sayfalar/ticari-hat-ticari-plaka-finansmani.aspx
619,Türkiye Finans,arac_finansmani,Araç Finansmanı,Taşıt Finansmanı (Taşıt Kredisi)*,bireysel,https://www.turkiyefinans.com.tr/tr-tr/bireysel/tasit-finansmani/sayfalar/tasit-finansmani.aspx,,,,48,,,0,,2026-08-12T11:10:08+00:00,2026-08-13T11:10:38+00:00,≤ 400.000 TL → 48 ay | 400.000–800.000 TL → 36 ay | 800.000–1.200.000 TL → 24 ay | 1.200.000–2.000.000 TL → 12 ay,2000000.0,≤ 400.000 TL → %70 | 400.000–800.000 TL → %50 | 800.000–1.200.000 TL → %30 | 1.200.000–2.000.000 TL → %20,,,,,≤ 400.000 TL: %70 / 48 ay · 400.000–800.000 TL: %50 / 36 ay · 800.000–1.200.000 TL: %30 / 24 ay · 1.200.000–2.000.000 TL: %20 / 12 ay,,,,,,0,0,0,,,,"{""amount_maturity_rules"": [{""max_amount"": 400000.0, ""max_inclusive"": true, ""max_maturity_months"": 48, ""min_amount"": null, ""min_inclusive"": false, ""source_text"": ""400.000 TL'ye kadar araçlar için maksimum vade süresi 48 ay""}, {""max_amount"": 800000.0, ""max_inclusive"": true, ""max_maturity_months"": 36, ""min_amount"": 400000.0, ""min_inclusive"": false, ""source_text"": ""400.000 - 800.000 TL arası araçlar için maksimum vade süresi 36 ay""}, {""max_amount"": 1200000.0, ""max_inclusive"": true, ""max_maturity_months"": 24, ""min_amount"": 800000.0, ""min_inclusive"": false, ""source_text"": ""800.000 TL - 1.200.000 TL arası araçlar için maksimum vade süresi 24 ay""}, {""max_amount"": 2000000.0, ""max_inclusive"": true, ""max_maturity_months"": 12, ""min_amount"": 1200000.0, ""min_inclusive"": false, ""source_text"": ""1.200.000 - 2.000.000 TL arasında araçlar için maksimum vade süresi 12 ay""}], ""category_rules"": [], ""fee_rules"": [{""amount"": null, ""fee_label"": ""Tahsis Ücreti"", ""fee_type"": ""allocation"", ""note"": ""Kaynak maliyet tablosu veya açık tahsis ücreti ifadesinden çıkarıldı."", ""rate"": 0.5, ""waived"": false}], ""offer_rules"": [], ""pricing_tiers"": [{""allocation_fee_rate"": 0.5, ""annual_total_cost_rate"": 81.11, ""maturity_months"": 3, ""monthly_total_cost_rate"": 5.07, ""pricing_variant"": ""Sigortalı · 0 km"", ""profit_share_rate"": 3.67, ""source_text"": ""3 | 3,67% | 0,50% | 5,07% | 81,11%""}, {""allocation_fee_rate"": 0.5, ""annual_total_cost_rate"": 78.49, ""maturity_months"": 6, ""monthly_total_cost_rate"": 4.95, ""pricing_variant"": ""Sigortalı · 0 km"", ""profit_share_rate"": 3.67, ""source_text"": ""6 | 3,67% | 0,50% | 4,95% | 78,49%""}, {""allocation_fee_rate"": 0.5, ""annual_total_cost_rate"": 75.81, ""maturity_months"": 12, ""monthly_total_cost_rate"": 4.81, ""pricing_variant"": ""Sigortalı · 0 km"", ""profit_share_rate"": 3.63, ""source_text"": ""12 | 3,63% | 0,50% | 4,81% | 75,81%""}, {""allocation_fee_rate"": 0.5, ""annual_total_cost_rate"": 73.61, ""maturity_months"": 18, ""monthly_total_cost_rate"": 4.7, ""pricing_variant"": ""Sigortalı · 0 km"", ""profit_share_rate"": 3.56, ""source_text"": ""18 | 3,56% | 0,50% | 4,70% | 73,61%""}, {""allocation_fee_rate"": 0.5, ""annual_total_cost_rate"": 72.24, ""maturity_months"": 24, ""monthly_total_cost_rate"": 4.64, ""pricing_variant"": ""Sigortalı · 0 km"", ""profit_share_rate"": 3.52, ""source_text"": ""24 | 3,52% | 0,50% | 4,64% | 72,24%""}, {""allocation_fee_rate"": 0.5, ""annual_total_cost_rate"": 70.88, ""maturity_months"": 36, ""monthly_total_cost_rate"": 4.57, ""pricing_variant"": ""Sigortalı · 0 km"", ""profit_share_rate"": 3.48, ""source_text"": ""36 | 3,48% | 0,50% | 4,57% | 70,88%""}, {""allocation_fee_rate"": 0.5, ""annual_total_cost_rate"": 69.16, ""maturity_months"": 48, ""monthly_total_cost_rate"": 4.48, ""pricing_variant"": ""Sigortalı · 0 km"", ""profit_share_rate"": 3.42, ""source_text"": ""48 | 3,42% | 0,50% | 4,48% | 69,16%""}, {""allocation_fee_rate"": 0.5, ""annual_total_cost_rate"": 81.11, ""maturity_months"": 3, ""monthly_total_cost_rate"": 5.07, ""pricing_variant"": ""Sigortalı · 2. El"", ""profit_share_rate"": 3.67, ""source_text"": ""3 | 3,67% | 0,50% | 5,07% | 81,11%""}, {""allocation_fee_rate"": 0.5, ""annual_total_cost_rate"": 78.49, ""maturity_months"": 6, ""monthly_total_cost_rate"": 4.95, ""pricing_variant"": ""Sigortalı · 2. El"", ""profit_share_rate"": 3.67, ""source_text"": ""6 | 3,67% | 0,50% | 4,95% | 78,49%""}, {""allocation_fee_rate"": 0.5, ""annual_total_cost_rate"": 75.81, ""maturity_months"": 12, ""monthly_total_cost_rate"": 4.81, ""pricing_variant"": ""Sigortalı · 2. El"", ""profit_share_rate"": 3.63, ""source_text"": ""12 | 3,63% | 0,50% | 4,81% | 75,81%""}, {""allocation_fee_rate"": 0.5, ""annual_total_cost_rate"": 73.61, ""maturity_months"": 18, ""monthly_total_cost_rate"": 4.7, ""pricing_variant"": ""Sigortalı · 2. El"", ""profit_share_rate"": 3.56, ""source_text"": ""18 | 3,56% | 0,50% | 4,70% | 73,61%""}, {""allocation_fee_rate"": 0.5, ""annual_total_cost_rate"": 72.24, ""maturity_months"": 24, ""monthly_total_cost_rate"": 4.64, ""pricing_variant"": ""Sigortalı · 2. El"", ""profit_share_rate"": 3.52, ""source_text"": ""24 | 3,52% | 0,50% | 4,64% | 72,24%""}, {""allocation_fee_rate"": 0.5, ""annual_total_cost_rate"": 70.88, ""maturity_months"": 36, ""monthly_total_cost_rate"": 4.57, ""pricing_variant"": ""Sigortalı · 2. El"", ""profit_share_rate"": 3.48, ""source_text"": ""36 | 3,48% | 0,50% | 4,57% | 70,88%""}, {""allocation_fee_rate"": 0.5, ""annual_total_cost_rate"": 69.16, ""maturity_months"": 48, ""monthly_total_cost_rate"": 4.48, ""pricing_variant"": ""Sigortalı · 2. El"", ""profit_share_rate"": 3.42, ""source_text"": ""48 | 3,42% | 0,50% | 4,48% | 69,16%""}, {""allocation_fee_rate"": 0.5, ""annual_total_cost_rate"": 97.99, ""maturity_months"": 3, ""monthly_total_cost_rate"": 5.86, ""pricing_variant"": ""Sigortasız · 0 km"", ""profit_share_rate"": 4.27, ""source_text"": ""3 | 4,27% | 0,50% | 5,86% | 97,99%""}, {""allocation_fee_rate"": 0.5, ""annual_total_cost_rate"": 95.13, ""maturity_months"": 6, ""monthly_total_cost_rate"": 5.73, ""pricing_variant"": ""Sigortasız · 0 km"", ""profit_share_rate"": 4.27, ""source_text"": ""6 | 4,27% | 0,50% | 5,73% | 95,13%""}, {""allocation_fee_rate"": 0.5, ""annual_total_cost_rate"": 92.21, ""maturity_months"": 12, ""monthly_total_cost_rate"": 5.6, ""pricing_variant"": ""Sigortasız · 0 km"", ""profit_share_rate"": 4.23, ""source_text"": ""12 | 4,23% | 0,50% | 5,60% | 92,21%""}, {""allocation_fee_rate"": 0.5, ""annual_total_cost_rate"": 89.83, ""maturity_months"": 18, ""monthly_total_cost_rate"": 5.49, ""pricing_variant"": ""Sigortasız · 0 km"", ""profit_share_rate"": 4.16, ""source_text"": ""18 | 4,16% | 0,50% | 5,49% | 89,83%""}, {""allocation_fee_rate"": 0.5, ""annual_total_cost_rate"": 88.35, ""maturity_months"": 24, ""monthly_total_cost_rate"": 5.42, ""pricing_variant"": ""Sigortasız · 0 km"", ""profit_share_rate"": 4.12, ""source_text"": ""24 | 4,12% | 0,50% | 5,42% | 88,35%""}, {""allocation_fee_rate"": 0.5, ""annual_total_cost_rate"": 86.88, ""maturity_months"": 36, ""monthly_total_cost_rate"": 5.35, ""pricing_variant"": ""Sigortasız · 0 km"", ""profit_share_rate"": 4.08, ""source_text"": ""36 | 4,08% | 0,50% | 5,35% | 86,88%""}, {""allocation_fee_rate"": 0.5, ""annual_total_cost_rate"": 85.01, ""maturity_months"": 48, ""monthly_total_cost_rate"": 5.26, ""pricing_variant"": ""Sigortasız · 0 km"", ""profit_share_rate"": 4.02, ""source_text"": ""48 | 4,02% | 0,50% | 5,26% | 85,01%""}, {""allocation_fee_rate"": 0.5, ""annual_total_cost_rate"": 97.99, ""maturity_months"": 3, ""monthly_total_cost_rate"": 5.86, ""pricing_variant"": ""Sigortasız · 2. El"", ""profit_share_rate"": 4.27, ""source_text"": ""3 | 4,27% | 0,50% | 5,86% | 97,99%""}, {""allocation_fee_rate"": 0.5, ""annual_total_cost_rate"": 95.13, ""maturity_months"": 6, ""monthly_total_cost_rate"": 5.73, ""pricing_variant"": ""Sigortasız · 2. El"", ""profit_share_rate"": 4.27, ""source_text"": ""6 | 4,27% | 0,50% | 5,73% | 95,13%""}, {""allocation_fee_rate"": 0.5, ""annual_total_cost_rate"": 92.21, ""maturity_months"": 12, ""monthly_total_cost_rate"": 5.6, ""pricing_variant"": ""Sigortasız · 2. El"", ""profit_share_rate"": 4.23, ""source_text"": ""12 | 4,23% | 0,50% | 5,60% | 92,21%""}, {""allocation_fee_rate"": 0.5, ""annual_total_cost_rate"": 89.83, ""maturity_months"": 18, ""monthly_total_cost_rate"": 5.49, ""pricing_variant"": ""Sigortasız · 2. El"", ""profit_share_rate"": 4.16, ""source_text"": ""18 | 4,16% | 0,50% | 5,49% | 89,83%""}, {""allocation_fee_rate"": 0.5, ""annual_total_cost_rate"": 88.35, ""maturity_months"": 24, ""monthly_total_cost_rate"": 5.42, ""pricing_variant"": ""Sigortasız · 2. El"", ""profit_share_rate"": 4.12, ""source_text"": ""24 | 4,12% | 0,50% | 5,42% | 88,35%""}, {""allocation_fee_rate"": 0.5, ""annual_total_cost_rate"": 86.88, ""maturity_months"": 36, ""monthly_total_cost_rate"": 5.35, ""pricing_variant"": ""Sigortasız · 2. El"", ""profit_share_rate"": 4.08, ""source_text"": ""36 | 4,08% | 0,50% | 5,35% | 86,88%""}, {""allocation_fee_rate"": 0.5, ""annual_total_cost_rate"": 85.01, ""maturity_months"": 48, ""monthly_total_cost_rate"": 5.26, ""pricing_variant"": ""Sigortasız · 2. El"", ""profit_share_rate"": 4.02, ""source_text"": ""48 | 4,02% | 0,50% | 5,26% | 85,01%""}]}",https://www.turkiyefinans.com.tr/tr-tr/bireysel/tasit-finansmani/Sayfalar/Tasit-Finansmani.aspx
620,Türkiye Finans,arac_finansmani,Araç Finansmanı,Ticari Hat / Ticari Plaka Finansmanı (Ticari Hat / Ticari Plaka Kredisi)*,bireysel,https://www.turkiyefinans.com.tr/tr-tr/bireysel/tasit-finansmani/sayfalar/tasit-finansmani.aspx,,,,48,,,0,,2026-08-12T11:10:10+00:00,2026-08-13T11:10:38+00:00,,,,,,,,,,,,,,0,0,0,,,,"{""amount_maturity_rules"": [], ""category_rules"": [], ""fee_rules"": [{""amount"": null, ""fee_label"": ""Tahsis Ücreti"", ""fee_type"": ""allocation"", ""note"": ""Kaynak maliyet tablosu veya açık tahsis ücreti ifadesinden çıkarıldı."", ""rate"": 0.5, ""waived"": false}], ""offer_rules"": [{""condition_text"": ""Genel azami vade: 48 ay"", ""interest_free"": false, ""max_amount"": null, ""max_inclusive"": true, ""max_installments"": null, ""max_maturity_months"": 48, ""min_amount"": null, ""min_inclusive"": false, ""rule_label"": ""Ürüne Özel Finansman Koşulu"", ""rule_type"": ""product_offer"", ""source_text"": ""Finansmanın maksimum vadesi 48 ay""}], ""pricing_tiers"": [{""allocation_fee_rate"": 0.5, ""annual_total_cost_rate"": 100.21, ""maturity_months"": 12, ""monthly_total_cost_rate"": 5.96, ""pricing_variant"": ""Ticari Hat / Ticari Plaka Finansman (Ticari Hat / Ticari Plaka Kredisi)* Maliyet Tablosu"", ""profit_share_rate"": 4.49, ""source_text"": ""12 Ay | 4.49% | 0.50% | 5.96% | 100.21%""}, {""allocation_fee_rate"": 0.5, ""annual_total_cost_rate"": 99.11, ""maturity_months"": 24, ""monthly_total_cost_rate"": 5.91, ""pricing_variant"": ""Ticari Hat / Ticari Plaka Finansman (Ticari Hat / Ticari Plaka Kredisi)* Maliyet Tablosu"", ""profit_share_rate"": 4.49, ""source_text"": ""24 Ay | 4.49% | 0.50% | 5.91% | 99.11%""}, {""allocation_fee_rate"": 0.5, ""annual_total_cost_rate"": 98.75, ""maturity_months"": 36, ""monthly_total_cost_rate"": 5.89, ""pricing_variant"": ""Ticari Hat / Ticari Plaka Finansman (Ticari Hat / Ticari Plaka Kredisi)* Maliyet Tablosu"", ""profit_share_rate"": 4.49, ""source_text"": ""36 Ay | 4.49% | 0.50% | 5.89% | 98.75%""}, {""allocation_fee_rate"": 0.5, ""annual_total_cost_rate"": 98.59, ""maturity_months"": 48, ""monthly_total_cost_rate"": 5.88, ""pricing_variant"": ""Ticari Hat / Ticari Plaka Finansman (Ticari Hat / Ticari Plaka Kredisi)* Maliyet Tablosu"", ""profit_share_rate"": 4.49, ""source_text"": ""48 Ay | 4.49% | 0.50% | 5.88% | 98.59%""}]}",https://www.turkiyefinans.com.tr/tr-tr/bireysel/tasit-finansmani/Sayfalar/taksitli-ticari-tasit-finansmani.aspx
621,Türkiye Finans,arsa_finansmani,Arsa Finansmanı,Arsa Finansmanı (Arsa Kredisi)*,bireysel,https://www.turkiyefinans.com.tr/tr-tr/bireysel/Sayfalar/default.aspx,,,,84,,,0,,2026-08-12T11:10:12+00:00,2026-08-13T11:10:38+00:00,,,,,,,,,,,,,,0,0,0,,,,"{""amount_maturity_rules"": [], ""category_rules"": [], ""fee_rules"": [{""amount"": null, ""fee_label"": ""Tahsis Ücreti"", ""fee_type"": ""allocation"", ""note"": ""Kaynak maliyet tablosu veya açık tahsis ücreti ifadesinden çıkarıldı."", ""rate"": 0.5, ""waived"": false}], ""offer_rules"": [], ""pricing_tiers"": [{""allocation_fee_rate"": 0.5, ""annual_total_cost_rate"": 726.26, ""maturity_months"": 3, ""monthly_total_cost_rate"": 19.24, ""pricing_variant"": ""Sigortalı"", ""profit_share_rate"": 4.67, ""source_text"": ""3 | 4,67% | 0,50% | 19,24% | 726,26%""}, {""allocation_fee_rate"": 0.5, ""annual_total_cost_rate"": 365.04, ""maturity_months"": 6, ""monthly_total_cost_rate"": 13.66, ""pricing_variant"": ""Sigortalı"", ""profit_share_rate"": 4.63, ""source_text"": ""6 | 4,63% | 0,50% | 13,66% | 365,04%""}, {""allocation_fee_rate"": 0.5, ""annual_total_cost_rate"": 219.52, ""maturity_months"": 12, ""monthly_total_cost_rate"": 10.16, ""pricing_variant"": ""Sigortalı"", ""profit_share_rate"": 4.48, ""source_text"": ""12 | 4,48% | 0,50% | 10,16% | 219,52%""}, {""allocation_fee_rate"": 0.5, ""annual_total_cost_rate"": 179.11, ""maturity_months"": 18, ""monthly_total_cost_rate"": 8.93, ""pricing_variant"": ""Sigortalı"", ""profit_share_rate"": 4.44, ""source_text"": ""18 | 4,44% | 0,50% | 8,93% | 179,11%""}, {""allocation_fee_rate"": 0.5, ""annual_total_cost_rate"": 159.71, ""maturity_months"": 24, ""monthly_total_cost_rate"": 8.28, ""pricing_variant"": ""Sigortalı"", ""profit_share_rate"": 4.4, ""source_text"": ""24 | 4,40% | 0,50% | 8,28% | 159,71%""}, {""allocation_fee_rate"": 0.5, ""annual_total_cost_rate"": 139.5, ""maturity_months"": 36, ""monthly_total_cost_rate"": 7.55, ""pricing_variant"": ""Sigortalı"", ""profit_share_rate"": 4.29, ""source_text"": ""36 | 4,29% | 0,50% | 7,55% | 139,50%""}, {""allocation_fee_rate"": 0.5, ""annual_total_cost_rate"": 130.97, ""maturity_months"": 48, ""monthly_total_cost_rate"": 7.22, ""pricing_variant"": ""Sigortalı"", ""profit_share_rate"": 4.25, ""source_text"": ""48 | 4,25% | 0,50% | 7,22% | 130,97%""}, {""allocation_fee_rate"": 0.5, ""annual_total_cost_rate"": 120.24, ""maturity_months"": 59, ""monthly_total_cost_rate"": 6.8, ""pricing_variant"": ""Sigortalı"", ""profit_share_rate"": 4.06, ""source_text"": ""59 | 4,06% | 0,50% | 6,80% | 120,24%""}, {""allocation_fee_rate"": 0.5, ""annual_total_cost_rate"": 110.44, ""maturity_months"": 60, ""monthly_total_cost_rate"": 6.4, ""pricing_variant"": ""Sigortalı"", ""profit_share_rate"": 3.8, ""source_text"": ""60 | 3,80% | 0,50% | 6,40% | 110,44%""}, {""allocation_fee_rate"": 0.5, ""annual_total_cost_rate"": 758.45, ""maturity_months"": 3, ""monthly_total_cost_rate"": 19.62, ""pricing_variant"": ""Sigortasız"", ""profit_share_rate"": 4.92, ""source_text"": ""3 | 4,92% | 0,50% | 19,62% | 758,45%""}, {""allocation_fee_rate"": 0.5, ""annual_total_cost_rate"": 383.58, ""maturity_months"": 6, ""monthly_total_cost_rate"": 14.04, ""pricing_variant"": ""Sigortasız"", ""profit_share_rate"": 4.88, ""source_text"": ""6 | 4,88% | 0,50% | 14,04% | 383,58%""}, {""allocation_fee_rate"": 0.5, ""annual_total_cost_rate"": 232.54, ""maturity_months"": 12, ""monthly_total_cost_rate"": 10.53, ""pricing_variant"": ""Sigortasız"", ""profit_share_rate"": 4.73, ""source_text"": ""12 | 4,73% | 0,50% | 10,53% | 232,54%""}, {""allocation_fee_rate"": 0.5, ""annual_total_cost_rate"": 190.66, ""maturity_months"": 18, ""monthly_total_cost_rate"": 9.3, ""pricing_variant"": ""Sigortasız"", ""profit_share_rate"": 4.69, ""source_text"": ""18 | 4,69% | 0,50% | 9,30% | 190,66%""}, {""allocation_fee_rate"": 0.5, ""annual_total_cost_rate"": 170.59, ""maturity_months"": 24, ""monthly_total_cost_rate"": 8.65, ""pricing_variant"": ""Sigortasız"", ""profit_share_rate"": 4.65, ""source_text"": ""24 | 4,65% | 0,50% | 8,65% | 170,59%""}, {""allocation_fee_rate"": 0.5, ""annual_total_cost_rate"": 149.77, ""maturity_months"": 36, ""monthly_total_cost_rate"": 7.93, ""pricing_variant"": ""Sigortasız"", ""profit_share_rate"": 4.54, ""source_text"": ""36 | 4,54% | 0,50% | 7,93% | 149,77%""}, {""allocation_fee_rate"": 0.5, ""annual_total_cost_rate"": 141.07, ""maturity_months"": 48, ""monthly_total_cost_rate"": 7.61, ""pricing_variant"": ""Sigortasız"", ""profit_share_rate"": 4.5, ""source_text"": ""48 | 4,50% | 0,50% | 7,61% | 141,07%""}, {""allocation_fee_rate"": 0.5, ""annual_total_cost_rate"": 130.02, ""maturity_months"": 59, ""monthly_total_cost_rate"": 7.19, ""pricing_variant"": ""Sigortasız"", ""profit_share_rate"": 4.31, ""source_text"": ""59 | 4,31% | 0,50% | 7,19% | 130,02%""}, {""allocation_fee_rate"": 0.5, ""annual_total_cost_rate"": 119.8, ""maturity_months"": 60, ""monthly_total_cost_rate"": 6.78, ""pricing_variant"": ""Sigortasız"", ""profit_share_rate"": 4.05, ""source_text"": ""60 | 4,05% | 0,50% | 6,78% | 119,80%""}]}",https://www.turkiyefinans.com.tr/tr-tr/bireysel/Sayfalar/arsa-finansmani.aspx
635,Türkiye Finans,gayri_nakdi_finansman,Gayri Nakdi Finansman,Elektronik Teminat Mektubu,ticari,https://www.turkiyefinans.com.tr/tr-tr/ticari/gayri-nakdi-finansman/sayfalar/default.aspx,,,,,,,0,,2026-08-12T11:10:21+00:00,2026-08-13T11:10:38+00:00,,,,,,,,,,,,,,0,0,0,,,,"{""amount_maturity_rules"": [], ""category_rules"": [], ""fee_rules"": [], ""offer_rules"": [], ""pricing_tiers"": []}",https://www.turkiyefinans.com.tr/tr-tr/ticari/gayri-nakdi-finansman/sayfalar/default.aspx#product=elektronik-teminat-mektubu
636,Türkiye Finans,gayri_nakdi_finansman,Gayri Nakdi Finansman,Kabul-Aval Kredileri,ticari,https://www.turkiyefinans.com.tr/tr-tr/kobi/Sayfalar/dijital-taksitli-ticari-finansman-destegi.aspx,,,,,,,0,,2026-08-12T11:10:13+00:00,2026-08-13T11:10:38+00:00,,,,,,,,,,,,,,0,0,0,,,,"{""amount_maturity_rules"": [], ""category_rules"": [], ""fee_rules"": [], ""offer_rules"": [], ""pricing_tiers"": []}",https://www.turkiyefinans.com.tr/tr-tr/kobi/kobi-kredileri/gayri-nakdi-krediler/sayfalar/aval-kabul.aspx
637,Türkiye Finans,gayri_nakdi_finansman,Gayri Nakdi Finansman,Referans Mektupları,ticari,https://www.turkiyefinans.com.tr/tr-tr/kobi/Sayfalar/dijital-taksitli-ticari-finansman-destegi.aspx,,,,,,,0,,2026-08-12T11:10:13+00:00,2026-08-13T11:10:38+00:00,,,,,,,,,,,,,,0,0,0,,,,"{""amount_maturity_rules"": [], ""category_rules"": [], ""fee_rules"": [], ""offer_rules"": [], ""pricing_tiers"": []}",https://www.turkiyefinans.com.tr/tr-tr/kobi/kobi-kredileri/gayri-nakdi-krediler/sayfalar/referans-mektuplari.aspx
638,Türkiye Finans,gayri_nakdi_finansman,Gayri Nakdi Finansman,Teminat Mektubu,ticari,https://www.turkiyefinans.com.tr/tr-tr/kobi/Sayfalar/dijital-taksitli-ticari-finansman-destegi.aspx,,,,,,,0,,2026-08-12T11:10:14+00:00,2026-08-13T11:10:38+00:00,,,,,,,,,,,,,,0,0,0,,,,"{""amount_maturity_rules"": [], ""category_rules"": [], ""fee_rules"": [], ""offer_rules"": [], ""pricing_tiers"": []}",https://www.turkiyefinans.com.tr/tr-tr/kobi/kobi-kredileri/gayri-nakdi-krediler/sayfalar/teminat-mektuplari.aspx
622,Türkiye Finans,konut_finansmani,Konut Finansmanı,Konut Finansmanı (Konut Kredisi)*,bireysel,https://www.turkiyefinans.com.tr/tr-tr/bireysel/konut-finansmani/sayfalar/konut-finansmani.aspx,,,,120,,,0,,2026-08-12T11:10:14+00:00,2026-08-13T11:10:38+00:00,,,,,,,,,,,,,,0,0,0,,,,"{""amount_maturity_rules"": [], ""category_rules"": [], ""fee_rules"": [{""amount"": null, ""fee_label"": ""Tahsis Ücreti"", ""fee_type"": ""allocation"", ""note"": ""Kaynak maliyet tablosu veya açık tahsis ücreti ifadesinden çıkarıldı."", ""rate"": 0.5, ""waived"": false}, {""amount"": null, ""fee_label"": ""Masraf"", ""fee_type"": ""general_expense"", ""note"": ""Kaynakta masraf alınmadığı açıkça belirtiliyor."", ""rate"": null, ""waived"": true}], ""offer_rules"": [{""condition_text"": ""Genel azami vade: 120 ay"", ""interest_free"": false, ""max_amount"": null, ""max_inclusive"": true, ""max_installments"": null, ""max_maturity_months"": 120, ""min_amount"": null, ""min_inclusive"": false, ""rule_label"": ""Ürüne Özel Finansman Koşulu"", ""rule_type"": ""product_offer"", ""source_text"": ""Finansmanın maksimum vadesi 120 ay""}], ""pricing_tiers"": [{""allocation_fee_rate"": 0.5, ""annual_total_cost_rate"": 535.27, ""maturity_months"": 3, ""monthly_total_cost_rate"": 16.66, ""pricing_variant"": ""İlk Konut · Sigortalı"", ""profit_share_rate"": 3.96, ""source_text"": ""3 | 3,96% | 0,50% | 16,66% | 535,27%""}, {""allocation_fee_rate"": 0.5, ""annual_total_cost_rate"": 257.86, ""maturity_months"": 6, ""monthly_total_cost_rate"": 11.21, ""pricing_variant"": ""İlk Konut · Sigortalı"", ""profit_share_rate"": 3.92, ""source_text"": ""6 | 3,92% | 0,50% | 11,21% | 257,86%""}, {""allocation_fee_rate"": 0.5, ""annual_total_cost_rate"": 146.69, ""maturity_months"": 12, ""monthly_total_cost_rate"": 7.81, ""pricing_variant"": ""İlk Konut · Sigortalı"", ""profit_share_rate"": 3.77, ""source_text"": ""12 | 3,77% | 0,50% | 7,81% | 146,69%""}, {""allocation_fee_rate"": 0.5, ""annual_total_cost_rate"": 115.39, ""maturity_months"": 18, ""monthly_total_cost_rate"": 6.6, ""pricing_variant"": ""İlk Konut · Sigortalı"", ""profit_share_rate"": 3.73, ""source_text"": ""18 | 3,73% | 0,50% | 6,60% | 115,39%""}, {""allocation_fee_rate"": 0.5, ""annual_total_cost_rate"": 100.3, ""maturity_months"": 24, ""monthly_total_cost_rate"": 5.96, ""pricing_variant"": ""İlk Konut · Sigortalı"", ""profit_share_rate"": 3.69, ""source_text"": ""24 | 3,69% | 0,50% | 5,96% | 100,30%""}, {""allocation_fee_rate"": 0.5, ""annual_total_cost_rate"": 84.67, ""maturity_months"": 36, ""monthly_total_cost_rate"": 5.24, ""pricing_variant"": ""İlk Konut · Sigortalı"", ""profit_share_rate"": 3.58, ""source_text"": ""36 | 3,58% | 0,50% | 5,24% | 84,67%""}, {""allocation_fee_rate"": 0.5, ""annual_total_cost_rate"": 77.66, ""maturity_months"": 48, ""monthly_total_cost_rate"": 4.91, ""pricing_variant"": ""İlk Konut · Sigortalı"", ""profit_share_rate"": 3.54, ""source_text"": ""48 | 3,54% | 0,50% | 4,91% | 77,66%""}, {""allocation_fee_rate"": 0.5, ""annual_total_cost_rate"": 70.15, ""maturity_months"": 59, ""monthly_total_cost_rate"": 4.53, ""pricing_variant"": ""İlk Konut · Sigortalı"", ""profit_share_rate"": 3.35, ""source_text"": ""59 | 3,35% | 0,50% | 4,53% | 70,15%""}, {""allocation_fee_rate"": 0.5, ""annual_total_cost_rate"": 62.22, ""maturity_months"": 72, ""monthly_total_cost_rate"": 4.11, ""pricing_variant"": ""İlk Konut · Sigortalı"", ""profit_share_rate"": 3.09, ""source_text"": ""72 | 3,09% | 0,50% | 4,11% | 62,22%""}, {""allocation_fee_rate"": 0.5, ""annual_total_cost_rate"": 55.66, ""maturity_months"": 120, ""monthly_total_cost_rate"": 3.76, ""pricing_variant"": ""İlk Konut · Sigortalı"", ""profit_share_rate"": 2.95, ""source_text"": ""120 | 2,95% | 0,50% | 3,76% | 55,66%""}, {""allocation_fee_rate"": 0.5, ""annual_total_cost_rate"": 571.27, ""maturity_months"": 3, ""monthly_total_cost_rate"": 17.19, ""pricing_variant"": ""İlk Konut · Sigortasız"", ""profit_share_rate"": 4.42, ""source_text"": ""3 | 4,42% | 0,50% | 17,19% | 571,27%""}, {""allocation_fee_rate"": 0.5, ""annual_total_cost_rate"": 278.57, ""maturity_months"": 6, ""monthly_total_cost_rate"": 11.73, ""pricing_variant"": ""İlk Konut · Sigortasız"", ""profit_share_rate"": 4.38, ""source_text"": ""6 | 4,38% | 0,50% | 11,73% | 278,57%""}, {""allocation_fee_rate"": 0.5, ""annual_total_cost_rate"": 161.24, ""maturity_months"": 12, ""monthly_total_cost_rate"": 8.33, ""pricing_variant"": ""İlk Konut · Sigortasız"", ""profit_share_rate"": 4.23, ""source_text"": ""12 | 4,23% | 0,50% | 8,33% | 161,24%""}, {""allocation_fee_rate"": 0.5, ""annual_total_cost_rate"": 128.24, ""maturity_months"": 18, ""monthly_total_cost_rate"": 7.12, ""pricing_variant"": ""İlk Konut · Sigortasız"", ""profit_share_rate"": 4.19, ""source_text"": ""18 | 4,19% | 0,50% | 7,12% | 128,24%""}, {""allocation_fee_rate"": 0.5, ""annual_total_cost_rate"": 112.36, ""maturity_months"": 24, ""monthly_total_cost_rate"": 6.48, ""pricing_variant"": ""İlk Konut · Sigortasız"", ""profit_share_rate"": 4.15, ""source_text"": ""24 | 4,15% | 0,50% | 6,48% | 112,36%""}, {""allocation_fee_rate"": 0.5, ""annual_total_cost_rate"": 95.98, ""maturity_months"": 36, ""monthly_total_cost_rate"": 5.77, ""pricing_variant"": ""İlk Konut · Sigortasız"", ""profit_share_rate"": 4.04, ""source_text"": ""36 | 4,04% | 0,50% | 5,77% | 95,98%""}, {""allocation_fee_rate"": 0.5, ""annual_total_cost_rate"": 88.7, ""maturity_months"": 48, ""monthly_total_cost_rate"": 5.43, ""pricing_variant"": ""İlk Konut · Sigortasız"", ""profit_share_rate"": 4.0, ""source_text"": ""48 | 4,00% | 0,50% | 5,43% | 88,70%""}, {""allocation_fee_rate"": 0.5, ""annual_total_cost_rate"": 80.85, ""maturity_months"": 59, ""monthly_total_cost_rate"": 5.06, ""pricing_variant"": ""İlk Konut · Sigortasız"", ""profit_share_rate"": 3.81, ""source_text"": ""59 | 3,81% | 0,50% | 5,06% | 80,85%""}, {""allocation_fee_rate"": 0.5, ""annual_total_cost_rate"": 72.54, ""maturity_months"": 72, ""monthly_total_cost_rate"": 4.65, ""pricing_variant"": ""İlk Konut · Sigortasız"", ""profit_share_rate"": 3.55, ""source_text"": ""72 | 3,55% | 0,50% | 4,65% | 72,54%""}, {""allocation_fee_rate"": 0.5, ""annual_total_cost_rate"": 65.94, ""maturity_months"": 120, ""monthly_total_cost_rate"": 4.31, ""pricing_variant"": ""İlk Konut · Sigortasız"", ""profit_share_rate"": 3.41, ""source_text"": ""120 | 3,41% | 0,50% | 4,31% | 65,94%""}, {""allocation_fee_rate"": 0.5, ""annual_total_cost_rate"": 586.13, ""maturity_months"": 3, ""monthly_total_cost_rate"": 17.41, ""pricing_variant"": ""Mevcut Konut · Sigortalı"", ""profit_share_rate"": 3.96, ""source_text"": ""3 | 3,96% | 0,50% | 17,41% | 586,13%""}, {""allocation_fee_rate"": 0.5, ""annual_total_cost_rate"": 285.87, ""maturity_months"": 6, ""monthly_total_cost_rate"": 11.91, ""pricing_variant"": ""Mevcut Konut · Sigortalı"", ""profit_share_rate"": 3.92, ""source_text"": ""6 | 3,92% | 0,50% | 11,91% | 285,87%""}, {""allocation_fee_rate"": 0.5, ""annual_total_cost_rate"": 165.23, ""maturity_months"": 12, ""monthly_total_cost_rate"": 8.47, ""pricing_variant"": ""Mevcut Konut · Sigortalı"", ""profit_share_rate"": 3.77, ""source_text"": ""12 | 3,77% | 0,50% | 8,47% | 165,23%""}, {""allocation_fee_rate"": 0.5, ""annual_total_cost_rate"": 131.45, ""maturity_months"": 18, ""monthly_total_cost_rate"": 7.24, ""pricing_variant"": ""Mevcut Konut · Sigortalı"", ""profit_share_rate"": 3.73, ""source_text"": ""18 | 3,73% | 0,50% | 7,24% | 131,45%""}, {""allocation_fee_rate"": 0.5, ""annual_total_cost_rate"": 115.14, ""maturity_months"": 24, ""monthly_total_cost_rate"": 6.59, ""pricing_variant"": ""Mevcut Konut · Sigortalı"", ""profit_share_rate"": 3.69, ""source_text"": ""24 | 3,69% | 0,50% | 6,59% | 115,14%""}, {""allocation_fee_rate"": 0.5, ""annual_total_cost_rate"": 98.12, ""maturity_months"": 36, ""monthly_total_cost_rate"": 5.86, ""pricing_variant"": ""Mevcut Konut · Sigortalı"", ""profit_share_rate"": 3.58, ""source_text"": ""36 | 3,58% | 0,50% | 5,86% | 98,12%""}, {""allocation_fee_rate"": 0.5, ""annual_total_cost_rate"": 90.61, ""maturity_months"": 48, ""monthly_total_cost_rate"": 5.52, ""pricing_variant"": ""Mevcut Konut · Sigortalı"", ""profit_share_rate"": 3.54, ""source_text"": ""48 | 3,54% | 0,50% | 5,52% | 90,61%""}, {""allocation_fee_rate"": 0.5, ""annual_total_cost_rate"": 81.99, ""maturity_months"": 59, ""monthly_total_cost_rate"": 5.12, ""pricing_variant"": ""Mevcut Konut · Sigortalı"", ""profit_share_rate"": 3.35, ""source_text"": ""59 | 3,35% | 0,50% | 5,12% | 81,99%""}, {""allocation_fee_rate"": 0.5, ""annual_total_cost_rate"": 72.74, ""maturity_months"": 72, ""monthly_total_cost_rate"": 4.66, ""pricing_variant"": ""Mevcut Konut · Sigortalı"", ""profit_share_rate"": 3.09, ""source_text"": ""72 | 3,09% | 0,50% | 4,66% | 72,74%""}, {""allocation_fee_rate"": 0.5, ""annual_total_cost_rate"": 65.61, ""maturity_months"": 120, ""monthly_total_cost_rate"": 4.29, ""pricing_variant"": ""Mevcut Konut · Sigortalı"", ""profit_share_rate"": 2.95, ""source_text"": ""120 | 2,95% | 0,50% | 4,29% | 65,61%""}, {""allocation_fee_rate"": 0.5, ""annual_total_cost_rate"": 630.77, ""maturity_months"": 3, ""monthly_total_cost_rate"": 18.03, ""pricing_variant"": ""Mevcut Konut · Sigortasız"", ""profit_share_rate"": 4.42, ""source_text"": ""3 | 4,42% | 0,50% | 18,03% | 630,77%""}, {""allocation_fee_rate"": 0.5, ""annual_total_cost_rate"": 311.53, ""maturity_months"": 6, ""monthly_total_cost_rate"": 12.51, ""pricing_variant"": ""Mevcut Konut · Sigortasız"", ""profit_share_rate"": 4.38, ""source_text"": ""6 | 4,38% | 0,50% | 12,51% | 311,53%""}, {""allocation_fee_rate"": 0.5, ""annual_total_cost_rate"": 183.23, ""maturity_months"": 12, ""monthly_total_cost_rate"": 9.06, ""pricing_variant"": ""Mevcut Konut · Sigortasız"", ""profit_share_rate"": 4.23, ""source_text"": ""12 | 4,23% | 0,50% | 9,06% | 183,23%""}, {""allocation_fee_rate"": 0.5, ""annual_total_cost_rate"": 147.35, ""maturity_months"": 18, ""monthly_total_cost_rate"": 7.84, ""pricing_variant"": ""Mevcut Konut · Sigortasız"", ""profit_share_rate"": 4.19, ""source_text"": ""18 | 4,19% | 0,50% | 7,84% | 147,35%""}, {""allocation_fee_rate"": 0.5, ""annual_total_cost_rate"": 130.08, ""maturity_months"": 24, ""monthly_total_cost_rate"": 7.19, ""pricing_variant"": ""Mevcut Konut · Sigortasız"", ""profit_share_rate"": 4.15, ""source_text"": ""24 | 4,15% | 0,50% | 7,19% | 130,08%""}, {""allocation_fee_rate"": 0.5, ""annual_total_cost_rate"": 112.14, ""maturity_months"": 36, ""monthly_total_cost_rate"": 6.47, ""pricing_variant"": ""Mevcut Konut · Sigortasız"", ""profit_share_rate"": 4.04, ""source_text"": ""36 | 4,04% | 0,50% | 6,47% | 112,14%""}, {""allocation_fee_rate"": 0.5, ""annual_total_cost_rate"": 104.32, ""maturity_months"": 48, ""monthly_total_cost_rate"": 6.14, ""pricing_variant"": ""Mevcut Konut · Sigortasız"", ""profit_share_rate"": 4.0, ""source_text"": ""48 | 4,00% | 0,50% | 6,14% | 104,32%""}, {""allocation_fee_rate"": 0.5, ""annual_total_cost_rate"": 95.26, ""maturity_months"": 59, ""monthly_total_cost_rate"": 5.73, ""pricing_variant"": ""Mevcut Konut · Sigortasız"", ""profit_share_rate"": 3.81, ""source_text"": ""59 | 3,81% | 0,50% | 5,73% | 95,26%""}, {""allocation_fee_rate"": 0.5, ""annual_total_cost_rate"": 85.5, ""maturity_months"": 72, ""monthly_total_cost_rate"": 5.28, ""pricing_variant"": ""Mevcut Konut · Sigortasız"", ""profit_share_rate"": 3.55, ""source_text"": ""72 | 3,55% | 0,50% | 5,28% | 85,50%""}, {""allocation_fee_rate"": 0.5, ""annual_total_cost_rate"": 78.32, ""maturity_months"": 120, ""monthly_total_cost_rate"": 4.94, ""pricing_variant"": ""Mevcut Konut · Sigortasız"", ""profit_share_rate"": 3.41, ""source_text"": ""120 | 3,41% | 0,50% | 4,94% | 78,32%""}]}",https://www.turkiyefinans.com.tr/tr-tr/bireysel/konut-finansmani/Sayfalar/konut-finansmani.aspx
629,Türkiye Finans,leasing,Leasing,Leasing,ticari,https://www.turkiyefinans.com.tr/tr-tr/ticari/nakdi-finansman/Sayfalar/nakdi-finansman.aspx,,,,,,,0,,2026-08-12T11:10:15+00:00,2026-08-13T11:10:38+00:00,,,,,,,,,,,,,,0,0,0,,,,"{""amount_maturity_rules"": [], ""category_rules"": [], ""fee_rules"": [], ""offer_rules"": [], ""pricing_tiers"": []}",https://www.turkiyefinans.com.tr/tr-tr/ticari/nakdi-finansman/Sayfalar/leasing.aspx
630,Türkiye Finans,tarim_finansmani,Tarım Finansmanı,"Elektronik Ürün Senedi (ELÜS) ile Mahsulün Depoda, Finansmanın Cebinde",ticari,https://www.turkiyefinans.com.tr/tr-tr/ticari/nakdi-finansman/Sayfalar/nakdi-finansman.aspx,,,,,,,0,,2026-08-12T11:10:15+00:00,2026-08-13T11:10:38+00:00,,,,,,,,,,,,,,0,0,0,,,,"{""amount_maturity_rules"": [], ""category_rules"": [], ""fee_rules"": [], ""offer_rules"": [], ""pricing_tiers"": []}",https://www.turkiyefinans.com.tr/tr-tr/ticari/nakdi-finansman/Sayfalar/elektronik-urun-senedi.aspx
623,Türkiye Finans,ticari_finansman,Ticari Finansman,Dijital Taksitli Ticari Finansman Desteği,ticari,https://www.turkiyefinans.com.tr/tr-tr/kobi/Sayfalar/dijital-taksitli-ticari-finansman-destegi.aspx,,,,,,,0,,2026-08-12T11:10:16+00:00,2026-08-13T11:10:38+00:00,,,,,,,,,,,,,,0,0,0,,,,"{""amount_maturity_rules"": [], ""category_rules"": [], ""fee_rules"": [], ""offer_rules"": [], ""pricing_tiers"": []}",https://www.turkiyefinans.com.tr/tr-tr/kobi/Sayfalar/dijital-taksitli-ticari-finansman-destegi.aspx
631,Türkiye Finans,ticari_finansman,Ticari Finansman,Esnek Destek Finansmanı,ticari,https://www.turkiyefinans.com.tr/tr-tr/ticari/nakdi-finansman/Sayfalar/nakdi-finansman.aspx,,,,,,,0,,2026-08-12T11:10:17+00:00,2026-08-13T11:10:38+00:00,,,,,,,,,,,,,,0,0,0,,,,"{""amount_maturity_rules"": [], ""category_rules"": [], ""fee_rules"": [], ""offer_rules"": [], ""pricing_tiers"": []}",https://www.turkiyefinans.com.tr/tr-tr/ticari/nakdi-finansman/Sayfalar/esnek-destek-finansmani.aspx
624,Türkiye Finans,ticari_finansman,Ticari Finansman,Finansman Desteği,ticari,https://www.turkiyefinans.com.tr/tr-tr/ticari/nakdi-finansman/Sayfalar/nakdi-finansman.aspx,,,,,,,0,,2026-08-12T11:10:17+00:00,2026-08-13T11:10:38+00:00,,,,,,,,,,,,,,0,0,0,,,,"{""amount_maturity_rules"": [], ""category_rules"": [], ""fee_rules"": [], ""offer_rules"": [], ""pricing_tiers"": []}",https://www.turkiyefinans.com.tr/tr-tr/ticari/nakdi-finansman/Sayfalar/finansman-destegi.aspx
632,Türkiye Finans,ticari_finansman,Ticari Finansman,Katılım Finans Kefalet,ticari,https://www.turkiyefinans.com.tr/tr-tr/ticari/nakdi-finansman/Sayfalar/nakdi-finansman.aspx,,,,,,,0,,2026-08-12T11:10:18+00:00,2026-08-13T11:10:38+00:00,,,,,,,,,,,,,,0,0,0,,,,"{""amount_maturity_rules"": [], ""category_rules"": [], ""fee_rules"": [], ""offer_rules"": [], ""pricing_tiers"": []}",https://www.turkiyefinans.com.tr/tr-tr/ticari/nakdi-finansman/Sayfalar/kgf-destekli-krediler.aspx
633,Türkiye Finans,ticari_finansman,Ticari Finansman,Taksitli Ticari Finansman,ticari,https://www.turkiyefinans.com.tr/tr-tr/ticari/nakdi-finansman/Sayfalar/nakdi-finansman.aspx,,,,,,,0,,2026-08-12T11:10:18+00:00,2026-08-13T11:10:38+00:00,,,,,,,,,,,,,,0,0,0,,,,"{""amount_maturity_rules"": [], ""category_rules"": [], ""fee_rules"": [], ""offer_rules"": [], ""pricing_tiers"": []}",https://www.turkiyefinans.com.tr/tr-tr/ticari/nakdi-finansman/Sayfalar/taksitli-ticari-finansman.aspx
625,Türkiye Finans,ihtiyac_finansmani,İhtiyaç Finansmanı,Dijital İhtiyaç Finansmanı (Dijital İhtiyaç Kredisi)*,bireysel,https://www.turkiyefinans.com.tr/tr-tr/bireysel/ihtiyac-finansmani/sayfalar/ihtiyac-finansmani.aspx,,,,36,,,0,,2026-08-12T11:10:19+00:00,2026-08-13T11:10:38+00:00,≤ 125.000 TL → 36 ay | 125.000–250.000 TL → 24 ay,250000.0,,,,,,,,,,,,0,0,0,,,,"{""amount_maturity_rules"": [{""max_amount"": 125000.0, ""max_inclusive"": true, ""max_maturity_months"": 36, ""min_amount"": null, ""min_inclusive"": false, ""source_text"": ""125.000 TL’ ye kadar olması durumunda maksimum vade 36 ay""}, {""max_amount"": 250000.0, ""max_inclusive"": true, ""max_maturity_months"": 24, ""min_amount"": null, ""min_inclusive"": false, ""source_text"": ""250.000 TL’ ye kadar olması durumunda maksimum vade 24 ay""}, {""max_amount"": null, ""max_inclusive"": true, ""max_maturity_months"": 12, ""min_amount"": 0.0, ""min_inclusive"": false, ""source_text"": ""000 TL’den fazla olması durumunda maksimum vade 12 ay""}, {""max_amount"": 250000.0, ""max_inclusive"": true, ""max_maturity_months"": 24, ""min_amount"": 125000.0, ""min_inclusive"": false, ""source_text"": ""125.000 - 250.000 TL’ ye kadar olması durumunda maksimum vade 24 ay""}], ""category_rules"": [], ""fee_rules"": [{""amount"": null, ""fee_label"": ""Tahsis Ücreti"", ""fee_type"": ""allocation"", ""note"": ""Kaynak maliyet tablosu veya açık tahsis ücreti ifadesinden çıkarıldı."", ""rate"": 0.5, ""waived"": false}], ""offer_rules"": [], ""pricing_tiers"": [{""allocation_fee_rate"": 0.5, ""annual_total_cost_rate"": 96.05, ""maturity_months"": 3, ""monthly_total_cost_rate"": 5.77, ""pricing_variant"": ""Sigortalı"", ""profit_share_rate"": 4.2, ""source_text"": ""3 | 4,20% | 0,50% | 5,77% | 96,05%""}, {""allocation_fee_rate"": 0.5, ""annual_total_cost_rate"": 90.09, ""maturity_months"": 12, ""monthly_total_cost_rate"": 5.5, ""pricing_variant"": ""Sigortalı"", ""profit_share_rate"": 4.15, ""source_text"": ""12 | 4,15% | 0,50% | 5,50% | 90,09%""}, {""allocation_fee_rate"": 0.5, ""annual_total_cost_rate"": 88.07, ""maturity_months"": 18, ""monthly_total_cost_rate"": 5.4, ""pricing_variant"": ""Sigortalı"", ""profit_share_rate"": 4.1, ""source_text"": ""18 | 4,10% | 0,50% | 5,40% | 88,07%""}, {""allocation_fee_rate"": 0.5, ""annual_total_cost_rate"": 86.37, ""maturity_months"": 24, ""monthly_total_cost_rate"": 5.33, ""pricing_variant"": ""Sigortalı"", ""profit_share_rate"": 4.05, ""source_text"": ""24 | 4,05% | 0,50% | 5,33% | 86,37%""}, {""allocation_fee_rate"": 0.5, ""annual_total_cost_rate"": 84.71, ""maturity_months"": 35, ""monthly_total_cost_rate"": 5.25, ""pricing_variant"": ""Sigortalı"", ""profit_share_rate"": 4.0, ""source_text"": ""35 | 4,00% | 0,50% | 5,25% | 84,71%""}, {""allocation_fee_rate"": 0.5, ""annual_total_cost_rate"": 79.27, ""maturity_months"": 36, ""monthly_total_cost_rate"": 4.98, ""pricing_variant"": ""Sigortalı"", ""profit_share_rate"": 3.8, ""source_text"": ""36 | 3,80% | 0,50% | 4,98% | 79,27%""}, {""allocation_fee_rate"": 0.5, ""annual_total_cost_rate"": 158.9, ""maturity_months"": 3, ""monthly_total_cost_rate"": 8.25, ""pricing_variant"": ""Sigortasız"", ""profit_share_rate"": 6.1, ""source_text"": ""3 | 6,10% | 0,50% | 8,25% | 158,90%""}, {""allocation_fee_rate"": 0.5, ""annual_total_cost_rate"": 151.15, ""maturity_months"": 12, ""monthly_total_cost_rate"": 7.98, ""pricing_variant"": ""Sigortasız"", ""profit_share_rate"": 6.05, ""source_text"": ""12 | 6,05% | 0,50% | 7,98% | 151,15%""}, {""allocation_fee_rate"": 0.5, ""annual_total_cost_rate"": 148.55, ""maturity_months"": 18, ""monthly_total_cost_rate"": 7.88, ""pricing_variant"": ""Sigortasız"", ""profit_share_rate"": 6.0, ""source_text"": ""18 | 6,00% | 0,50% | 7,88% | 148,55%""}, {""allocation_fee_rate"": 0.5, ""annual_total_cost_rate"": 146.37, ""maturity_months"": 24, ""monthly_total_cost_rate"": 7.8, ""pricing_variant"": ""Sigortasız"", ""profit_share_rate"": 5.95, ""source_text"": ""24 | 5,95% | 0,50% | 7,80% | 146,37%""}, {""allocation_fee_rate"": 0.5, ""annual_total_cost_rate"": 144.25, ""maturity_months"": 35, ""monthly_total_cost_rate"": 7.73, ""pricing_variant"": ""Sigortasız"", ""profit_share_rate"": 5.9, ""source_text"": ""35 | 5,90% | 0,50% | 7,73% | 144,25%""}, {""allocation_fee_rate"": 0.5, ""annual_total_cost_rate"": 137.22, ""maturity_months"": 36, ""monthly_total_cost_rate"": 7.46, ""pricing_variant"": ""Sigortasız"", ""profit_share_rate"": 5.7, ""source_text"": ""36 | 5,70% | 0,50% | 7,46% | 137,22%""}]}",https://www.turkiyefinans.com.tr/tr-tr/bireysel/ihtiyac-finansmani/Sayfalar/dijital-ihtiyac-finansmani.aspx
626,Türkiye Finans,ihtiyac_finansmani,İhtiyaç Finansmanı,eXtra Limit,bireysel,https://www.turkiyefinans.com.tr/tr-tr/bireysel/ihtiyac-finansmani/sayfalar/ihtiyac-finansmani.aspx,,120000.0,,36,,,0,,2026-08-12T11:10:19+00:00,2026-08-13T11:10:38+00:00,,,,,,,,,,,,,,0,0,0,,,,"{""amount_maturity_rules"": [], ""category_rules"": [{""category_key"": ""cep_telefonu"", ""category_label"": ""Cep Telefonu"", ""condition_text"": ""≤ 20.000 TL"", ""max_amount"": 20000.0, ""max_inclusive"": true, ""max_installments"": 12, ""max_maturity_months"": null, ""min_amount"": null, ""min_inclusive"": false, ""source_text"": ""20.000 TL’ye kadar cep telefonu alımları 12, 20.000 TL üzeri cep telefonu alımları 3""}, {""category_key"": ""cep_telefonu"", ""category_label"": ""Cep Telefonu"", ""condition_text"": ""> 20.000 TL"", ""max_amount"": null, ""max_inclusive"": true, ""max_installments"": 3, ""max_maturity_months"": null, ""min_amount"": 20000.0, ""min_inclusive"": false, ""source_text"": ""20.000 TL’ye kadar cep telefonu alımları 12, 20.000 TL üzeri cep telefonu alımları 3""}, {""category_key"": ""tablet"", ""category_label"": ""Tablet"", ""condition_text"": ""Tüm tutarlar"", ""max_amount"": null, ""max_inclusive"": true, ""max_installments"": 6, ""max_maturity_months"": null, ""min_amount"": null, ""min_inclusive"": false, ""source_text"": ""20.000 TL’ye kadar cep telefonu alımları 12, 20.000 TL üzeri cep telefonu alımları 3, bilgisayar alımları 12, tablet alımları 6 taksit ile sınırlandırılmıştır.""}, {""category_key"": ""bilgisayar"", ""category_label"": ""Bilgisayar"", ""condition_text"": ""Maksimum 12 taksit"", ""max_amount"": null, ""max_inclusive"": true, ""max_installments"": 12, ""max_maturity_months"": null, ""min_amount"": null, ""min_inclusive"": false, ""source_text"": ""Bilgisayar alımları 12 taksit ile sınırlandırılmıştır.""}], ""fee_rules"": [{""amount"": null, ""fee_label"": ""Tahsis Ücreti"", ""fee_type"": ""allocation"", ""note"": ""Kaynak maliyet tablosu veya açık tahsis ücreti ifadesinden çıkarıldı."", ""rate"": 0.5, ""waived"": false}], ""offer_rules"": [{""condition_text"": ""Genel azami vade: 36 ay"", ""interest_free"": false, ""max_amount"": null, ""max_inclusive"": true, ""max_installments"": null, ""max_maturity_months"": 36, ""min_amount"": null, ""min_inclusive"": false, ""rule_label"": ""Ürüne Özel Finansman Koşulu"", ""rule_type"": ""product_offer"", ""source_text"": ""36 aya varan vadeler""}, {""condition_text"": ""Minimum taksitlendirme tutarı 100 TL · 100 TL altı harcamalar peşin yansıtılır · Ödedikçe limit yeniden kullanıma açılır"", ""interest_free"": false, ""max_amount"": null, ""max_inclusive"": true, ""max_installments"": null, ""max_maturity_months"": null, ""min_amount"": null, ""min_inclusive"": false, ""rule_label"": ""Ürüne Özel Finansman Koşulu"", ""rule_type"": ""product_offer"", ""source_text"": ""Minimum taksitlendirme tutarı 100 TL’dir.""}], ""pricing_tiers"": [{""allocation_fee_rate"": 0.5, ""annual_total_cost_rate"": 98.67, ""maturity_months"": 3, ""monthly_total_cost_rate"": 5.89, ""pricing_variant"": ""eXtra Limit Maliyet Tablosu"", ""profit_share_rate"": 4.29, ""source_text"": ""3 | 4,29% | 0,50% | 5,89% | 98,67%""}, {""allocation_fee_rate"": 0.5, ""annual_total_cost_rate"": 91.22, ""maturity_months"": 12, ""monthly_total_cost_rate"": 5.55, ""pricing_variant"": ""eXtra Limit Maliyet Tablosu"", ""profit_share_rate"": 4.19, ""source_text"": ""12 | 4,19% | 0,50% | 5,55% | 91,22%""}, {""allocation_fee_rate"": 0.5, ""annual_total_cost_rate"": 88.88, ""maturity_months"": 24, ""monthly_total_cost_rate"": 5.44, ""pricing_variant"": ""eXtra Limit Maliyet Tablosu"", ""profit_share_rate"": 4.14, ""source_text"": ""24 | 4,14% | 0,50% | 5,44% | 88,88%""}, {""allocation_fee_rate"": 0.5, ""annual_total_cost_rate"": 87.18, ""maturity_months"": 36, ""monthly_total_cost_rate"": 5.36, ""pricing_variant"": ""eXtra Limit Maliyet Tablosu"", ""profit_share_rate"": 4.09, ""source_text"": ""36 | 4,09% | 0,50% | 5,36% | 87,18%""}]}",https://www.turkiyefinans.com.tr/tr-tr/bireysel/ihtiyac-finansmani/Sayfalar/extra-limit.aspx
627,Türkiye Finans,ihtiyac_finansmani,İhtiyaç Finansmanı,İhtiyaç Finansmanı (İhtiyaç Kredisi)*,bireysel,https://www.turkiyefinans.com.tr/tr-tr/bireysel/ihtiyac-finansmani/sayfalar/ihtiyac-finansmani.aspx,,,,36,,,0,,2026-08-12T11:10:20+00:00,2026-08-13T11:10:38+00:00,≤ 125.000 TL → 36 ay | 125.000–250.000 TL → 24 ay,250000.0,,,,,,,,,,,,0,0,0,,,,"{""amount_maturity_rules"": [{""max_amount"": 125000.0, ""max_inclusive"": true, ""max_maturity_months"": 36, ""min_amount"": null, ""min_inclusive"": false, ""source_text"": ""125.000 TL’ ye kadar olması durumunda maksimum vade 36 ay""}, {""max_amount"": 250000.0, ""max_inclusive"": true, ""max_maturity_months"": 24, ""min_amount"": null, ""min_inclusive"": false, ""source_text"": ""250.000 TL’ ye kadar olması durumunda maksimum vade 24 ay""}, {""max_amount"": 250000.0, ""max_inclusive"": true, ""max_maturity_months"": 24, ""min_amount"": 125000.0, ""min_inclusive"": false, ""source_text"": ""125.000 - 250.000 TL’ ye kadar olması durumunda maksimum vade 24 ay""}, {""max_amount"": null, ""max_inclusive"": true, ""max_maturity_months"": 12, ""min_amount"": 250000.0, ""min_inclusive"": false, ""source_text"": ""250.000 TL’den fazla olması durumunda maksimum vade 12 ay""}], ""category_rules"": [], ""fee_rules"": [{""amount"": null, ""fee_label"": ""Tahsis Ücreti"", ""fee_type"": ""allocation"", ""note"": ""Kaynak maliyet tablosu veya açık tahsis ücreti ifadesinden çıkarıldı."", ""rate"": 0.5, ""waived"": false}], ""offer_rules"": [], ""pricing_tiers"": [{""allocation_fee_rate"": 0.5, ""annual_total_cost_rate"": 158.9, ""maturity_months"": 3, ""monthly_total_cost_rate"": 8.25, ""pricing_variant"": ""Sigortasız"", ""profit_share_rate"": 6.1, ""source_text"": ""3 | 6,10% | 0,50% | 8,25% | 158,90%""}, {""allocation_fee_rate"": 0.5, ""annual_total_cost_rate"": 151.15, ""maturity_months"": 12, ""monthly_total_cost_rate"": 7.98, ""pricing_variant"": ""Sigortasız"", ""profit_share_rate"": 6.05, ""source_text"": ""12 | 6,05% | 0,50% | 7,98% | 151,15%""}, {""allocation_fee_rate"": 0.5, ""annual_total_cost_rate"": 148.55, ""maturity_months"": 18, ""monthly_total_cost_rate"": 7.88, ""pricing_variant"": ""Sigortasız"", ""profit_share_rate"": 6.0, ""source_text"": ""18 | 6,00% | 0,50% | 7,88% | 148,55%""}, {""allocation_fee_rate"": 0.5, ""annual_total_cost_rate"": 146.37, ""maturity_months"": 24, ""monthly_total_cost_rate"": 7.8, ""pricing_variant"": ""Sigortasız"", ""profit_share_rate"": 5.95, ""source_text"": ""24 | 5,95% | 0,50% | 7,80% | 146,37%""}, {""allocation_fee_rate"": 0.5, ""annual_total_cost_rate"": 144.25, ""maturity_months"": 35, ""monthly_total_cost_rate"": 7.73, ""pricing_variant"": ""Sigortasız"", ""profit_share_rate"": 5.9, ""source_text"": ""35 | 5,90% | 0,50% | 7,73% | 144,25%""}, {""allocation_fee_rate"": 0.5, ""annual_total_cost_rate"": 137.22, ""maturity_months"": 36, ""monthly_total_cost_rate"": 7.46, ""pricing_variant"": ""Sigortasız"", ""profit_share_rate"": 5.7, ""source_text"": ""36 | 5,70% | 0,50% | 7,46% | 137,22%""}, {""allocation_fee_rate"": 0.5, ""annual_total_cost_rate"": 96.05, ""maturity_months"": 3, ""monthly_total_cost_rate"": 5.77, ""pricing_variant"": ""Sigortalı"", ""profit_share_rate"": 4.2, ""source_text"": ""3 | %4,20 | %0,50 | %5,77 | %96,05""}, {""allocation_fee_rate"": 0.5, ""annual_total_cost_rate"": 90.09, ""maturity_months"": 12, ""monthly_total_cost_rate"": 5.5, ""pricing_variant"": ""Sigortalı"", ""profit_share_rate"": 4.15, ""source_text"": ""12 | %4,15 | %0,50 | %5,50 | %90,09""}, {""allocation_fee_rate"": 0.5, ""annual_total_cost_rate"": 88.07, ""maturity_months"": 18, ""monthly_total_cost_rate"": 5.4, ""pricing_variant"": ""Sigortalı"", ""profit_share_rate"": 4.1, ""source_text"": ""18 | %4,10 | %0,50 | %5,40 | %88,07""}, {""allocation_fee_rate"": 0.5, ""annual_total_cost_rate"": 86.37, ""maturity_months"": 24, ""monthly_total_cost_rate"": 5.33, ""pricing_variant"": ""Sigortalı"", ""profit_share_rate"": 4.05, ""source_text"": ""24 | %4,05 | %0,50 | %5,33 | %86,37""}, {""allocation_fee_rate"": 0.5, ""annual_total_cost_rate"": 84.71, ""maturity_months"": 35, ""monthly_total_cost_rate"": 5.25, ""pricing_variant"": ""Sigortalı"", ""profit_share_rate"": 4.0, ""source_text"": ""35 | %4,00 | %0,50 | %5,25 | %84,71""}, {""allocation_fee_rate"": 0.5, ""annual_total_cost_rate"": 79.27, ""maturity_months"": 36, ""monthly_total_cost_rate"": 4.98, ""pricing_variant"": ""Sigortalı"", ""profit_share_rate"": 3.8, ""source_text"": ""36 | %3,80 | %0,50 | %4,98 | %79,27""}]}",https://www.turkiyefinans.com.tr/tr-tr/bireysel/ihtiyac-finansmani/Sayfalar/ihtiyac-finansmani.aspx
628,Türkiye Finans,isyeri_finansmani,İş Yeri Finansmanı,İş yeri Finansmanı (İş yeri Kredisi)*,bireysel,https://www.turkiyefinans.com.tr/tr-tr/bireysel/Sayfalar/default.aspx,,,,84,,,0,,2026-08-12T11:10:21+00:00,2026-08-13T11:10:38+00:00,,,,,,,,,,,,,,0,0,0,,,,"{""amount_maturity_rules"": [], ""category_rules"": [], ""fee_rules"": [{""amount"": null, ""fee_label"": ""Tahsis Ücreti"", ""fee_type"": ""allocation"", ""note"": ""Kaynak maliyet tablosu veya açık tahsis ücreti ifadesinden çıkarıldı."", ""rate"": 0.5, ""waived"": false}], ""offer_rules"": [{""condition_text"": ""Genel azami vade: 84 ay"", ""interest_free"": false, ""max_amount"": null, ""max_inclusive"": true, ""max_installments"": null, ""max_maturity_months"": 84, ""min_amount"": null, ""min_inclusive"": false, ""rule_label"": ""Ürüne Özel Finansman Koşulu"", ""rule_type"": ""product_offer"", ""source_text"": ""Finansmanın maksimum vadesi 84 ay""}], ""pricing_tiers"": [{""allocation_fee_rate"": 0.5, ""annual_total_cost_rate"": 700.08, ""maturity_months"": 3, ""monthly_total_cost_rate"": 18.92, ""pricing_variant"": ""Sigortalı"", ""profit_share_rate"": 4.46, ""source_text"": ""3 | 4,46% | 0,50% | 18,92% | 700,08%""}, {""allocation_fee_rate"": 0.5, ""annual_total_cost_rate"": 349.99, ""maturity_months"": 6, ""monthly_total_cost_rate"": 13.35, ""pricing_variant"": ""Sigortalı"", ""profit_share_rate"": 4.42, ""source_text"": ""6 | 4,42% | 0,50% | 13,35% | 349,99%""}, {""allocation_fee_rate"": 0.5, ""annual_total_cost_rate"": 208.95, ""maturity_months"": 12, ""monthly_total_cost_rate"": 9.86, ""pricing_variant"": ""Sigortalı"", ""profit_share_rate"": 4.27, ""source_text"": ""12 | 4,27% | 0,50% | 9,86% | 208,95%""}, {""allocation_fee_rate"": 0.5, ""annual_total_cost_rate"": 169.75, ""maturity_months"": 18, ""monthly_total_cost_rate"": 8.62, ""pricing_variant"": ""Sigortalı"", ""profit_share_rate"": 4.23, ""source_text"": ""18 | 4,23% | 0,50% | 8,62% | 169,75%""}, {""allocation_fee_rate"": 0.5, ""annual_total_cost_rate"": 150.89, ""maturity_months"": 24, ""monthly_total_cost_rate"": 7.97, ""pricing_variant"": ""Sigortalı"", ""profit_share_rate"": 4.19, ""source_text"": ""24 | 4,19% | 0,50% | 7,97% | 150,89%""}, {""allocation_fee_rate"": 0.5, ""annual_total_cost_rate"": 131.2, ""maturity_months"": 36, ""monthly_total_cost_rate"": 7.23, ""pricing_variant"": ""Sigortalı"", ""profit_share_rate"": 4.08, ""source_text"": ""36 | 4,08% | 0,50% | 7,23% | 131,20%""}, {""allocation_fee_rate"": 0.5, ""annual_total_cost_rate"": 122.81, ""maturity_months"": 48, ""monthly_total_cost_rate"": 6.9, ""pricing_variant"": ""Sigortalı"", ""profit_share_rate"": 4.04, ""source_text"": ""48 | 4,04% | 0,50% | 6,90% | 122,81%""}, {""allocation_fee_rate"": 0.5, ""annual_total_cost_rate"": 112.35, ""maturity_months"": 59, ""monthly_total_cost_rate"": 6.48, ""pricing_variant"": ""Sigortalı"", ""profit_share_rate"": 3.85, ""source_text"": ""59 | 3,85% | 0,50% | 6,48% | 112,35%""}, {""allocation_fee_rate"": 0.5, ""annual_total_cost_rate"": 99.71, ""maturity_months"": 84, ""monthly_total_cost_rate"": 5.93, ""pricing_variant"": ""Sigortalı"", ""profit_share_rate"": 3.59, ""source_text"": ""84 | 3,59% | 0,50% | 5,93% | 99,71%""}, {""allocation_fee_rate"": 0.5, ""annual_total_cost_rate"": 758.45, ""maturity_months"": 3, ""monthly_total_cost_rate"": 19.62, ""pricing_variant"": ""Sigortasız"", ""profit_share_rate"": 4.92, ""source_text"": ""3 | 4,92% | 0,50% | 19,62% | 758,45%""}, {""allocation_fee_rate"": 0.5, ""annual_total_cost_rate"": 383.58, ""maturity_months"": 6, ""monthly_total_cost_rate"": 14.04, ""pricing_variant"": ""Sigortasız"", ""profit_share_rate"": 4.88, ""source_text"": ""6 | 4,88% | 0,50% | 14,04% | 383,58%""}, {""allocation_fee_rate"": 0.5, ""annual_total_cost_rate"": 232.54, ""maturity_months"": 12, ""monthly_total_cost_rate"": 10.53, ""pricing_variant"": ""Sigortasız"", ""profit_share_rate"": 4.73, ""source_text"": ""12 | 4,73% | 0,50% | 10,53% | 232,54%""}, {""allocation_fee_rate"": 0.5, ""annual_total_cost_rate"": 190.66, ""maturity_months"": 18, ""monthly_total_cost_rate"": 9.3, ""pricing_variant"": ""Sigortasız"", ""profit_share_rate"": 4.69, ""source_text"": ""18 | 4,69% | 0,50% | 9,30% | 190,66%""}, {""allocation_fee_rate"": 0.5, ""annual_total_cost_rate"": 170.59, ""maturity_months"": 24, ""monthly_total_cost_rate"": 8.65, ""pricing_variant"": ""Sigortasız"", ""profit_share_rate"": 4.65, ""source_text"": ""24 | 4,65% | 0,50% | 8,65% | 170,59%""}, {""allocation_fee_rate"": 0.5, ""annual_total_cost_rate"": 149.77, ""maturity_months"": 36, ""monthly_total_cost_rate"": 7.93, ""pricing_variant"": ""Sigortasız"", ""profit_share_rate"": 4.54, ""source_text"": ""36 | 4,54% | 0,50% | 7,93% | 149,77%""}, {""allocation_fee_rate"": 0.5, ""annual_total_cost_rate"": 141.07, ""maturity_months"": 48, ""monthly_total_cost_rate"": 7.61, ""pricing_variant"": ""Sigortasız"", ""profit_share_rate"": 4.5, ""source_text"": ""48 | 4,50% | 0,50% | 7,61% | 141,07%""}, {""allocation_fee_rate"": 0.5, ""annual_total_cost_rate"": 130.02, ""maturity_months"": 59, ""monthly_total_cost_rate"": 7.19, ""pricing_variant"": ""Sigortasız"", ""profit_share_rate"": 4.31, ""source_text"": ""59 | 4,31% | 0,50% | 7,19% | 130,02%""}, {""allocation_fee_rate"": 0.5, ""annual_total_cost_rate"": 116.78, ""maturity_months"": 84, ""monthly_total_cost_rate"": 6.66, ""pricing_variant"": ""Sigortasız"", ""profit_share_rate"": 4.05, ""source_text"": ""84 | 4,05% | 0,50% | 6,66% | 116,78%""}]}",https://www.turkiyefinans.com.tr/tr-tr/bireysel/Sayfalar/isyeri-finansmani.aspx
